id,car_model,fuel_type,transmission,price,odo,year,khv,vdk,blg
0,Toyota Land Cruiser Prado,дизель,АКПП,4499000,80743.0,2017,1,0,0
1,Toyota Hilux,дизель,АКПП,3599000,104511.0,2016,1,0,0
2,Toyota Camry,гибрид,вариатор,1979000,121705.0,2016,1,0,0
3,Toyota Corolla Cross,гибрид,автомат,3249000,,2024,1,0,0
4,Toyota Corolla Cross,бензин,вариатор,3049000,,2024,1,0,0
5,Toyota Caldina,бензин,АКПП,689000,344058.0,2002,1,0,0
6,Toyota C-HR,гибрид,вариатор,2550000,60000.0,2020,1,0,0
7,Toyota Allion,бензин,АКПП,575000,210000.0,2003,1,0,0
8,Toyota Corolla Spacio,бензин,АКПП,245000,300.0,1997,1,0,0
9,Toyota C-HR,бензин,вариатор,1399000,43322.0,2016,1,0,0
10,Toyota Ractis,бензин,вариатор,949000,56839.0,2011,1,0,0
11,Toyota Corolla Fielder,бензин,вариатор,999000,182121.0,2015,1,0,0
12,Toyota Corolla Fielder,бензин,вариатор,1349000,23669.0,2015,1,0,0
13,Toyota Land Cruiser,дизель,АКПП,6700000,160000.0,2016,1,0,0
14,Toyota C-HR,бензин,вариатор,1780000,55400.0,2018,1,0,0
15,Toyota Passo,бензин,вариатор,650000,70000.0,2017,1,0,0
16,Toyota Camry,бензин,АКПП,2800000,151000.0,2019,1,0,0
17,Toyota Allion,бензин,вариатор,1400000,98000.0,2013,1,0,0
18,Toyota Mark II Wagon Qualis,бензин,АКПП,890000,240115.0,1999,1,0,0
19,Toyota Land Cruiser Prado,бензин,АКПП,7800000,31350.0,2021,1,0,0
20,Toyota Prius,гибрид,вариатор,1290000,205000.0,2012,1,0,0
21,Toyota Caldina,бензин,АКПП,95000,150000.0,1994,1,0,0
22,Toyota Prius Alpha,гибрид,вариатор,998000,208652.0,2013,1,0,0
23,Toyota Caldina,бензин,АКПП,400000,326000.0,2001,1,0,0
24,Toyota Ractis,бензин,вариатор,800000,73247.0,2013,1,0,0
25,Toyota Crown,бензин,АКПП,730000,200000.0,2001,1,0,0
26,Toyota Carina,бензин,АКПП,200000,280000.0,1995,1,0,0
27,Toyota Corolla Fielder,бензин,вариатор,1399000,28200.0,2018,1,0,0
28,Toyota Wish,бензин,вариатор,1299000,96885.0,2012,1,0,0
29,Toyota Corolla Axio,бензин,механика,979000,13623.0,2018,1,0,0
30,Toyota Raize,бензин,вариатор,1459000,22320.0,2022,1,0,0
31,Toyota Wish,бензин,вариатор,1099000,39753.0,2011,1,0,0
32,Toyota Sienta,бензин,вариатор,1199000,71940.0,2021,1,0,0
33,Toyota Land Cruiser,дизель,АКПП,7279000,144114.0,2018,1,0,0
34,Toyota Sprinter,бензин,механика,90000,455555.0,1995,1,0,0
35,Toyota Corolla Fielder,бензин,вариатор,1299000,81113.0,2018,1,0,0
36,Toyota Corolla Rumion,бензин,вариатор,949000,70377.0,2008,1,0,0
37,Toyota Hiace,дизель,АКПП,200000,555532.0,1993,1,0,0
38,Toyota Hilux,дизель,АКПП,5500000,36196.0,2021,1,0,0
39,Toyota Land Cruiser,дизель,АКПП,4100000,245357.0,2013,1,0,0
40,Toyota Harrier,бензин,вариатор,4700000,11500.0,2021,1,0,0
41,Toyota RAV4,бензин,автомат,1300000,200367.0,2012,1,0,0
42,Toyota Wish,бензин,вариатор,1940000,41000.0,2016,1,0,0
43,Toyota Corolla,бензин,механика,140000,200000.0,1991,1,0,0
44,Toyota Land Cruiser Prado,бензин,АКПП,8300000,14500.0,2021,1,0,0
45,Toyota Passo,бензин,вариатор,585000,100329.0,2014,1,0,0
46,Toyota Land Cruiser,дизель,АКПП,4300000,190000.0,1995,1,0,0
47,Toyota Hilux Surf,бензин,АКПП,2000000,301000.0,1999,1,0,0
48,Toyota Sprinter Carib,бензин,автомат,480000,122000.0,1992,1,0,0
49,Toyota RAV4,бензин,АКПП,150000,350000.0,1995,1,0,0
50,Toyota Prius,гибрид,вариатор,560000,267000.0,2008,1,0,0
51,Toyota Corolla,бензин,вариатор,1700000,135000.0,2020,1,0,0
52,Toyota Land Cruiser Prado,бензин,АКПП,1280000,355000.0,1997,1,0,0
53,Toyota Prius,гибрид,вариатор,1050000,202000.0,2014,1,0,0
54,Toyota Hiace,дизель,АКПП,290000,400000.0,1994,1,0,0
55,Toyota Corolla,бензин,вариатор,2800000,27000.0,2019,1,0,0
56,Toyota Vitz,бензин,АКПП,245000,250000.0,1999,1,0,0
57,Toyota Allion,бензин,АКПП,865000,288000.0,2007,1,0,0
58,Toyota Caldina,бензин,АКПП,375000,341000.0,1996,1,0,0
59,Toyota Alphard,гибрид,вариатор,3100000,192000.0,2015,1,0,0
60,Toyota Aqua,гибрид,вариатор,950000,90000.0,2015,1,0,0
61,Toyota Aqua,гибрид,вариатор,1200000,76000.0,2015,1,0,0
62,Toyota Harrier,бензин,АКПП,1000000,300000.0,1999,1,0,0
63,Toyota Camry,бензин,АКПП,3000000,82000.0,2019,1,0,0
64,Toyota Prius PHV,гибрид,вариатор,1850000,169000.0,2017,1,0,0
65,Toyota Allex,бензин,АКПП,460000,380000.0,2001,1,0,0
66,Toyota Ractis,бензин,вариатор,950000,95000.0,2013,1,0,0
67,Toyota Corolla Fielder,бензин,АКПП,600000,150000.0,2005,1,0,0
68,Toyota Town Ace,бензин,АКПП,600000,400000.0,2010,1,0,0
69,Toyota Corona,бензин,АКПП,260000,413754.0,1993,1,0,0
70,Toyota Prius,гибрид,вариатор,1100000,177000.0,2011,1,0,0
71,Toyota Chaser,бензин,механика,2300000,200000.0,1998,1,0,0
72,Toyota WiLL VS,бензин,АКПП,480000,250000.0,2003,1,0,0
73,Toyota Ractis,бензин,вариатор,800000,133360.0,2012,1,0,0
74,Toyota Land Cruiser,дизель,АКПП,5100000,218000.0,2014,1,0,0
75,Toyota Kluger V,бензин,АКПП,950000,247000.0,2001,1,0,0
76,Toyota Verossa,бензин,АКПП,800000,317827.0,2001,1,0,0
77,Toyota Prius,гибрид,вариатор,1750000,130000.0,2018,1,0,0
78,Toyota Celica,бензин,механика,595000,200000.0,2001,1,0,0
79,Toyota Land Cruiser Prado,бензин,АКПП,2950000,258710.0,2012,1,0,0
80,Toyota Harrier,бензин,АКПП,3750000,70000.0,2018,1,0,0
81,Toyota Venza,бензин,АКПП,1800000,170000.0,2013,1,0,0
82,Toyota Harrier,бензин,вариатор,3100000,60000.0,2020,1,0,0
83,Toyota Camry,бензин,АКПП,870000,228000.0,2004,1,0,0
84,Toyota Corolla Spacio,бензин,АКПП,400000,180000.0,1998,1,0,0
85,Toyota Land Cruiser Prado,бензин,АКПП,2150000,300000.0,2003,1,0,0
86,Toyota Fortuner,бензин,АКПП,2300000,190000.0,2012,1,0,0
87,Toyota Prius,гибрид,вариатор,1777777,93000.0,2017,1,0,0
88,Toyota Vitz,бензин,АКПП,565000,265000.0,2010,1,0,0
89,Toyota Land Cruiser,бензин,АКПП,1200000,621000.0,1997,1,0,0
90,Toyota Venza,бензин,АКПП,1600000,141500.0,2009,1,0,0
91,Toyota Gaia,бензин,АКПП,590000,174000.0,2001,1,0,0
92,Toyota Rush,бензин,АКПП,1050000,165000.0,2010,1,0,0
93,Toyota Harrier,бензин,АКПП,1050000,355000.0,2001,1,0,0
94,Toyota Raize,бензин,вариатор,1785000,42000.0,2019,1,0,0
95,Toyota Caldina,бензин,АКПП,355000,365000.0,1995,1,0,0
96,Toyota Probox,гибрид,вариатор,1420000,127000.0,2019,1,0,0
97,Toyota Camry,гибрид,вариатор,3200000,100000.0,2018,1,0,0
98,Toyota Harrier,гибрид,вариатор,4600000,61000.0,2020,1,0,0
99,Toyota Harrier,бензин,АКПП,1600000,175000.0,2007,1,0,0
100,Toyota Probox,бензин,АКПП,550000,303460.0,2003,1,0,0
101,Toyota Auris,бензин,вариатор,1100000,132000.0,2014,1,0,0
102,Toyota Prius,гибрид,вариатор,800000,140000.0,2011,1,0,0
103,Toyota Kluger V,бензин,АКПП,1000000,300000.0,2003,1,0,0
104,Toyota Prius,гибрид,вариатор,1550000,190000.0,2016,1,0,0
105,Toyota Land Cruiser,дизель,АКПП,2400000,199750.0,1997,1,0,0
106,Toyota Prius,гибрид,вариатор,700000,279147.0,2009,1,0,0
107,Toyota RAV4,бензин,вариатор,1800000,180000.0,2013,1,0,0
108,Toyota Belta,бензин,вариатор,440000,175000.0,2005,1,0,0
109,Toyota Corolla,бензин,механика,1200000,280000.0,2013,1,0,0
110,Toyota Sienta,бензин,вариатор,1650000,41982.0,2018,1,0,0
111,Toyota Carina,бензин,АКПП,255000,187.0,1992,1,0,0
112,Toyota Premio,бензин,АКПП,650000,225522.0,2006,1,0,0
113,Toyota Auris,бензин,вариатор,700000,287000.0,2006,1,0,0
114,Toyota Premio,бензин,вариатор,1050000,179000.0,2010,1,0,0
115,Toyota Corolla Fielder,бензин,вариатор,900000,180000.0,2012,1,0,0
116,Toyota Prius Alpha,гибрид,вариатор,1490000,218000.0,2015,1,0,0
117,Toyota Wish,бензин,вариатор,1250000,135000.0,2011,1,0,0
118,Toyota Aqua,гибрид,вариатор,950000,84000.0,2016,1,0,0
119,Toyota Progres,бензин,автомат,700000,360000.0,1994,1,0,0
120,Toyota Camry,гибрид,вариатор,1975000,150000.0,2015,1,0,0
121,Toyota Corolla Fielder,гибрид,вариатор,1040000,180000.0,2013,1,0,0
122,Toyota Allion,бензин,АКПП,660000,396000.0,2004,1,0,0
123,Toyota Harrier,бензин,АКПП,950000,280000.0,2001,1,0,0
124,Toyota Passo,бензин,вариатор,630000,95000.0,2014,1,0,0
125,Toyota Prius Alpha,гибрид,вариатор,1250000,213000.0,2014,1,0,0
126,Toyota Corolla Fielder,бензин,вариатор,1537000,93000.0,2021,1,0,0
127,Toyota Prius,гибрид,вариатор,830000,275000.0,2005,1,0,0
128,Toyota Fortuner,бензин,АКПП,2559000,150000.0,2013,1,0,0
129,Toyota Ipsum,бензин,автомат,500000,347600.0,1988,1,0,0
130,Toyota Camry,бензин,АКПП,795000,240000.0,2002,1,0,0
131,Toyota Alphard,бензин,вариатор,2500000,130000.0,2013,1,0,0
132,Toyota Land Cruiser Prado,дизель,АКПП,6359000,47000.0,2019,1,0,0
133,Toyota Vitz,бензин,вариатор,450000,291000.0,2010,1,0,0
134,Toyota C-HR,гибрид,вариатор,2450000,67740.0,2019,1,0,0
135,Toyota RAV4,бензин,вариатор,4000000,19054.0,2021,1,0,0
136,Toyota Harrier,бензин,вариатор,2790000,112000.0,2018,1,0,0
137,Toyota Sienta,бензин,вариатор,660000,133000.0,2010,1,0,0
138,Toyota Harrier,бензин,вариатор,2650000,71000.0,2018,1,0,0
139,Toyota Corolla,бензин,АКПП,140000,327041.0,1993,1,0,0
140,Toyota Aqua,гибрид,вариатор,850000,180000.0,2015,1,0,0
141,Toyota Town Ace,бензин,механика,220000,185000.0,2001,1,0,0
142,Toyota Mark II,бензин,АКПП,820000,330000.0,2004,1,0,0
143,Toyota Sprinter Trueno,бензин,механика,1500000,111111.0,1996,1,0,0
144,Toyota C-HR,гибрид,вариатор,2200000,107000.0,2019,1,0,0
145,Toyota Land Cruiser Prado,бензин,АКПП,2000000,355000.0,2004,1,0,0
146,Toyota Vitz,бензин,вариатор,950000,90000.0,2019,1,0,0
147,Toyota Corolla Fielder,гибрид,вариатор,1350000,228000.0,2017,1,0,0
148,Toyota Ractis,бензин,вариатор,620000,240000.0,2006,1,0,0
149,Toyota Vista,бензин,АКПП,430000,290000.0,1991,1,0,0
150,Toyota Raum,бензин,АКПП,445000,352000.0,2003,1,0,0
151,Toyota Mark II,бензин,АКПП,850000,172052.0,2001,1,0,0
152,Toyota Prius,гибрид,вариатор,1649000,105000.0,2017,1,0,0
153,Toyota Corona Premio,бензин,АКПП,370000,272000.0,1997,1,0,0
154,Toyota Vista,дизель,автомат,220000,200000.0,1991,1,0,0
155,Toyota C-HR,гибрид,вариатор,1670000,117000.0,2018,1,0,0
156,Toyota RAV4,бензин,АКПП,1290000,92800.0,2008,1,0,0
157,Toyota Noah,бензин,вариатор,2650000,38000.0,2020,1,0,0
158,Toyota Harrier,бензин,вариатор,2450000,140000.0,2017,1,0,0
159,Toyota Voltz,бензин,АКПП,650000,200000.0,2002,1,0,0
160,Toyota Prius,гибрид,вариатор,1450000,145000.0,2015,1,0,0
161,Toyota Camry,гибрид,вариатор,3050000,87000.0,2020,1,0,0
162,Toyota Tank,бензин,вариатор,820000,125000.0,2017,1,0,0
163,Toyota Corolla,бензин,АКПП,170000,351357.0,1992,1,0,0
164,Toyota C-HR,гибрид,вариатор,2150000,52000.0,2019,1,0,0
165,Toyota Prius,гибрид,вариатор,1700000,190000.0,2017,1,0,0
166,Toyota RAV4,бензин,АКПП,3950000,75000.0,2019,1,0,0
167,Toyota Premio,бензин,вариатор,1540000,61000.0,2012,1,0,0
168,Toyota Harrier,бензин,АКПП,1200000,221000.0,2003,1,0,0
169,Toyota Avensis,бензин,АКПП,700000,204000.0,2007,1,0,0
170,Toyota Land Cruiser Prado,бензин,АКПП,4280000,70000.0,2018,1,0,0
171,Toyota Corolla Axio,бензин,вариатор,670000,280000.0,2007,1,0,0
172,Toyota Crown,бензин,АКПП,130000,150000.0,1997,1,0,0
173,Toyota Aristo,бензин,АКПП,1400000,200000.0,1998,1,0,0
174,Toyota Prius,гибрид,вариатор,650000,240000.0,2008,1,0,0
175,Toyota Prius,гибрид,вариатор,1800000,136000.0,2017,1,0,0
176,Toyota Vista Ardeo,бензин,АКПП,470000,300000.0,1999,1,0,0
177,Toyota Harrier,бензин,АКПП,1450000,200000.0,2004,1,0,0
178,Toyota Vitz,бензин,вариатор,550000,111000.0,2008,1,0,0
179,Toyota Rush,бензин,механика,430000,359000.0,2006,1,0,0
180,Toyota Estima,бензин,АКПП,900000,315000.0,2002,1,0,0
181,Toyota ist,бензин,АКПП,580000,223758.0,2002,1,0,0
182,Toyota Corolla Fielder,бензин,вариатор,1100000,282000.0,2007,1,0,0
183,Toyota Caldina,бензин,АКПП,550000,302582.0,2003,1,0,0
184,Toyota Corona,бензин,АКПП,400000,195000.0,1992,1,0,0
185,Toyota Land Cruiser,дизель,механика,1950000,294400.0,2005,1,0,0
186,Toyota C-HR,бензин,вариатор,1999000,17500.0,2017,1,0,0
187,Toyota Vanguard,бензин,вариатор,1300000,180000.0,2010,1,0,0
188,Toyota Premio,бензин,АКПП,750000,195234.0,2005,1,0,0
189,Toyota Allion,бензин,вариатор,1300000,160000.0,2013,1,0,0
190,Toyota Allion,бензин,вариатор,850000,166000.0,2008,1,0,0
191,Toyota Hilux,дизель,механика,2200000,223000.0,2012,1,0,0
192,Toyota Aqua,гибрид,вариатор,1250000,60000.0,2017,1,0,0
193,Toyota Passo,бензин,вариатор,1037000,32000.0,2017,1,0,0
194,Toyota Voxy,бензин,вариатор,2595000,180000.0,2014,1,0,0
195,Toyota Prius,гибрид,вариатор,780000,155000.0,2010,1,0,0
196,Toyota Premio,бензин,вариатор,1000000,340000.0,2009,1,0,0
197,Toyota Corolla Rumion,бензин,вариатор,1050000,132000.0,2010,1,0,0
198,Toyota Belta,бензин,вариатор,560000,262845.0,2009,1,0,0
199,Toyota iQ,бензин,механика,897000,116000.0,2011,1,0,0
200,Toyota Corona,бензин,АКПП,400000,300000.0,1994,1,0,0
201,Toyota Corolla,бензин,механика,450000,230000.0,2004,1,0,0
202,Toyota Harrier,бензин,АКПП,2950000,60000.0,2019,1,0,0
203,Toyota Mark II,бензин,АКПП,330000,450000.0,1994,1,0,0
204,Toyota Corolla Runx,бензин,АКПП,450000,341000.0,2003,1,0,0
205,Toyota Prius,гибрид,вариатор,600000,38887.0,2008,1,0,0
206,Toyota Harrier,бензин,вариатор,2600000,108000.0,2017,1,0,0
207,Toyota Prius,гибрид,вариатор,1250000,127166.0,2013,1,0,0
208,Toyota Premio,бензин,вариатор,1130000,262000.0,2010,1,0,0
209,Toyota Corolla Fielder,бензин,вариатор,1350000,75000.0,2010,1,0,0
210,Toyota Corolla,бензин,механика,220000,235000.0,1988,1,0,0
211,Toyota Mark II,бензин,АКПП,400000,10000.0,1997,1,0,0
212,Toyota Hilux Surf,бензин,АКПП,1650000,250000.0,1997,1,0,0
213,Toyota Probox,бензин,вариатор,990000,110000.0,2018,1,0,0
214,Toyota Corolla Fielder,бензин,вариатор,920000,155000.0,2011,1,0,0
215,Toyota Prius Alpha,гибрид,вариатор,1700000,151000.0,2015,1,0,0
216,Toyota Corolla Spacio,бензин,АКПП,500000,10000.0,2001,1,0,0
217,Toyota Corolla Fielder,бензин,вариатор,800000,240000.0,2011,1,0,0
218,Toyota Land Cruiser Prado,дизель,АКПП,5000000,56000.0,2018,1,0,0
219,Toyota Sai,гибрид,вариатор,1500000,170000.0,2012,1,0,0
220,Toyota Land Cruiser,дизель,АКПП,3797000,235000.0,2012,1,0,0
221,Toyota Vellfire,бензин,вариатор,3000000,1.0,2012,1,0,0
222,Toyota Harrier,бензин,вариатор,3500000,75000.0,2021,1,0,0
223,Toyota Corolla,бензин,вариатор,1670000,87940.0,2020,1,0,0
224,Toyota Harrier,бензин,АКПП,1550000,215000.0,2005,1,0,0
225,Toyota Land Cruiser Prado,бензин,АКПП,2750000,205000.0,2010,1,0,0
226,Toyota C-HR,бензин,вариатор,1750000,35000.0,2018,1,0,0
227,Toyota Passo,бензин,вариатор,540000,143000.0,2014,1,0,0
228,Toyota Ractis,бензин,вариатор,490000,200000.0,2006,1,0,0
229,Toyota Wish,бензин,вариатор,420000,115000.0,2010,1,0,0
230,Toyota Vitz,бензин,вариатор,645000,146000.0,2016,1,0,0
231,Toyota Corolla Fielder,бензин,АКПП,590000,300000.0,2005,1,0,0
232,Toyota Corolla,бензин,механика,249941,540000.0,1999,1,0,0
233,Toyota Alphard,бензин,АКПП,1550000,316000.0,2003,1,0,0
234,Toyota Supra,бензин,автомат,1780000,147000.0,1986,1,0,0
235,Toyota Raize,бензин,вариатор,1700000,58000.0,2020,1,0,0
236,Toyota Corolla Fielder,гибрид,вариатор,1250000,141000.0,2018,1,0,0
237,Toyota RAV4,бензин,вариатор,4000000,58.0,2023,1,0,0
238,Toyota RAV4,бензин,вариатор,1400000,134000.0,2012,1,0,0
239,Toyota Corolla Spacio,бензин,АКПП,250000,280000.0,1999,1,0,0
240,Toyota Land Cruiser,дизель,автомат,4200000,170000.0,2015,1,0,0
241,Toyota Vitz,бензин,вариатор,500000,180000.0,2008,1,0,0
242,Toyota Vellfire,гибрид,вариатор,3999999,158.0,2019,1,0,0
243,Toyota Corolla Fielder,гибрид,вариатор,1050000,164000.0,2014,1,0,0
244,Toyota Corolla Fielder,бензин,вариатор,1520000,55000.0,2020,1,0,0
245,Toyota Hiace,дизель,АКПП,650000,375000.0,1990,1,0,0
246,Toyota Premio,бензин,АКПП,650000,200000.0,2002,1,0,0
247,Toyota Passo,бензин,вариатор,720000,62000.0,2016,1,0,0
248,Toyota Corolla,бензин,механика,75000,196000.0,1992,1,0,0
249,Toyota Aqua,гибрид,вариатор,1590000,81037.0,2017,1,0,0
250,Toyota Corolla Axio,бензин,вариатор,850000,255300.0,2015,1,0,0
251,Toyota Vitz,бензин,вариатор,910000,48000.0,2019,1,0,0
252,Toyota Corolla,бензин,робот,750000,,2008,1,0,0
253,Toyota Corona,бензин,АКПП,300000,310000.0,1996,1,0,0
254,Toyota Vitz,бензин,вариатор,700000,154675.0,2013,1,0,0
255,Toyota Alphard,гибрид,вариатор,5600000,,2018,1,0,0
256,Toyota Vista,бензин,АКПП,395000,249000.0,1997,1,0,0
257,Toyota Town Ace Noah,бензин,АКПП,670000,207400.0,1998,1,0,0
258,Toyota C-HR,гибрид,вариатор,2600000,30.0,2019,1,0,0
259,Toyota Crown,бензин,АКПП,900000,111111.0,1990,1,0,0
260,Toyota Corolla Fielder,бензин,вариатор,670000,218455.0,2008,1,0,0
261,Toyota Land Cruiser,дизель,АКПП,4500000,300000.0,1995,1,0,0
262,Toyota Camry,бензин,АКПП,1030000,234000.0,2006,1,0,0
263,Toyota Prius,гибрид,вариатор,1350000,130000.0,2011,1,0,0
264,Toyota Wish,бензин,вариатор,1360000,159865.0,2015,1,0,0
265,Toyota Raize,бензин,вариатор,1450000,111500.0,2021,1,0,0
266,Toyota Mark II,бензин,АКПП,140000,500000.0,1994,1,0,0
267,Toyota Land Cruiser Prado,бензин,АКПП,4500000,57737.0,2019,1,0,0
268,Toyota Aqua,гибрид,вариатор,500000,310000.0,2017,1,0,0
269,Toyota Prius,гибрид,вариатор,1550000,118000.0,2017,1,0,0
270,Toyota Prius,гибрид,вариатор,700000,248122.0,2009,1,0,0
271,Toyota Passo,бензин,АКПП,320000,,2008,1,0,0
272,Toyota Harrier,бензин,вариатор,2750000,61293.0,2017,1,0,0
273,Toyota Camry,гибрид,автомат,2050000,119930.0,2017,1,0,0
274,Toyota Wish,бензин,АКПП,670000,260000.0,2003,1,0,0
275,Toyota Land Cruiser,бензин,АКПП,1850000,280000.0,2000,1,0,0
276,Toyota Land Cruiser Prado,бензин,АКПП,1350000,360000.0,1999,1,0,0
277,Toyota Corolla Fielder,бензин,вариатор,1190000,29000.0,2020,1,0,0
278,Toyota Harrier,бензин,АКПП,1400000,170000.0,2003,1,0,0
279,Toyota Corolla Axio,бензин,вариатор,1190000,67000.0,2021,1,0,0
280,Toyota Land Cruiser,бензин,АКПП,2360000,188000.0,2003,1,0,0
281,Toyota Land Cruiser Prado,бензин,АКПП,2150000,263000.0,2005,1,0,0
282,Toyota Corsa,бензин,АКПП,269000,150000.0,1994,1,0,0
283,Toyota Prius Alpha,гибрид,вариатор,1050000,205000.0,2013,1,0,0
284,Toyota Town Ace,бензин,АКПП,656000,251916.0,2008,1,0,0
285,Toyota Corolla Fielder,бензин,вариатор,1350000,27500.0,2017,1,0,0
286,Toyota Camry Gracia,бензин,АКПП,190000,313000.0,1998,1,0,0
287,Toyota Vista,бензин,АКПП,380000,240000.0,1993,1,0,0
288,Toyota RAV4,бензин,АКПП,2350000,63000.0,2014,1,0,0
289,Toyota Land Cruiser Cygnus,бензин,АКПП,1795000,161000.0,2000,1,0,0
290,Toyota Corolla Fielder,бензин,вариатор,500000,285000.0,2006,1,0,0
291,Toyota Noah,бензин,вариатор,930000,302000.0,2007,1,0,0
292,Toyota Estima,бензин,АКПП,659000,235000.0,2001,1,0,0
293,Toyota Corolla Fielder,бензин,вариатор,1475000,63000.0,2018,1,0,0
294,Toyota Camry,бензин,АКПП,719000,175000.0,2006,1,0,0
295,Toyota Mark II,бензин,АКПП,560000,300000.0,1996,1,0,0
296,Toyota Prius,гибрид,вариатор,450000,183838.0,2008,1,0,0
297,Toyota Probox,гибрид,вариатор,1649000,27650.0,2019,1,0,0
298,Toyota Corona,бензин,АКПП,195000,223688.0,1992,1,0,0
299,Toyota Aqua,гибрид,вариатор,849999,125300.0,2017,1,0,0
300,Toyota Corolla,бензин,вариатор,2199000,63471.0,2019,1,0,0
301,Toyota Raum,бензин,АКПП,135000,176858.0,1998,1,0,0
302,Toyota Vitz,бензин,вариатор,849000,92273.0,2015,1,0,0
303,Toyota Aqua,гибрид,вариатор,820000,12300.0,2012,1,0,0
304,Toyota Crown,бензин,АКПП,650000,180000.0,1996,1,0,0
305,Toyota Aqua,гибрид,вариатор,609000,285430.0,2014,1,0,0
306,Toyota Lite Ace,дизель,автомат,205000,333000.0,1986,1,0,0
307,Toyota Camry,бензин,АКПП,300000,177000.0,1995,1,0,0
308,Toyota Land Cruiser,дизель,АКПП,4500000,300000.0,1996,1,0,0
309,Toyota Mark X,бензин,АКПП,1950000,135050.0,2015,1,0,0
310,Toyota Allion,бензин,вариатор,1240000,68000.0,2012,1,0,0
311,Toyota Crown,бензин,АКПП,335000,287000.0,1992,1,0,0
312,Toyota Tank,бензин,вариатор,900000,44163.0,2017,1,0,0
313,Toyota Succeed,бензин,АКПП,555000,290000.0,2006,1,0,0
314,Toyota Wish,бензин,АКПП,750000,299000.0,2003,1,0,0
315,Toyota Land Cruiser,дизель,АКПП,2950000,200000.0,2010,1,0,0
316,Toyota Camry,бензин,АКПП,1050000,207140.0,2008,1,0,0
317,Toyota Allion,бензин,вариатор,950000,70000.0,2010,1,0,0
318,Toyota Tank,бензин,вариатор,1350000,72000.0,2018,1,0,0
319,Toyota Premio,бензин,вариатор,850000,280000.0,2010,1,0,0
320,Toyota Land Cruiser Prado,дизель,автомат,550000,200000.0,1994,1,0,0
321,Toyota Succeed,бензин,вариатор,1240000,29890.0,2019,1,0,0
322,Toyota Prius,гибрид,вариатор,740000,156565.0,2009,1,0,0
323,Toyota Carina,бензин,АКПП,260000,273658.0,1998,1,0,0
324,Toyota Prius,гибрид,вариатор,1100000,285000.0,2011,1,0,0
325,Toyota Crown,бензин,АКПП,105000,120000.0,1989,1,0,0
326,Toyota C-HR,бензин,вариатор,1950000,112640.0,2017,1,0,0
327,Toyota Corolla Axio,гибрид,вариатор,1150000,155000.0,2016,1,0,0
328,Toyota Land Cruiser Prado,дизель,механика,2050000,297000.0,1995,1,0,0
329,Toyota Corolla Fielder,бензин,механика,505000,250000.0,2003,1,0,0
330,Toyota Camry,бензин,АКПП,800000,140130.0,2006,1,0,0
331,Toyota Sprinter Marino,бензин,АКПП,165000,380.0,1993,1,0,0
332,Toyota Corolla,бензин,АКПП,170000,300000.0,1993,1,0,0
333,Toyota Porte,бензин,вариатор,995000,81000.0,2018,1,0,0
334,Toyota Corona,бензин,АКПП,250000,111111.0,1992,1,0,0
335,Toyota Corolla Spacio,,,300000,235164.0,1991,1,0,0
336,Toyota Succeed,бензин,АКПП,460000,300000.0,2002,1,0,0
337,Toyota Camry,бензин,АКПП,2200000,158000.0,2017,1,0,0
338,Toyota Vista Ardeo,бензин,АКПП,320000,90000.0,2001,1,0,0
339,Toyota Sprinter Trueno,бензин,АКПП,435000,333000.0,1995,1,0,0
340,Toyota Prius,гибрид,вариатор,975000,204000.0,2012,1,0,0
341,Toyota Harrier,бензин,АКПП,1700000,203793.0,2008,1,0,0
342,Toyota Crown,бензин,АКПП,1070000,250000.0,2002,1,0,0
343,Toyota Belta,бензин,вариатор,400000,195000.0,2006,1,0,0
344,Toyota Corona Premio,бензин,АКПП,350000,352000.0,1998,1,0,0
345,Toyota Sprinter Carib,бензин,АКПП,500000,226100.0,1999,1,0,0
346,Toyota Land Cruiser,бензин,АКПП,650000,220000.0,1993,1,0,0
347,Toyota Allion,бензин,вариатор,995000,162000.0,2010,1,0,0
348,Toyota Corolla Spacio,бензин,автомат,300000,299999.0,1988,1,0,0
349,Toyota Corona,бензин,АКПП,169000,300000.0,1994,1,0,0
350,Toyota RAV4,бензин,АКПП,650000,260.0,2001,1,0,0
351,Toyota Passo,бензин,вариатор,370000,281000.0,2010,1,0,0
352,Toyota Corolla,бензин,вариатор,1400000,91000.0,2018,1,0,0
353,Toyota Corolla Axio,бензин,механика,940000,108781.0,2017,1,0,0
354,Toyota Land Cruiser,дизель,механика,2600000,295384.0,2005,1,0,0
355,Toyota Corona Premio,бензин,АКПП,310000,364840.0,2000,1,0,0
356,Toyota Wish,бензин,АКПП,755000,263000.0,2003,1,0,0
357,Toyota Wish,бензин,АКПП,755000,263000.0,2003,1,0,0
358,Toyota Mark II,бензин,АКПП,499000,367125.0,1993,1,0,0
359,Toyota Vitz,бензин,механика,250000,345000.0,2000,1,0,0
360,Toyota Mark II,бензин,АКПП,730000,372521.0,2001,1,0,0
361,Toyota Land Cruiser,дизель,АКПП,3865000,252000.0,2012,1,0,0
362,Toyota C-HR,бензин,вариатор,1840000,50000.0,2017,1,0,0
363,Toyota RAV4,бензин,вариатор,1100000,123000.0,2007,1,0,0
364,Toyota RAV4,бензин,вариатор,3280000,76000.0,2021,1,0,0
365,Toyota Prius,гибрид,вариатор,585000,230000.0,2008,1,0,0
366,Toyota Vitz,бензин,АКПП,385000,267939.0,2001,1,0,0
367,Toyota Prius,гибрид,вариатор,700000,250000.0,2008,1,0,0
368,Toyota Prius,гибрид,вариатор,700000,260000.0,2008,1,0,0
369,Toyota Corolla Fielder,гибрид,вариатор,1200000,155000.0,2015,1,0,0
370,Toyota Vitz,бензин,вариатор,820000,117872.0,2015,1,0,0
371,Toyota Prius,гибрид,вариатор,858000,79000.0,2016,1,0,0
372,Toyota Corolla Levin,бензин,АКПП,340000,333333.0,1990,1,0,0
373,Toyota Corolla Axio,бензин,вариатор,735000,150000.0,2008,1,0,0
374,Toyota Hiace Regius,дизель,АКПП,850000,353000.0,1998,1,0,0
375,Toyota Corolla Fielder,бензин,вариатор,950000,353014.0,2007,1,0,0
376,Toyota Corolla Fielder,бензин,вариатор,950000,353014.0,2007,1,0,0
377,Toyota Land Cruiser,дизель,АКПП,4650000,200000.0,2012,1,0,0
378,Toyota Carina,бензин,АКПП,350000,400000.0,1999,1,0,0
379,Toyota Vitz,бензин,вариатор,840000,85000.0,2016,1,0,0
380,Toyota Corolla Fielder,бензин,вариатор,790000,145225.0,2007,1,0,0
381,Toyota Corolla,бензин,АКПП,430000,159000.0,2001,1,0,0
382,Toyota Corolla,бензин,АКПП,170000,320266.0,1995,1,0,0
383,Toyota Wish,бензин,вариатор,1450000,118000.0,2013,1,0,0
384,Toyota Harrier,бензин,вариатор,3245000,79000.0,2021,1,0,0
385,Toyota Probox,бензин,вариатор,1300000,62000.0,2017,1,0,0
386,Toyota Opa,бензин,АКПП,650000,,2000,1,0,0
387,Toyota Prius,гибрид,вариатор,530000,399900.0,2005,1,0,0
388,Toyota Platz,бензин,АКПП,459000,223500.0,2005,1,0,0
389,Toyota Hilux,дизель,механика,3749000,121000.0,2016,1,0,0
390,Toyota Wish,бензин,вариатор,1100000,235000.0,2010,1,0,0
391,Toyota RAV4,бензин,вариатор,3110000,87000.0,2019,1,0,0
392,Toyota Vitz,бензин,вариатор,450000,250000.0,2005,1,0,0
393,Toyota Hilux,дизель,механика,825000,140000.0,1989,1,0,0
394,Toyota Hilux Surf,дизель,АКПП,1180000,200000.0,1997,1,0,0
395,Toyota Estima,бензин,АКПП,740000,200000.0,2002,1,0,0
396,Toyota Vitz,бензин,вариатор,450000,250000.0,2005,1,0,0
397,Toyota Hilux,дизель,механика,825000,140000.0,1989,1,0,0
398,Toyota Hilux Surf,дизель,АКПП,1180000,200000.0,1997,1,0,0
399,Toyota Estima,бензин,АКПП,740000,200000.0,2002,1,0,0
400,Toyota Vitz,бензин,АКПП,365000,160558.0,2000,1,0,0
401,Toyota RAV4,бензин,вариатор,1440000,123429.0,2011,1,0,0
402,Toyota Vitz,бензин,вариатор,495000,327000.0,2008,1,0,0
403,Toyota Crown,бензин,АКПП,580000,250000.0,1999,1,0,0
404,Toyota Camry,бензин,АКПП,2800000,120000.0,2018,1,0,0
405,Toyota Harrier,бензин,вариатор,3630000,40000.0,2020,1,0,0
406,Toyota Probox,бензин,вариатор,990000,96000.0,2020,1,0,0
407,Toyota Wish,бензин,вариатор,1350000,78700.0,2011,1,0,0
408,Toyota Prius,гибрид,вариатор,950000,190000.0,2012,1,0,0
409,Toyota Land Cruiser Prado,гибрид,АКПП,10500000,,2024,1,0,0
410,Toyota Land Cruiser,дизель,АКПП,2485000,228000.0,2008,1,0,0
411,Toyota Land Cruiser,дизель,АКПП,2485000,195000.0,2008,1,0,0
412,Toyota RAV4,бензин,вариатор,1285000,175000.0,2010,1,0,0
413,Toyota Hiace,дизель,автомат,885000,256000.0,2001,1,0,0
414,Toyota Land Cruiser Prado,бензин,АКПП,1998000,223650.0,2007,1,0,0
415,Toyota Land Cruiser,бензин,автомат,2775000,220800.0,2008,1,0,0
416,Toyota Land Cruiser,бензин,автомат,2775000,220800.0,2008,1,0,0
417,Toyota Land Cruiser,бензин,АКПП,2585000,260000.0,2008,1,0,0
418,Toyota Probox,бензин,механика,565000,151000.0,2004,1,0,0
419,Toyota Town Ace,дизель,АКПП,350000,307438.0,1997,1,0,0
420,Toyota Harrier,бензин,АКПП,800000,355000.0,1998,1,0,0
421,Toyota Hiace,дизель,АКПП,1500000,101508.0,1992,1,0,0
422,Toyota Mark II,бензин,АКПП,900000,300000.0,1999,1,0,0
423,Toyota Prius,гибрид,вариатор,625000,286098.0,2005,1,0,0
424,Toyota Corolla Fielder,бензин,вариатор,1400000,81254.0,2019,1,0,0
425,Toyota Land Cruiser,бензин,АКПП,4500000,188000.0,2013,1,0,0
426,Toyota Wish,бензин,вариатор,1950000,77000.0,2016,1,0,0
427,Toyota Vitz,бензин,вариатор,650000,163883.0,2011,1,0,0
428,Toyota RAV4,бензин,АКПП,900000,121000.0,2000,1,0,0
429,Toyota Prius,гибрид,вариатор,1380000,223500.0,2012,1,0,0
430,Toyota Vista Ardeo,бензин,АКПП,400000,150000.0,1999,1,0,0
431,Toyota Prius,гибрид,вариатор,1150000,218158.0,2011,1,0,0
432,Toyota Prius,гибрид,вариатор,1270000,157267.0,2014,1,0,0
433,Toyota Passo,бензин,АКПП,380000,180000.0,2006,1,0,0
434,Toyota Premio,бензин,вариатор,780000,183000.0,2007,1,0,0
435,Toyota Cresta,бензин,автомат,335000,489534.0,1983,1,0,0
436,Toyota Chaser,бензин,АКПП,760000,287000.0,1999,1,0,0
437,Toyota Corolla Fielder,бензин,АКПП,650000,120000.0,2003,1,0,0
438,Toyota Corolla,бензин,АКПП,240000,275889.0,1998,1,0,0
439,Toyota Vitz,бензин,вариатор,720000,78500.0,2016,1,0,0
440,Toyota Prius Alpha,гибрид,вариатор,1240000,158500.0,2013,1,0,0
441,Toyota C-HR,гибрид,вариатор,2550000,31000.0,2020,1,0,0
442,Toyota Camry,автомат,передний,280000,480000.0,1991,1,0,0
443,Toyota Land Cruiser,дизель,АКПП,3600000,189817.0,2012,1,0,0
444,Toyota Spade,бензин,вариатор,899000,150000.0,2013,1,0,0
445,Toyota C-HR,бензин,вариатор,1750000,54400.0,2018,1,0,0
446,Toyota Porte,бензин,АКПП,560000,216000.0,2010,1,0,0
447,Toyota Premio,бензин,вариатор,1000000,190000.0,2009,1,0,0
448,Toyota FJ Cruiser,бензин,механика,2999999,145000.0,2008,1,0,0
449,Toyota Nadia,бензин,АКПП,330000,300000.0,1999,1,0,0
450,Toyota Vitz,гибрид,вариатор,1200000,50608.0,2017,1,0,0
451,Toyota Lite Ace,дизель,автомат,170000,356000.0,1988,1,0,0
452,Toyota Prius,гибрид,вариатор,850000,235000.0,2009,1,0,0
453,Toyota Prius,гибрид,вариатор,650000,400000.0,2009,1,0,0
454,Toyota Prius,гибрид,вариатор,750000,152664.0,2005,1,0,0
455,Toyota Camry,гибрид,вариатор,1600000,200000.0,2011,1,0,0
456,Toyota Progres,бензин,АКПП,800000,300000.0,2003,1,0,0
457,Toyota Passo,бензин,вариатор,750000,75000.0,2018,1,0,0
458,Toyota Vanguard,бензин,вариатор,1180000,280000.0,2009,1,0,0
459,Toyota ist,бензин,вариатор,850000,220000.0,2010,1,0,0
460,Toyota Vitz,бензин,вариатор,800000,210000.0,2011,1,0,0
461,Toyota Sai,гибрид,вариатор,1400000,200000.0,2010,1,0,0
462,Toyota Porte,бензин,вариатор,815000,93000.0,2015,1,0,0
463,Toyota Corolla Fielder,бензин,вариатор,1280000,94454.0,2022,1,0,0
464,Toyota Wish,бензин,вариатор,1600000,130000.0,2014,1,0,0
465,Toyota Aqua,гибрид,вариатор,1240000,139000.0,2018,1,0,0
466,Toyota Corolla Axio,бензин,вариатор,1080000,96426.0,2014,1,0,0
467,Toyota Ipsum,бензин,АКПП,500000,326200.0,1999,1,0,0
468,Toyota RAV4,бензин,АКПП,970000,170000.0,2003,1,0,0
469,Toyota Land Cruiser Prado,бензин,АКПП,2200000,275000.0,2005,1,0,0
470,Toyota Land Cruiser Prado,дизель,АКПП,3490000,129000.0,2015,1,0,0
471,Toyota Camry,бензин,АКПП,850000,350000.0,2006,1,0,0
472,Toyota Prius,гибрид,вариатор,1100000,222000.0,2012,1,0,0
473,Toyota Corolla,бензин,АКПП,300000,300000.0,2000,1,0,0
474,Toyota Corolla,бензин,АКПП,300000,300000.0,2000,1,0,0
475,Toyota Caldina,бензин,АКПП,750000,308000.0,2004,1,0,0
476,Toyota Caldina,бензин,АКПП,800000,250000.0,2003,1,0,0
477,Toyota WiLL VS,бензин,АКПП,620000,386000.0,2002,1,0,0
478,Toyota Aqua,гибрид,вариатор,750000,197000.0,2014,1,0,0
479,Toyota Prius Alpha,гибрид,вариатор,1250000,270000.0,2012,1,0,0
480,Toyota Caldina,бензин,АКПП,520000,395000.0,1998,1,0,0
481,Toyota Prius,гибрид,вариатор,1000000,284000.0,2014,1,0,0
482,Toyota Crown,бензин,АКПП,650000,233000.0,1998,1,0,0
483,Toyota Pixis Epoch,бензин,вариатор,410000,172000.0,2013,1,0,0
484,Toyota Land Cruiser,дизель,АКПП,2700000,294000.0,2008,1,0,0
485,Toyota Spade,бензин,вариатор,710000,130000.0,2012,1,0,0
486,Toyota Land Cruiser Prado,бензин,АКПП,2490000,238000.0,2006,1,0,0
487,Toyota Corolla Rumion,бензин,вариатор,1200000,130000.0,2011,1,0,0
488,Toyota Vitz,бензин,вариатор,900000,31000.0,2015,1,0,0
489,Toyota Ractis,бензин,вариатор,798000,282000.0,2014,1,0,0
490,Toyota RAV4,бензин,вариатор,2500000,44500.0,2019,1,0,0
491,Toyota Prius,гибрид,вариатор,900000,300000.0,2013,1,0,0
492,Toyota Isis,бензин,вариатор,1299999,155000.0,2012,1,0,0
493,Toyota Allion,бензин,АКПП,610000,250000.0,2002,1,0,0
494,Toyota Prius,гибрид,вариатор,690000,328000.0,2008,1,0,0
495,Toyota RAV4,бензин,вариатор,2630000,58000.0,2017,1,0,0
496,Toyota Crown,бензин,АКПП,250000,76000.0,1989,1,0,0
497,Toyota Corolla Axio,гибрид,вариатор,1100000,130000.0,2015,1,0,0
498,Toyota Land Cruiser Prado,бензин,АКПП,2000000,252000.0,2003,1,0,0
499,Toyota Land Cruiser,дизель,АКПП,3000000,350000.0,2008,1,0,0
500,Toyota Corona Premio,бензин,АКПП,330000,220000.0,1998,1,0,0
501,Toyota Passo,бензин,АКПП,360000,256572.0,2005,1,0,0
502,Toyota C-HR,гибрид,вариатор,1900000,63730.0,2017,1,0,0
503,Toyota Land Cruiser,дизель,АКПП,1500000,296000.0,1993,1,0,0
504,Toyota Mark II,бензин,АКПП,299000,180000.0,1990,1,0,0
505,Toyota Hiace,бензин,АКПП,3800000,178000.0,2018,1,0,0
506,Toyota Prius,гибрид,вариатор,1100000,280000.0,2012,1,0,0
507,Toyota Allion,бензин,вариатор,1850000,95000.0,2019,1,0,0
508,Toyota Mark X,бензин,АКПП,2000000,165000.0,2016,1,0,0
509,Toyota Hiace,дизель,автомат,4350000,140000.0,2018,1,0,0
510,Toyota Ractis,бензин,вариатор,895000,103000.0,2011,1,0,0
511,Toyota Allion,бензин,АКПП,650000,297777.0,2005,1,0,0
512,Toyota Prius Alpha,гибрид,вариатор,1550000,123000.0,2015,1,0,0
513,Toyota Highlander,бензин,АКПП,3900000,197000.0,2017,1,0,0
514,Toyota Corsa,дизель,механика,80000,200000.0,1993,1,0,0
515,Toyota Corolla Fielder,гибрид,вариатор,1250000,149600.0,2017,1,0,0
516,Toyota Fortuner,бензин,АКПП,2000000,148000.0,2007,1,0,0
517,Toyota Probox,бензин,вариатор,950000,147000.0,2020,1,0,0
518,Toyota Mark II,бензин,АКПП,1000000,282019.0,2001,1,0,0
519,Toyota Prius,гибрид,вариатор,632000,311.0,2008,1,0,0
520,Toyota Prius,гибрид,вариатор,1000000,185000.0,2010,1,0,0
521,Toyota Allion,бензин,вариатор,1250000,56545.0,2011,1,0,0
522,Toyota Harrier,бензин,АКПП,3000000,79000.0,2019,1,0,0
523,Toyota Harrier,гибрид,вариатор,2666666,144520.0,2014,1,0,0
524,Toyota Camry,бензин,АКПП,3200000,70000.0,2019,1,0,0
525,Toyota Land Cruiser,бензин,АКПП,8500000,90000.0,2018,1,0,0
526,Toyota Prius,гибрид,вариатор,1370000,350000.0,2016,1,0,0
527,Toyota Prius,гибрид,вариатор,1640000,115000.0,2018,1,0,0
528,Toyota Vitz,бензин,вариатор,850000,85000.0,2018,1,0,0
529,Toyota Corolla,бензин,АКПП,448000,241389.0,2001,1,0,0
530,Toyota Corolla Spacio,бензин,АКПП,250000,299999.0,1998,1,0,0
531,Toyota Corolla,бензин,АКПП,448000,241389.0,2001,1,0,0
532,Toyota Corolla Spacio,бензин,АКПП,250000,299999.0,1998,1,0,0
533,Toyota Passo,бензин,вариатор,880000,123000.0,2016,1,0,0
534,Toyota Harrier,бензин,вариатор,2750000,116000.0,2019,1,0,0
535,Toyota RAV4,бензин,АКПП,780000,329600.0,2002,1,0,0
536,Toyota Allion,бензин,АКПП,850000,295856.0,2006,1,0,0
537,Toyota Camry,гибрид,вариатор,2550000,160000.0,2017,1,0,0
538,Toyota Carina,бензин,АКПП,280000,151.0,1990,1,0,0
539,Toyota Prius,гибрид,вариатор,1600000,200000.0,2012,1,0,0
540,Toyota Harrier,бензин,вариатор,2690000,91000.0,2018,1,0,0
541,Toyota Prius,гибрид,вариатор,685000,214000.0,2010,1,0,0
542,Toyota Land Cruiser Prado,бензин,АКПП,3100000,173307.0,2010,1,0,0
543,Toyota Land Cruiser,дизель,АКПП,7699000,112700.0,2021,1,0,0
544,Toyota Crown,бензин,АКПП,800888,250000.0,1998,1,0,0
545,Toyota Land Cruiser Prado,дизель,АКПП,5100000,105000.0,2018,1,0,0
546,Toyota Ipsum,бензин,АКПП,505000,230563.0,1999,1,0,0
547,Toyota Prius,гибрид,вариатор,730000,234000.0,2008,1,0,0
548,Toyota Corolla Fielder,гибрид,вариатор,1030000,111111.0,2016,1,0,0
549,Toyota Crown,гибрид,вариатор,2850000,90000.0,2019,1,0,0
550,Toyota Wish,бензин,АКПП,870000,243000.0,2004,1,0,0
551,Toyota Mark II,бензин,АКПП,550000,256220.0,1993,1,0,0
552,Toyota Camry,гибрид,вариатор,1699000,165000.0,2015,1,0,0
553,Toyota Allion,бензин,вариатор,980000,222000.0,2007,1,0,0
554,Toyota Belta,бензин,АКПП,690000,130000.0,2009,1,0,0
555,Toyota Ipsum,бензин,АКПП,340000,545595.0,1998,1,0,0
556,Toyota C-HR,гибрид,вариатор,2500000,34698.0,2019,1,0,0
557,Toyota Land Cruiser Prado,дизель,АКПП,5500000,9474.0,2022,1,0,0
558,Toyota Passo,бензин,АКПП,300000,256642.0,2004,1,0,0
559,Toyota Land Cruiser,дизель,АКПП,3757000,242000.0,1997,1,0,0
560,Toyota Land Cruiser Prado,бензин,АКПП,2357000,205000.0,2002,1,0,0
561,Toyota Land Cruiser Prado,бензин,АКПП,2757000,240000.0,2001,1,0,0
562,Toyota Land Cruiser,бензин,АКПП,3557000,180000.0,1994,1,0,0
563,Toyota Land Cruiser Prado,бензин,АКПП,2599000,120000.0,2008,1,0,0
564,Toyota Premio,бензин,вариатор,810000,191247.0,2007,1,0,0
565,Toyota Corolla,бензин,механика,390000,5884.0,2006,1,0,0
566,Toyota Passo,бензин,вариатор,800000,89000.0,2016,1,0,0
567,Toyota Caldina,бензин,АКПП,599000,283761.0,2002,1,0,0
568,Toyota Harrier,гибрид,вариатор,4150000,66000.0,2021,1,0,0
569,Toyota Sienta,бензин,вариатор,985000,88000.0,2014,1,0,0
570,Toyota Sienta,бензин,вариатор,985000,88000.0,2014,1,0,0
571,Toyota Prius,гибрид,вариатор,1080000,216965.0,2012,1,0,0
572,Toyota Soarer,бензин,АКПП,890000,224499.0,1996,1,0,0
573,Toyota Voxy,гибрид,вариатор,2715000,69000.0,2019,1,0,0
574,Toyota Land Cruiser Prado,бензин,АКПП,2557000,156700.0,2001,1,0,0
575,Toyota Passo,бензин,вариатор,620000,68000.0,2012,1,0,0
576,Toyota Allion,бензин,вариатор,850000,245000.0,2007,1,0,0
577,Toyota Land Cruiser,дизель,АКПП,8390000,73700.0,2017,1,0,0
578,Toyota Vitz,бензин,вариатор,720000,111800.0,2014,1,0,0
579,Toyota Chaser,бензин,АКПП,1050000,150000.0,1998,1,0,0
580,Toyota Hilux,дизель,механика,3200000,117000.0,2014,1,0,0
581,Toyota Passo,бензин,АКПП,420000,1.0,2009,1,0,0
582,Toyota Camry Gracia,бензин,АКПП,410000,460044.0,1997,1,0,0
583,Toyota Prius Alpha,гибрид,вариатор,990000,289000.0,2011,1,0,0
584,Toyota Wish,бензин,вариатор,1000000,230000.0,2010,1,0,0
585,Toyota Corolla,бензин,АКПП,250000,350.0,2001,1,0,0
586,Toyota Corolla Axio,бензин,вариатор,1000000,139600.0,2016,1,0,0
587,Toyota Prius,гибрид,вариатор,650000,291000.0,2011,1,0,0
588,Toyota Wish,бензин,АКПП,650000,280000.0,2003,1,0,0
589,Toyota Chaser,бензин,АКПП,1100000,370000.0,1999,1,0,0
590,Toyota Prius,гибрид,вариатор,720000,220000.0,2010,1,0,0
591,Toyota Probox,бензин,вариатор,1360000,136800.0,2020,1,0,0
592,Toyota Prius,гибрид,вариатор,1000000,200000.0,2014,1,0,0
593,Toyota Alphard,гибрид,вариатор,4150000,165000.0,2018,1,0,0
594,Toyota Crown,бензин,АКПП,65000,177777.0,1996,1,0,0
595,Toyota Land Cruiser,дизель,механика,2700000,450000.0,2003,1,0,0
596,Toyota Prius,гибрид,автомат,550000,122222.0,2003,1,0,0
597,Toyota Prius Alpha,гибрид,вариатор,1200000,213277.0,2014,1,0,0
598,Toyota Mark II,бензин,АКПП,800000,196000.0,2000,1,0,0
599,Toyota Corolla,бензин,механика,120000,183000.0,1983,1,0,0
600,Toyota Auris,бензин,вариатор,630000,230000.0,2008,1,0,0
601,Toyota Hiace,дизель,механика,425000,358000.0,1995,1,0,0
602,Toyota Carina,бензин,АКПП,199000,195000.0,1996,1,0,0
603,Toyota Vista,бензин,АКПП,199000,186000.0,1994,1,0,0
604,Toyota Camry,гибрид,вариатор,2750000,69596.0,2018,1,0,0
605,Toyota Vitz,бензин,АКПП,250000,195000.0,2002,1,0,0
606,Toyota C-HR,бензин,вариатор,2030000,56000.0,2020,1,0,0
607,Toyota Cami,бензин,АКПП,410000,165000.0,2000,1,0,0
608,Toyota Ipsum,бензин,АКПП,450000,258000.0,1998,1,0,0
609,Toyota Prius,гибрид,вариатор,1150000,189330.0,2014,1,0,0
610,Toyota Corolla Fielder,бензин,АКПП,600000,87000.0,2005,1,0,0
611,Toyota Passo,бензин,АКПП,420000,186386.0,2009,1,0,0
612,Toyota Town Ace,дизель,АКПП,360000,184000.0,1999,1,0,0
613,Toyota Corona Premio,бензин,АКПП,350000,275852.0,1998,1,0,0
614,Toyota C-HR,гибрид,вариатор,2099000,48500.0,2017,1,0,0
615,Toyota Voxy,бензин,вариатор,1580000,183400.0,2014,1,0,0
616,Toyota Aristo,бензин,АКПП,500000,150000.0,2001,1,0,0
617,Toyota Vitz,бензин,вариатор,820000,82300.0,2016,1,0,0
618,Toyota Corolla,бензин,АКПП,348000,263578.0,1997,1,0,0
619,Toyota Prius,гибрид,вариатор,810000,218203.0,2010,1,0,0
620,Toyota Crown,гибрид,вариатор,1950000,200000.0,2013,1,0,0
621,Toyota Mark II,бензин,АКПП,440000,385000.0,2000,1,0,0
622,Toyota Chaser,бензин,АКПП,850000,220000.0,1997,1,0,0
623,Toyota Prius,гибрид,вариатор,1111111,190000.0,2010,1,0,0
624,Toyota Premio,бензин,вариатор,1500000,190000.0,2014,1,0,0
625,Toyota Prius Alpha,гибрид,вариатор,1350000,105000.0,2016,1,0,0
626,Toyota Land Cruiser,дизель,АКПП,3980000,309629.0,2013,1,0,0
627,Toyota Premio,бензин,вариатор,750000,295000.0,2007,1,0,0
628,Toyota Crown,бензин,АКПП,1550000,353000.0,2012,1,0,0
629,Toyota Noah,гибрид,вариатор,2090000,152350.0,2015,1,0,0
630,Toyota Mark X,бензин,АКПП,1100000,174608.0,2005,1,0,0
631,Toyota Raize,бензин,вариатор,1870000,48938.0,2020,1,0,0
632,Toyota Land Cruiser Prado,бензин,АКПП,3650000,84572.0,2014,1,0,0
633,Toyota Passo,бензин,вариатор,345000,250000.0,2010,1,0,0
634,Toyota Premio,бензин,вариатор,1460000,65000.0,2010,1,0,0
635,Toyota Wish,бензин,вариатор,1360000,98587.0,2009,1,0,0
636,Toyota Vitz,бензин,вариатор,745000,135000.0,2014,1,0,0
637,Toyota Land Cruiser Prado,бензин,АКПП,6900000,77777.0,2019,1,0,0
638,Toyota Vitz,бензин,вариатор,710000,141400.0,2011,1,0,0
639,Toyota Voxy,бензин,вариатор,2500000,62500.0,2018,1,0,0
640,Toyota Sprinter Carib,бензин,АКПП,255000,300000.0,1998,1,0,0
641,Toyota Premio,бензин,вариатор,1110000,179280.0,2013,1,0,0
642,Toyota Prius,гибрид,вариатор,980000,278000.0,2014,1,0,0
643,Toyota Camry,бензин,АКПП,275000,320000.0,1991,1,0,0
644,Toyota Crown,бензин,АКПП,460000,438000.0,1993,1,0,0
645,Toyota Lite Ace,бензин,механика,1350000,147000.0,2013,1,0,0
646,Toyota Hilux Surf,бензин,АКПП,2540000,230000.0,2009,1,0,0
647,Toyota Platz,бензин,АКПП,350000,232000.0,2001,1,0,0
648,Toyota Curren,бензин,АКПП,250000,200000.0,1997,1,0,0
649,Toyota Vitz,бензин,вариатор,725000,167000.0,2011,1,0,0
650,Toyota Funcargo,бензин,АКПП,390000,400000.0,2000,1,0,0
651,Toyota Tundra,бензин,АКПП,2500000,210000.0,2007,1,0,0
652,Toyota Corolla Fielder,бензин,вариатор,1100000,210000.0,2010,1,0,0
653,Toyota Probox,бензин,вариатор,840000,255000.0,2016,1,0,0
654,Toyota Prius,гибрид,вариатор,280000,,2003,1,0,0
655,Toyota Corolla Fielder,бензин,АКПП,635000,146000.0,2006,1,0,0
656,Toyota Vanguard,бензин,вариатор,1600000,96307.0,2011,1,0,0
657,Toyota Aqua,гибрид,вариатор,800000,130000.0,2013,1,0,0
658,Toyota Harrier,бензин,вариатор,2850000,72000.0,2019,1,0,0
659,Toyota RAV4,бензин,вариатор,1400000,200000.0,2010,1,0,0
660,Toyota Harrier,бензин,АКПП,1700000,130000.0,2007,1,0,0
661,Toyota Ipsum,бензин,АКПП,480000,220000.0,2001,1,0,0
662,Toyota Lite Ace,дизель,механика,375000,238000.0,1999,1,0,0
663,Toyota Land Cruiser,бензин,АКПП,12000000,100500.0,2021,1,0,0
664,Toyota Land Cruiser Prado,дизель,АКПП,1500000,260000.0,1997,1,0,0
665,Toyota Carina,бензин,АКПП,480000,287000.0,2000,1,0,0
666,Toyota Premio,бензин,АКПП,590000,378.0,2002,1,0,0
667,Toyota Prius,гибрид,вариатор,1050000,189000.0,2011,1,0,0
668,Toyota Wish,бензин,вариатор,1305000,83000.0,2011,1,0,0
669,Toyota ist,бензин,АКПП,450000,178000.0,2002,1,0,0
670,Toyota Avensis,бензин,механика,750000,363000.0,2004,1,0,0
671,Toyota Probox,бензин,механика,580000,187000.0,2006,1,0,0
672,Toyota Mark II Wagon Qualis,бензин,АКПП,390000,100000.0,2000,1,0,0
673,Toyota Corona Premio,бензин,АКПП,455000,360000.0,2001,1,0,0
674,Toyota Cami,бензин,АКПП,439000,263000.0,2002,1,0,0
675,Toyota Corona Premio,бензин,АКПП,499000,268000.0,1998,1,0,0
676,Toyota Rush,бензин,АКПП,739000,145000.0,2006,1,0,0
677,Toyota Hiace,дизель,АКПП,699000,205000.0,1996,1,0,0
678,Toyota Noah,бензин,АКПП,759000,287000.0,2002,1,0,0
679,Toyota Crown,гибрид,вариатор,2050000,170000.0,2015,1,0,0
680,Toyota Camry,бензин,механика,635000,150000.0,2003,1,0,0
681,Toyota Mark II,бензин,автомат,380000,190000.0,1992,1,0,0
682,Toyota Altezza,бензин,АКПП,860000,223000.0,1999,1,0,0
683,Toyota RAV4,бензин,АКПП,740000,155000.0,2000,1,0,0
684,Toyota Voxy,гибрид,вариатор,1650000,177000.0,2014,1,0,0
685,Toyota Mark II,бензин,АКПП,1050000,290000.0,2001,1,0,0
686,Toyota Prius Alpha,гибрид,вариатор,1200000,210000.0,2012,1,0,0
687,Toyota Corolla Fielder,бензин,вариатор,890000,223000.0,2009,1,0,0
688,Toyota Belta,бензин,вариатор,568000,184000.0,2009,1,0,0
689,Toyota Land Cruiser Prado,дизель,АКПП,5650000,93000.0,2018,1,0,0
690,Toyota Corona,бензин,АКПП,300000,260000.0,1995,1,0,0
691,Toyota C-HR,бензин,вариатор,2000000,87790.0,2020,1,0,0
692,Toyota Noah,бензин,вариатор,1220000,158000.0,2010,1,0,0
693,Toyota Corolla Fielder,бензин,вариатор,1044000,117000.0,2012,1,0,0
694,Toyota Vitz,бензин,вариатор,498000,216000.0,2009,1,0,0
695,Toyota Vitz,бензин,вариатор,710000,124800.0,2014,1,0,0
696,Toyota Land Cruiser Prado,бензин,механика,3298000,181000.0,2014,1,0,0
697,Toyota Land Cruiser,дизель,АКПП,4598000,188807.0,2014,1,0,0
698,Toyota Harrier,бензин,вариатор,2748000,76000.0,2018,1,0,0
699,Toyota Hiace,дизель,автомат,2698000,118000.0,2017,1,0,0
700,Toyota Premio,бензин,вариатор,1448000,188000.0,2016,1,0,0
701,Toyota Camry,гибрид,вариатор,1298000,253314.0,2011,1,0,0
702,Toyota Camry,гибрид,автомат,4098000,13000.0,2024,1,0,0
703,Toyota Corolla Levin,бензин,АКПП,430000,280000.0,1999,1,0,0
704,Toyota Prius PHV,гибрид,вариатор,1250000,290480.0,2012,1,0,0
705,Toyota Crown,бензин,автомат,90000,170000.0,2003,1,0,0
706,Toyota Corolla Axio,бензин,вариатор,999000,7765.0,2010,1,0,0
707,Toyota Allion,бензин,вариатор,899000,112822.0,2008,1,0,0
708,Toyota RAV4,бензин,вариатор,4300000,,2024,1,0,0
709,Toyota Land Cruiser,дизель,механика,2500000,259145.0,1995,1,0,0
710,Toyota Corolla Fielder,бензин,вариатор,1049000,173943.0,2018,1,0,0
711,Toyota Auris,бензин,вариатор,665000,261000.0,2010,1,0,0
712,Toyota Aqua,гибрид,вариатор,505000,150000.0,2016,1,0,0
713,Toyota Corolla,гибрид,вариатор,1590000,49800.0,2019,1,0,0
714,Toyota Hiace,механика,4WD,615000,250000.0,2001,1,0,0
715,Toyota Land Cruiser Prado,дизель,АКПП,4280000,95000.0,2018,1,0,0
716,Toyota Allion,бензин,вариатор,1500000,90000.0,2010,1,0,0
717,Toyota Corolla,бензин,АКПП,230000,183000.0,1998,1,0,0
718,Toyota Hiace,бензин,АКПП,275000,749318.0,1994,1,0,0
719,Toyota Mark II,бензин,АКПП,660000,280000.0,2000,1,0,0
720,Toyota Crown,бензин,АКПП,620000,375000.0,1997,1,0,0
721,Toyota Vitz,бензин,вариатор,460000,212000.0,2008,1,0,0
722,Toyota Vitz,бензин,АКПП,365000,260000.0,2003,1,0,0
723,Toyota Corolla,гибрид,вариатор,1990000,97000.0,2021,1,0,0
724,Toyota Camry,бензин,АКПП,1899000,139300.0,2016,1,0,0
725,Toyota Land Cruiser,дизель,АКПП,6750000,130000.0,2016,1,0,0
726,Toyota Prius,гибрид,вариатор,850000,175384.0,2011,1,0,0
727,Toyota Lite Ace Noah,дизель,механика,430000,365000.0,1991,1,0,0
728,Toyota Platz,бензин,АКПП,340000,220000.0,2004,1,0,0
729,Toyota Land Cruiser,дизель,механика,1950000,205000.0,1992,1,0,0
730,Toyota Yaris,бензин,вариатор,910000,101000.0,2020,1,0,0
731,Toyota Hilux Surf,дизель,механика,750000,340000.0,1991,1,0,0
732,Toyota Town Ace,дизель,АКПП,550000,242432.0,2000,1,0,0
733,Toyota Tundra,бензин,АКПП,8500000,24671.0,2021,1,0,0
734,Toyota Corolla Fielder,бензин,вариатор,950000,143680.0,2013,1,0,0
735,Toyota Probox,бензин,АКПП,699999,70000.0,2005,1,0,0
736,Toyota Passo,бензин,вариатор,800000,100000.0,2016,1,0,0
737,Toyota Allion,бензин,вариатор,1100000,140000.0,2009,1,0,0
738,Toyota Wish,бензин,вариатор,1400000,141000.0,2013,1,0,0
739,Toyota Regius Ace,дизель,автомат,2950000,130.0,2017,1,0,0
740,Toyota Sienta,бензин,вариатор,1500000,30000.0,2021,1,0,0
741,Toyota Vitz,бензин,вариатор,480000,87000.0,2005,1,0,0
742,Toyota Town Ace,дизель,АКПП,380000,100000.0,2000,1,0,0
743,Toyota Raize,бензин,вариатор,1700000,21000.0,2019,1,0,0
744,Toyota Prius Alpha,гибрид,вариатор,1550000,199455.0,2016,1,0,0
745,Toyota Vitz,гибрид,вариатор,1000000,145000.0,2017,1,0,0
746,Toyota Vitz,гибрид,вариатор,1000000,145000.0,2017,1,0,0
747,Toyota Harrier,бензин,АКПП,1600000,222500.0,2008,1,0,0
748,Toyota Mark II,бензин,АКПП,350000,599933.0,1993,1,0,0
749,Toyota Premio,бензин,вариатор,1205000,98000.0,2011,1,0,0
750,Toyota Aqua,гибрид,вариатор,1350000,84304.0,2018,1,0,0
751,Toyota Passo,бензин,АКПП,570000,125000.0,2009,1,0,0
752,Toyota Platz,бензин,АКПП,235000,250000.0,2001,1,0,0
753,Toyota Sprinter Marino,бензин,АКПП,250000,150000.0,1992,1,0,0
754,Toyota Corolla,бензин,автомат,1600000,130000.0,2019,1,0,0
755,Toyota Corolla Rumion,бензин,вариатор,750000,230000.0,2009,1,0,0
756,Toyota Chaser,бензин,АКПП,290000,460802.0,1992,1,0,0
757,Toyota Aqua,гибрид,вариатор,850000,289519.0,2016,1,0,0
758,Toyota C-HR,бензин,вариатор,1700000,140000.0,2017,1,0,0
759,Toyota RAV4,бензин,вариатор,3530000,37870.0,2019,1,0,0
760,Toyota Corolla Axio,бензин,вариатор,670000,223285.0,2007,1,0,0
761,Toyota Prius Alpha,гибрид,вариатор,1400000,88300.0,2015,1,0,0
762,Toyota Corolla Axio,бензин,вариатор,970000,123000.0,2015,1,0,0
763,Toyota Mark II,бензин,АКПП,580000,250000.0,2003,1,0,0
764,Toyota WiLL VS,бензин,АКПП,450000,100000.0,2002,1,0,0
765,Toyota Passo,бензин,вариатор,660000,52000.0,2015,1,0,0
766,Toyota Mark II,бензин,автомат,450000,290.0,1985,1,0,0
767,Toyota Corolla,бензин,вариатор,1500000,88000.0,2021,1,0,0
768,Toyota Harrier,гибрид,вариатор,2500000,190.0,2017,1,0,0
769,Toyota Opa,бензин,АКПП,599000,170000.0,2000,1,0,0
770,Toyota Land Cruiser Prado,бензин,АКПП,4350000,130000.0,2019,1,0,0
771,Toyota Prius,гибрид,вариатор,980000,360.0,2013,1,0,0
772,Toyota Wish,бензин,вариатор,1350000,50000.0,2012,1,0,0
773,Toyota Prius,гибрид,вариатор,780000,280000.0,2008,1,0,0
774,Toyota Town Ace Noah,дизель,АКПП,515000,310000.0,1998,1,0,0
775,Toyota Harrier,бензин,вариатор,2270000,107000.0,2014,1,0,0
776,Toyota Premio,бензин,вариатор,180000,330000.0,2008,1,0,0
777,Toyota Vitz,бензин,вариатор,400000,100000.0,2007,1,0,0
778,Toyota C-HR,бензин,вариатор,1800000,53450.0,2016,1,0,0
779,Toyota Hilux Surf,бензин,АКПП,1683000,220000.0,2002,1,0,0
780,Toyota Probox,бензин,АКПП,630000,317000.0,2007,1,0,0
781,Toyota ist,бензин,автомат,860000,142000.0,2013,1,0,0
782,Toyota Lite Ace,дизель,механика,140000,188956.0,1986,1,0,0
783,Toyota Corolla,бензин,АКПП,300000,556195.0,1993,1,0,0
784,Toyota Prius,гибрид,вариатор,1520000,195000.0,2017,1,0,0
785,Toyota Corolla Rumion,бензин,вариатор,1150000,150821.0,2011,1,0,0
786,Toyota Allion,бензин,вариатор,1350000,70000.0,2011,1,0,0
787,Toyota Camry,бензин,АКПП,2900000,44000.0,2013,1,0,0
788,Toyota Verossa,бензин,АКПП,550000,170000.0,2001,1,0,0
789,Toyota Vista,бензин,АКПП,220000,500000.0,1991,1,0,0
790,Toyota Camry,бензин,АКПП,630000,337000.0,2002,1,0,0
791,Toyota Land Cruiser,бензин,АКПП,5500000,128000.0,2011,1,0,0
792,Toyota Vitz,бензин,вариатор,785000,72500.0,2012,1,0,0
793,Toyota Belta,бензин,вариатор,430000,109000.0,2009,1,0,0
794,Toyota Prius,гибрид,вариатор,1078000,91000.0,2010,1,0,0
795,Toyota Prius,гибрид,вариатор,620000,303000.0,2008,1,0,0
796,Toyota Sprinter Carib,бензин,АКПП,320000,390000.0,1998,1,0,0
797,Toyota Prius,гибрид,вариатор,650000,285000.0,2008,1,0,0
798,Toyota Prius,гибрид,вариатор,1400000,144000.0,2015,1,0,0
799,Toyota Rush,бензин,АКПП,840000,130.0,2007,1,0,0
800,Toyota Aristo,бензин,автомат,850000,245000.0,1997,1,0,0
801,Toyota Land Cruiser,дизель,АКПП,6600000,119000.0,2016,1,0,0
802,Toyota Harrier,бензин,вариатор,2550000,58842.0,2017,1,0,0
803,Toyota Crown,бензин,АКПП,650000,164000.0,2005,1,0,0
804,Toyota Sprinter,бензин,АКПП,245000,252.0,1987,1,0,0
805,Toyota Premio,бензин,вариатор,1170000,61900.0,2007,1,0,0
806,Toyota Land Cruiser Prado,бензин,АКПП,3250000,64560.0,2011,1,0,0
807,Toyota Land Cruiser Prado,бензин,АКПП,3290000,152000.0,2013,1,0,0
808,Toyota Hilux,дизель,механика,1500000,301475.0,1988,1,0,0
809,Toyota Probox,бензин,вариатор,750000,130000.0,2014,1,0,0
810,Toyota Land Cruiser Prado,дизель,АКПП,4250000,120000.0,2017,1,0,0
811,Toyota Corolla Fielder,бензин,вариатор,1100000,113000.0,2012,1,0,0
812,Toyota Corolla,бензин,АКПП,800000,289000.0,2009,1,0,0
813,Toyota Prius,гибрид,вариатор,1350000,160000.0,2015,1,0,0
814,Toyota Harrier,бензин,АКПП,1395000,295000.0,2003,1,0,0
815,Toyota Passo,бензин,вариатор,695000,96000.0,2014,1,0,0
816,Toyota Mark II Wagon Blit,бензин,АКПП,910000,194700.0,2002,1,0,0
817,Toyota Corolla Axio,бензин,вариатор,1000000,112000.0,2014,1,0,0
818,Toyota Auris,бензин,вариатор,1000000,292000.0,2012,1,0,0
819,Toyota Allion,бензин,вариатор,1050000,130000.0,2009,1,0,0
820,Toyota Prius Alpha,гибрид,вариатор,1000300,250000.0,2013,1,0,0
821,Toyota RAV4,бензин,вариатор,4880000,5500.0,2023,1,0,0
822,Toyota Crown,бензин,АКПП,3500000,60000.0,2018,1,0,0
823,Toyota Land Cruiser Prado,бензин,АКПП,3000000,133440.0,2011,1,0,0
824,Toyota Auris,бензин,вариатор,640000,306000.0,2007,1,0,0
825,Toyota Hiace,дизель,АКПП,800000,480000.0,1995,1,0,0
826,Toyota Succeed,бензин,АКПП,400000,250000.0,2008,1,0,0
827,Toyota Corolla Fielder,гибрид,вариатор,1130000,80000.0,2015,1,0,0
828,Toyota Hiace,бензин,механика,380000,241000.0,1989,1,0,0
829,Toyota Passo,бензин,вариатор,810000,134000.0,2017,1,0,0
830,Toyota Vanguard,бензин,вариатор,1850000,136417.0,2011,1,0,0
831,Toyota Prius,гибрид,вариатор,1750000,141000.0,2016,1,0,0
832,Toyota Prius,гибрид,вариатор,1179000,168000.0,2013,1,0,0
833,Toyota RAV4,бензин,вариатор,3000000,45000.0,2019,1,0,0
834,Toyota Corolla,бензин,механика,480000,200000.0,2000,1,0,0
835,Toyota Vitz,бензин,вариатор,915000,80000.0,2019,1,0,0
836,Toyota RAV4,бензин,вариатор,3793000,83142.0,2019,1,0,0
837,Toyota Harrier,бензин,АКПП,3200000,71000.0,2017,1,0,0
838,Toyota Caldina,бензин,АКПП,555000,160000.0,1996,1,0,0
839,Toyota Land Cruiser,бензин,АКПП,1600000,400000.0,1996,1,0,0
840,Toyota Land Cruiser Prado,бензин,АКПП,2900000,105000.0,2008,1,0,0
841,Toyota Probox,бензин,АКПП,700000,180000.0,2012,1,0,0
842,Toyota Passo,бензин,автомат,820000,66000.0,2019,1,0,0
843,Toyota Crown,бензин,АКПП,250000,357390.0,1989,1,0,0
844,Toyota Crown,гибрид,вариатор,3150000,46500.0,2018,1,0,0
845,Toyota Crown,бензин,АКПП,658000,259000.0,1998,1,0,0
846,Toyota Aristo,бензин,АКПП,910000,265000.0,2001,1,0,0
847,Toyota Vitz,бензин,АКПП,110000,260000.0,2002,1,0,0
848,Toyota Raum,бензин,АКПП,695000,103000.0,2008,1,0,0
849,Toyota Allion,бензин,АКПП,700000,300000.0,2004,1,0,0
850,Toyota Wish,бензин,АКПП,675000,150000.0,2004,1,0,0
851,Toyota Prius,гибрид,вариатор,965000,229000.0,2012,1,0,0
852,Toyota Land Cruiser,бензин,АКПП,6270000,130000.0,2017,1,0,0
853,Toyota Land Cruiser Prado,бензин,АКПП,2070000,231000.0,2008,1,0,0
854,Toyota RAV4,бензин,вариатор,2170000,138000.0,2017,1,0,0
855,Toyota Isis,бензин,вариатор,990000,125000.0,2012,1,0,0
856,Toyota Land Cruiser,бензин,АКПП,5970000,109500.0,2016,1,0,0
857,Toyota Land Cruiser Prado,бензин,АКПП,2390000,194000.0,2010,1,0,0
858,Toyota Land Cruiser,бензин,АКПП,7570000,89000.0,2019,1,0,0
859,Toyota Land Cruiser,дизель,АКПП,3670000,255000.0,2013,1,0,0
860,Toyota Harrier,гибрид,вариатор,2497000,119000.0,2016,1,0,0
861,Toyota Land Cruiser,дизель,АКПП,2790000,240000.0,2010,1,0,0
862,Toyota Land Cruiser Prado,бензин,АКПП,2470000,185000.0,2010,1,0,0
863,Toyota Land Cruiser,дизель,АКПП,1720000,288000.0,2000,1,0,0
864,Toyota Harrier,гибрид,вариатор,3050000,61000.0,2019,1,0,0
865,Toyota Harrier,бензин,АКПП,1000000,250000.0,1999,1,0,0
866,Toyota Highlander,бензин,АКПП,1100000,220000.0,2003,1,0,0
867,Toyota Corolla,бензин,робот,750000,189000.0,2007,1,0,0
868,Toyota Chaser,автомат,задний,1520000,224000.0,1997,1,0,0
869,Toyota Prius,гибрид,вариатор,790000,197000.0,2008,1,0,0
870,Toyota ist,бензин,вариатор,890000,125000.0,2014,1,0,0
871,Toyota Probox,бензин,АКПП,550000,517000.0,2009,1,0,0
872,Toyota Corolla Axio,бензин,вариатор,760000,260000.0,2008,1,0,0
873,Toyota Vitz,бензин,вариатор,455000,185000.0,2008,1,0,0
874,Toyota Mark II,бензин,АКПП,380000,300000.0,1993,1,0,0
875,Toyota C-HR,гибрид,вариатор,2290000,30000.0,2018,1,0,0
876,Toyota Prius,гибрид,вариатор,600000,56000.0,2006,1,0,0
877,Toyota Corolla Cross,бензин,вариатор,2790000,6000.0,2022,1,0,0
878,Toyota Supra,бензин,автомат,5000000,95000.0,2019,1,0,0
879,Toyota C-HR,гибрид,вариатор,2350000,109000.0,2019,1,0,0
880,Toyota Land Cruiser Prado,бензин,АКПП,2550000,190000.0,2011,1,0,0
881,Toyota Passo,бензин,вариатор,610000,61000.0,2012,1,0,0
882,Toyota Fortuner,бензин,АКПП,1770000,230000.0,2008,1,0,0
883,Toyota Land Cruiser,дизель,АКПП,4290000,260000.0,2015,1,0,0
884,Toyota Kluger V,бензин,АКПП,1150000,212000.0,2000,1,0,0
885,Toyota Vitz,бензин,вариатор,770000,93000.0,2011,1,0,0
886,Toyota Prius Alpha,гибрид,вариатор,1400000,174000.0,2015,1,0,0
887,Toyota Estima,гибрид,вариатор,1450000,253891.0,2010,1,0,0
888,Toyota Caldina,бензин,АКПП,420000,130000.0,1999,1,0,0
889,Toyota Crown,бензин,АКПП,1330000,330.0,2012,1,0,0
890,Toyota Premio,бензин,вариатор,1700000,88000.0,2017,1,0,0
891,Toyota Wish,бензин,вариатор,1450000,103000.0,2015,1,0,0
892,Toyota Verossa,бензин,АКПП,650000,180000.0,2003,1,0,0
893,Toyota Prius,гибрид,вариатор,965000,202000.0,2011,1,0,0
894,Toyota Passo,бензин,АКПП,270000,90000.0,2004,1,0,0
895,Toyota Sai,гибрид,вариатор,1570000,185000.0,2014,1,0,0
896,Toyota Sienta,гибрид,вариатор,1150000,94134.0,2015,1,0,0
897,Toyota Sai,гибрид,вариатор,1130000,100000.0,2009,1,0,0
898,Toyota Land Cruiser,дизель,АКПП,2100000,360000.0,1996,1,0,0
899,Toyota Land Cruiser,дизель,АКПП,4750000,175000.0,2015,1,0,0
900,Toyota ist,бензин,АКПП,495000,157000.0,2003,1,0,0
901,Toyota RAV4,бензин,вариатор,1280000,179897.0,2006,1,0,0
902,Toyota Prius,гибрид,вариатор,1150000,174000.0,2013,1,0,0
903,Toyota Harrier,бензин,АКПП,3100000,85000.0,2019,1,0,0
904,Toyota Prius,гибрид,вариатор,830000,172500.0,2010,1,0,0
905,Toyota Prius,гибрид,вариатор,970000,246000.0,2011,1,0,0
906,Toyota Vanguard,бензин,вариатор,1250000,170000.0,2009,1,0,0
907,Toyota Mark II,бензин,АКПП,520000,330000.0,1993,1,0,0
908,Toyota Prius Alpha,гибрид,вариатор,1115000,212000.0,2013,1,0,0
909,Toyota Vitz,бензин,автомат,950000,128000.0,2016,1,0,0
910,Toyota Sai,гибрид,вариатор,2000000,101000.0,2014,1,0,0
911,Toyota Hilux Surf,бензин,АКПП,990000,196000.0,1994,1,0,0
912,Toyota Mark II,бензин,автомат,850000,268000.0,1998,1,0,0
913,Toyota Corolla Fielder,гибрид,вариатор,1170000,136000.0,2019,1,0,0
914,Toyota Passo,бензин,вариатор,835000,60000.0,2018,1,0,0
915,Toyota Supra,бензин,АКПП,4500000,185000.0,1997,1,0,0
916,Toyota Vitz,бензин,вариатор,390000,234887.0,2006,1,0,0
917,Toyota Caldina,бензин,АКПП,700000,287000.0,2006,1,0,0
918,Toyota Land Cruiser Prado,бензин,АКПП,1750000,223000.0,2001,1,0,0
919,Toyota Corolla Fielder,бензин,вариатор,850000,253000.0,2009,1,0,0
920,Toyota Yaris,бензин,вариатор,1310000,97000.0,2021,1,0,0
921,Toyota Ipsum,бензин,АКПП,415000,95000.0,1998,1,0,0
922,Toyota Aqua,гибрид,вариатор,835000,96000.0,2013,1,0,0
923,Toyota Aqua,гибрид,вариатор,749000,175375.0,2012,1,0,0
924,Toyota Vitz,бензин,механика,550000,262000.0,2006,1,0,0
925,Toyota RAV4,бензин,вариатор,950000,140000.0,2006,1,0,0
926,Toyota Mark II,бензин,АКПП,390000,170000.0,2001,1,0,0
927,Toyota Mark X,бензин,АКПП,1150000,80000.0,2008,1,0,0
928,Toyota Sienta,бензин,вариатор,1100000,73000.0,2016,1,0,0
929,Toyota Corona,бензин,АКПП,180000,139026.0,1993,1,0,0
930,Toyota Succeed,бензин,АКПП,500000,300.0,2008,1,0,0
931,Toyota Rush,бензин,АКПП,600000,127303.0,2006,1,0,0
932,Toyota Auris,бензин,вариатор,1000000,135000.0,2012,1,0,0
933,Toyota Land Cruiser Prado,дизель,АКПП,5750000,61000.0,2020,1,0,0
934,Toyota Prius,гибрид,вариатор,600000,187509.0,2010,1,0,0
935,Toyota Land Cruiser Prado,дизель,АКПП,6690000,38000.0,2022,1,0,0
936,Toyota Chaser,бензин,АКПП,700000,127583.0,1998,1,0,0
937,Toyota Prius PHV,гибрид,вариатор,1200000,187000.0,2012,1,0,0
938,Toyota Vitz,бензин,вариатор,550000,185000.0,2011,1,0,0
939,Toyota Carina,бензин,АКПП,350000,1.0,1997,1,0,0
940,Toyota Land Cruiser,дизель,АКПП,9900000,23100.0,2021,1,0,0
941,Toyota Corolla Levin,бензин,АКПП,270000,250000.0,1997,1,0,0
942,Toyota Chaser,бензин,АКПП,900000,140000.0,2000,1,0,0
943,Toyota Raize,бензин,вариатор,1409000,32113.0,2022,1,0,0
944,Toyota RAV4,бензин,вариатор,1650000,132288.0,2011,1,0,0
945,Toyota Land Cruiser,дизель,АКПП,2480000,290000.0,1996,1,0,0
946,Toyota Corolla,бензин,вариатор,1790000,108000.0,2021,1,0,0
947,Toyota Land Cruiser,бензин,АКПП,3800000,132000.0,2011,1,0,0
948,Toyota Land Cruiser Prado,дизель,АКПП,4380000,88000.0,2017,1,0,0
949,Toyota Starlet,бензин,автомат,200000,180000.0,1996,1,0,0
950,Toyota Mark II,бензин,АКПП,777000,350000.0,2003,1,0,0
951,Toyota Hilux,дизель,АКПП,5300000,100.0,2023,1,0,0
952,Toyota Hilux,дизель,АКПП,5200000,10.0,2023,1,0,0
953,Toyota Land Cruiser Prado,бензин,АКПП,3250000,185000.0,2011,1,0,0
954,Toyota Hilux,дизель,механика,350000,250000.0,1991,1,0,0
955,Toyota Land Cruiser,дизель,механика,3600000,205000.0,2006,1,0,0
956,Toyota Land Cruiser,дизель,механика,3600000,205000.0,2006,1,0,0
957,Toyota Corolla Fielder,гибрид,вариатор,1200000,115000.0,2013,1,0,0
958,Toyota RAV4,бензин,АКПП,388000,240000.0,1998,1,0,0
959,Toyota Land Cruiser Cygnus,бензин,АКПП,1788000,198000.0,1999,1,0,0
960,Toyota Premio,бензин,АКПП,758000,138000.0,2006,1,0,0
961,Toyota Isis,бензин,вариатор,1488000,90000.0,2012,1,0,0
962,Toyota Probox,гибрид,вариатор,1228000,127000.0,2019,1,0,0
963,Toyota Camry,гибрид,вариатор,2758000,103000.0,2018,1,0,0
964,Toyota Aqua,гибрид,вариатор,850000,221000.0,2015,1,0,0
965,Toyota Corona Premio,бензин,АКПП,355000,350000.0,1997,1,0,0
966,Toyota Auris,бензин,вариатор,850000,190000.0,2014,1,0,0
967,Toyota Aqua,гибрид,вариатор,850000,130151.0,2014,1,0,0
968,Toyota Aqua,гибрид,вариатор,665000,154000.0,2013,1,0,0
969,Toyota Land Cruiser Prado,бензин,АКПП,3557000,104614.0,2012,1,0,0
970,Toyota Land Cruiser Prado,бензин,АКПП,2100000,359000.0,2004,1,0,0
971,Toyota Land Cruiser Prado,бензин,АКПП,1500000,297000.0,2002,1,0,0
972,Toyota Wish,бензин,вариатор,1040000,136416.0,2010,1,0,0
973,Toyota Passo,бензин,вариатор,820000,52893.0,2017,1,0,0
974,Toyota Vitz,бензин,вариатор,815000,157044.0,2017,1,0,0
975,Toyota Succeed,бензин,вариатор,1250000,104000.0,2017,1,0,0
976,Toyota Alphard,гибрид,вариатор,2900000,87000.0,2012,1,0,0
977,Toyota Raum,бензин,АКПП,600000,352416.0,2008,1,0,0
978,Toyota Allion,бензин,вариатор,1750000,45327.0,2016,1,0,0
979,Toyota Ipsum,бензин,АКПП,545000,309000.0,1999,1,0,0
980,Toyota Premio,бензин,АКПП,850000,120000.0,2006,1,0,0
981,Toyota Roomy,бензин,вариатор,1050000,45797.0,2021,1,0,0
982,Toyota Camry,бензин,АКПП,2600000,72588.0,2019,1,0,0
983,Toyota Land Cruiser,бензин,АКПП,13300000,2820.0,2023,1,0,0
984,Toyota Land Cruiser,дизель,АКПП,1350000,405000.0,1994,1,0,0
985,Toyota C-HR,бензин,вариатор,1715000,47732.0,2018,1,0,0
986,Toyota Land Cruiser,бензин,АКПП,2915000,315541.0,2007,1,0,0
987,Toyota Prius,гибрид,вариатор,1665000,88835.0,2016,1,0,0
988,Toyota GT 86,бензин,механика,2490000,34535.0,2019,1,0,0
989,Toyota Vitz,бензин,вариатор,1050000,78428.0,2019,1,0,0
990,Toyota Tacoma,бензин,АКПП,3120000,155570.0,2009,1,0,0
991,Toyota Camry,гибрид,вариатор,2680000,127779.0,2019,1,0,0
992,Toyota Carina,бензин,АКПП,690000,222793.0,2001,1,0,0
993,Toyota Land Cruiser Prado,бензин,АКПП,3230000,156900.0,2014,1,0,0
994,Toyota Kluger V,бензин,АКПП,1190000,187842.0,2002,1,0,0
995,Toyota Vitz,бензин,вариатор,830000,106000.0,2013,1,0,0
996,Toyota RAV4,бензин,вариатор,4200000,48901.0,2024,1,0,0
997,Toyota Sienta,бензин,вариатор,1430000,121414.0,2019,1,0,0
998,Toyota Corolla Axio,бензин,вариатор,1200000,120000.0,2021,1,0,0
999,Toyota ist,бензин,вариатор,1180000,102000.0,2014,1,0,0
1000,Toyota Corolla Axio,бензин,вариатор,668000,260.0,2008,1,0,0
1001,Toyota Sienta,бензин,вариатор,500000,180000.0,2006,1,0,0
1002,Toyota Crown,бензин,АКПП,3350000,92000.0,2018,1,0,0
1003,Toyota Allion,бензин,вариатор,1630000,41000.0,2016,1,0,0
1004,Toyota Sprinter,бензин,АКПП,220000,325768.0,1991,1,0,0
1005,Toyota Crown,бензин,АКПП,1588000,114294.0,2009,1,0,0
1006,Toyota Land Cruiser Prado,бензин,АКПП,4850000,28000.0,2020,1,0,0
1007,Toyota Camry,гибрид,вариатор,4650000,,2024,1,0,0
1008,Toyota Corolla Fielder,бензин,вариатор,779000,173325.0,2008,1,0,0
1009,Toyota Wish,бензин,вариатор,1259000,215801.0,2014,1,0,0
1010,Toyota Wish,бензин,вариатор,1259000,215801.0,2014,1,0,0
1011,Toyota RAV4,бензин,вариатор,2649000,70339.0,2017,1,0,0
1012,Toyota Crown,бензин,АКПП,1550000,186000.0,2008,1,0,0
1013,Toyota C-HR,бензин,вариатор,1950000,31500.0,2018,1,0,0
1014,Toyota Ractis,бензин,вариатор,970000,81000.0,2014,1,0,0
1015,Toyota Corolla Fielder,бензин,вариатор,850000,260000.0,2012,1,0,0
1016,Toyota Carina,бензин,АКПП,169000,199999.0,1988,1,0,0
1017,Toyota Sienta,бензин,вариатор,750000,112000.0,2009,1,0,0
1018,Toyota Crown,бензин,АКПП,420000,327282.0,1990,1,0,0
1019,Toyota Prius Alpha,гибрид,вариатор,1900000,98000.0,2018,1,0,0
1020,Toyota Land Cruiser,бензин,АКПП,5180000,212373.0,2015,1,0,0
1021,Toyota Hilux,дизель,АКПП,4390000,192424.0,2020,1,0,0
1022,Toyota Land Cruiser,дизель,АКПП,10700000,37764.0,2021,1,0,0
1023,Toyota Land Cruiser Prado,бензин,АКПП,1950000,223328.0,2008,1,0,0
1024,Toyota Crown,гибрид,вариатор,2900000,155982.0,2018,1,0,0
1025,Toyota Passo,бензин,вариатор,580000,71116.0,2014,1,0,0
1026,Toyota C-HR,гибрид,вариатор,1699000,79979.0,2018,1,0,0
1027,Toyota Passo,бензин,вариатор,850000,10127.0,2020,1,0,0
1028,Toyota Corolla Fielder,бензин,вариатор,1700000,69589.0,2020,1,0,0
1029,Toyota Passo,бензин,вариатор,850000,10127.0,2020,1,0,0
1030,Toyota Corolla Fielder,бензин,вариатор,1700000,69589.0,2020,1,0,0
1031,Toyota RAV4,бензин,АКПП,2250000,62607.0,2016,1,0,0
1032,Toyota RAV4,бензин,вариатор,2280000,106038.0,2016,1,0,0
1033,Toyota Prius Alpha,гибрид,вариатор,1300000,227000.0,2012,1,0,0
1034,Toyota Town Ace Noah,бензин,автомат,450000,298000.0,1994,1,0,0
1035,Toyota C-HR,гибрид,вариатор,1750000,108000.0,2018,1,0,0
1036,Toyota Land Cruiser,дизель,механика,2200000,327000.0,2006,1,0,0
1037,Toyota Prius Alpha,гибрид,вариатор,1230000,240000.0,2014,1,0,0
1038,Toyota Corolla,бензин,АКПП,520000,308000.0,2000,1,0,0
1039,Toyota Caldina,бензин,АКПП,750000,340000.0,2007,1,0,0
1040,Toyota Vitz,бензин,вариатор,515000,192000.0,2010,1,0,0
1041,Toyota Corolla Rumion,бензин,вариатор,1000000,134000.0,2008,1,0,0
1042,Toyota Harrier,бензин,АКПП,780000,250000.0,1999,1,0,0
1043,Toyota Harrier,бензин,вариатор,3800000,37000.0,2020,1,0,0
1044,Toyota Lite Ace Noah,дизель,АКПП,520000,250.0,2000,1,0,0
1045,Toyota RAV4,бензин,механика,550000,256000.0,1994,1,0,0
1046,Toyota Vista,бензин,АКПП,230000,230000.0,1994,1,0,0
1047,Toyota Prius,гибрид,вариатор,1590000,104000.0,2017,1,0,0
1048,Toyota Allion,бензин,вариатор,1000000,152000.0,2009,1,0,0
1049,Toyota Harrier,бензин,вариатор,2808000,52000.0,2019,1,0,0
1050,Toyota Sprinter,бензин,АКПП,375000,195000.0,1994,1,0,0
1051,Toyota Mark II Wagon Qualis,бензин,АКПП,640000,260000.0,1999,1,0,0
1052,Toyota RAV4,бензин,вариатор,1750000,139250.0,2013,1,0,0
1053,Toyota Prius Alpha,гибрид,вариатор,1800000,100000.0,2019,1,0,0
1054,Toyota Harrier,гибрид,вариатор,2490000,179000.0,2014,1,0,0
1055,Toyota Allion,бензин,АКПП,700000,277000.0,2003,1,0,0
1056,Toyota Land Cruiser Prado,бензин,АКПП,4350000,137000.0,2017,1,0,0
1057,Toyota RAV4,бензин,АКПП,2600000,112000.0,2017,1,0,0
1058,Toyota Corolla Fielder,бензин,вариатор,990000,115000.0,2013,1,0,0
1059,Toyota C-HR,гибрид,вариатор,1660000,123000.0,2017,1,0,0
1060,Toyota Harrier,бензин,вариатор,2120000,95000.0,2016,1,0,0
1061,Toyota Prius,гибрид,вариатор,680000,285000.0,2011,1,0,0
1062,Toyota Raum,бензин,АКПП,880000,90100.0,2011,1,0,0
1063,Toyota Land Cruiser Prado,бензин,АКПП,3700000,108000.0,2016,1,0,0
1064,Toyota Corolla Fielder,гибрид,вариатор,1720000,60000.0,2019,1,0,0
1065,Toyota Crown,бензин,автомат,425000,202790.0,1991,1,0,0
1066,Toyota Isis,бензин,вариатор,1000000,116600.0,2011,1,0,0
1067,Toyota Harrier,бензин,автомат,3850000,37200.0,2020,1,0,0
1068,Toyota Platz,бензин,АКПП,380000,85000.0,2001,1,0,0
1069,Toyota Platz,бензин,АКПП,380000,85000.0,2001,1,0,0
1070,Toyota Camry,бензин,АКПП,818818,212000.0,2007,1,0,0
1071,Toyota RAV4,бензин,АКПП,1200000,153000.0,2008,1,0,0
1072,Toyota Sprinter,бензин,АКПП,536000,238000.0,1998,1,0,0
1073,Toyota Wish,бензин,вариатор,1250000,150000.0,2012,1,0,0
1074,Toyota Voltz,бензин,АКПП,650000,204300.0,2002,1,0,0
1075,Toyota Probox,бензин,АКПП,735000,125000.0,2014,1,0,0
1076,Toyota Land Cruiser Prado,бензин,АКПП,4650000,37000.0,2019,1,0,0
1077,Toyota RAV4,бензин,АКПП,799000,250000.0,2000,1,0,0
1078,Toyota Caldina,бензин,автомат,550000,201000.0,1979,1,0,0
1079,Toyota Harrier,бензин,вариатор,3100000,37000.0,2018,1,0,0
1080,Toyota Prius,гибрид,вариатор,1710000,200000.0,2018,1,0,0
1081,Toyota Succeed,бензин,вариатор,1050000,184000.0,2017,1,0,0
1082,Toyota Aqua,гибрид,вариатор,900000,104127.0,2014,1,0,0
1083,Toyota RAV4,бензин,вариатор,1830000,230000.0,2013,1,0,0
1084,Toyota Alphard,бензин,вариатор,5700000,26000.0,2019,1,0,0
1085,Toyota Belta,бензин,вариатор,600000,59000.0,2005,1,0,0
1086,Toyota Prius,гибрид,вариатор,1445000,200000.0,2017,1,0,0
1087,Toyota Crown,гибрид,вариатор,2850000,147000.0,2017,1,0,0
1088,Toyota Crown,бензин,АКПП,750000,257499.0,1998,1,0,0
1089,Toyota Ipsum,бензин,АКПП,570000,280000.0,1998,1,0,0
1090,Toyota Prius,гибрид,вариатор,838000,250000.0,2008,1,0,0
1091,Toyota Hiace,бензин,механика,2250000,190000.0,2008,1,0,0
1092,Toyota Premio,бензин,вариатор,980000,226000.0,2010,1,0,0
1093,Toyota ist,бензин,АКПП,550000,176200.0,2003,1,0,0
1094,Toyota Caldina,бензин,АКПП,425000,278312.0,1996,1,0,0
1095,Toyota Carina,бензин,АКПП,420000,330000.0,1997,1,0,0
1096,Toyota C-HR,бензин,вариатор,2300000,32000.0,2019,1,0,0
1097,Toyota Vitz,бензин,вариатор,550000,154000.0,2010,1,0,0
1098,Toyota Tank,бензин,вариатор,1050000,124988.0,2019,1,0,0
1099,Toyota Land Cruiser,бензин,АКПП,1750000,310000.0,1999,1,0,0
1100,Toyota Land Cruiser Prado,дизель,автомат,1350000,300000.0,1999,1,0,0
1101,Toyota Noah,гибрид,вариатор,2649000,125000.0,2017,1,0,0
1102,Toyota Wish,бензин,АКПП,780000,299000.0,2004,1,0,0
1103,Toyota Allion,бензин,вариатор,1450000,117000.0,2013,1,0,0
1104,Toyota Camry Gracia,бензин,АКПП,200000,150000.0,1997,1,0,0
1105,Toyota Noah,бензин,вариатор,2570000,62000.0,2019,1,0,0
1106,Toyota Camry,бензин,АКПП,3350000,50000.0,2021,1,0,0
1107,Toyota Roomy,бензин,вариатор,1066000,66600.0,2017,1,0,0
1108,Toyota RAV4,бензин,вариатор,2200000,98000.0,2017,1,0,0
1109,Toyota Corolla Runx,бензин,механика,550000,308000.0,2003,1,0,0
1110,Toyota Spade,бензин,вариатор,990000,90000.0,2013,1,0,0
1111,Toyota C-HR,бензин,вариатор,850000,62000.0,2019,1,0,0
1112,Toyota Aqua,гибрид,вариатор,840000,155300.0,2016,1,0,0
1113,Toyota Corona Exiv,бензин,механика,300000,275919.0,1998,1,0,0
1114,Toyota Auris,бензин,вариатор,720000,287000.0,2006,1,0,0
1115,Toyota Windom,бензин,АКПП,430000,450000.0,1996,1,0,0
1116,Toyota Harrier,гибрид,вариатор,2200000,146432.0,2015,1,0,0
1117,Toyota Sienta,бензин,вариатор,1475000,110600.0,2016,1,0,0
1118,Toyota Belta,бензин,АКПП,550000,98000.0,2010,1,0,0
1119,Toyota Land Cruiser,бензин,АКПП,6600000,140000.0,2016,1,0,0
1120,Toyota Prius,гибрид,вариатор,1850000,115000.0,2016,1,0,0
1121,Toyota Corolla Runx,бензин,АКПП,700000,230246.0,2005,1,0,0
1122,Toyota Prius Alpha,гибрид,вариатор,2100000,130000.0,2018,1,0,0
1123,Toyota Noah,гибрид,вариатор,1780000,160000.0,2014,1,0,0
1124,Toyota Prius,гибрид,вариатор,1160000,191000.0,2012,1,0,0
1125,Toyota Esquire,гибрид,вариатор,1910000,119950.0,2016,1,0,0
1126,Toyota Corona Premio,бензин,АКПП,535000,210000.0,2000,1,0,0
1127,Toyota Allion,бензин,вариатор,1250000,260183.0,2012,1,0,0
1128,Toyota Camry,бензин,АКПП,700000,198000.0,2001,1,0,0
1129,Toyota Prius,гибрид,вариатор,735000,1.0,2010,1,0,0
1130,Toyota WiLL VS,бензин,механика,400000,200000.0,2002,1,0,0
1131,Toyota Estima Emina,дизель,механика,365000,218000.0,1996,1,0,0
1132,Toyota Prius Alpha,гибрид,вариатор,1250000,160000.0,2014,1,0,0
1133,Toyota Premio,бензин,АКПП,650000,325000.0,2006,1,0,0
1134,Toyota Prius,гибрид,вариатор,899000,220000.0,2010,1,0,0
1135,Toyota Prius,гибрид,вариатор,1170000,240000.0,2011,1,0,0
1136,Toyota Vitz,бензин,вариатор,350000,178000.0,2005,1,0,0
1137,Toyota Prius,гибрид,вариатор,1099000,250000.0,2015,1,0,0
1138,Toyota Corolla Fielder,бензин,вариатор,1050000,190000.0,2010,1,0,0
1139,Toyota Corona,дизель,АКПП,200000,560000.0,1995,1,0,0
1140,Toyota Vitz,бензин,вариатор,955000,149000.0,2016,1,0,0
1141,Toyota Corolla Fielder,бензин,вариатор,800000,280000.0,2006,1,0,0
1142,Toyota Allion,бензин,вариатор,1000000,280000.0,2010,1,0,0
1143,Toyota Land Cruiser Prado,дизель,АКПП,4980000,39500.0,2019,1,0,0
1144,Toyota Corolla Axio,бензин,вариатор,600000,484000.0,2006,1,0,0
1145,Toyota WiLL VS,бензин,АКПП,700000,90000.0,2002,1,0,0
1146,Toyota Hilux,дизель,АКПП,4550000,50000.0,2022,1,0,0
1147,Toyota Land Cruiser,дизель,механика,1599000,460000.0,1997,1,0,0
1148,Toyota Venza,бензин,АКПП,1900000,200000.0,2010,1,0,0
1149,Toyota Mark II,дизель,АКПП,1200000,200000.0,1994,1,0,0
1150,Toyota Sienta,гибрид,вариатор,1450000,52000.0,2017,1,0,0
1151,Toyota Land Cruiser Prado,дизель,АКПП,2400000,293000.0,1998,1,0,0
1152,Toyota Prius,гибрид,вариатор,1545000,130000.0,2017,1,0,0
1153,Toyota Corolla,бензин,АКПП,169000,238000.0,1992,1,0,0
1154,Toyota C-HR,гибрид,вариатор,2075000,103000.0,2018,1,0,0
1155,Toyota Prius,гибрид,вариатор,2000000,69783.0,2019,1,0,0
1156,Toyota Corolla Ceres,бензин,АКПП,315000,254000.0,1992,1,0,0
1157,Toyota Voltz,бензин,АКПП,680000,145513.0,2002,1,0,0
1158,Toyota Corolla Axio,бензин,вариатор,565000,89000.0,2006,1,0,0
1159,Toyota Harrier,гибрид,вариатор,4300000,55000.0,2021,1,0,0
1160,Toyota Land Cruiser,дизель,АКПП,7200000,144000.0,2016,1,0,0
1161,Toyota Platz,бензин,АКПП,440000,142434.0,2000,1,0,0
1162,Toyota Crown,бензин,АКПП,1300000,282000.0,2003,1,0,0
1163,Toyota Fortuner,бензин,АКПП,2190000,118000.0,2011,1,0,0
1164,Toyota Camry,бензин,АКПП,1500000,236815.0,2018,1,0,0
1165,Toyota Prius,гибрид,вариатор,728000,190000.0,2008,1,0,0
1166,Toyota Vista,бензин,АКПП,120000,50000.0,1991,1,0,0
1167,Toyota Harrier,бензин,вариатор,2300000,105000.0,2016,1,0,0
1168,Toyota RAV4,бензин,АКПП,387425,397676.0,1995,1,0,0
1169,Toyota Harrier,бензин,АКПП,865000,321000.0,1998,1,0,0
1170,Toyota Allion,бензин,вариатор,969000,207000.0,2010,1,0,0
1171,Toyota Prius,гибрид,вариатор,1500000,130000.0,2015,1,0,0
1172,Toyota Nadia,бензин,АКПП,510000,250000.0,1999,1,0,0
1173,Toyota Land Cruiser Prado,бензин,АКПП,5150000,15000.0,2021,1,0,0
1174,Toyota Raize,бензин,вариатор,1450000,85000.0,2019,1,0,0
1175,Toyota Harrier,гибрид,вариатор,3600000,90000.0,2021,1,0,0
1176,Toyota Land Cruiser Prado,дизель,АКПП,5500000,51600.0,2021,1,0,0
1177,Toyota Allion,бензин,АКПП,645000,199000.0,2004,1,0,0
1178,Toyota Wish,бензин,вариатор,1250000,105000.0,2009,1,0,0
1179,Toyota Lite Ace,дизель,АКПП,350000,300000.0,1996,1,0,0
1180,Toyota Premio,бензин,вариатор,985000,153000.0,2010,1,0,0
1181,Toyota Wish,бензин,вариатор,1200000,211000.0,2012,1,0,0
1182,Toyota Ractis,бензин,вариатор,549000,106000.0,2005,1,0,0
1183,Toyota Gaia,бензин,АКПП,310000,412000.0,1999,1,0,0
1184,Toyota Camry,бензин,АКПП,1150000,300000.0,2007,1,0,0
1185,Toyota Premio,бензин,вариатор,1900000,75000.0,2018,1,0,0
1186,Toyota Allex,бензин,АКПП,519000,215000.0,2001,1,0,0
1187,Toyota Wish,бензин,АКПП,888000,190000.0,2006,1,0,0
1188,Toyota Corolla Fielder,бензин,вариатор,1250000,171000.0,2017,1,0,0
1189,Toyota Ipsum,бензин,АКПП,1140000,210000.0,2004,1,0,0
1190,Toyota Voxy,бензин,вариатор,1250000,220000.0,2008,1,0,0
1191,Toyota Brevis,бензин,АКПП,759000,210000.0,2001,1,0,0
1192,Toyota Vista,бензин,АКПП,435000,275000.0,1999,1,0,0
1193,Toyota Allion,бензин,вариатор,829000,176000.0,2008,1,0,0
1194,Toyota Corolla,бензин,автомат,219000,207000.0,2000,1,0,0
1195,Toyota Crown,бензин,АКПП,1950000,231000.0,2005,1,0,0
1196,Toyota Land Cruiser Cygnus,бензин,АКПП,3250000,258253.0,2004,1,0,0
1197,Toyota Aqua,гибрид,вариатор,800000,213000.0,2014,1,0,0
1198,Toyota Allion,бензин,вариатор,860000,200000.0,2008,1,0,0
1199,Toyota Camry,бензин,АКПП,950000,150736.0,2004,1,0,0
1200,Toyota Wish,бензин,вариатор,1400000,155500.0,2012,1,0,0
1201,Toyota Aqua,гибрид,вариатор,999999,1.0,2017,1,0,0
1202,Toyota Mark II,бензин,АКПП,475000,449387.0,1997,1,0,0
1203,Toyota Town Ace,бензин,АКПП,1450000,161000.0,2016,1,0,0
1204,Toyota Wish,бензин,вариатор,1220000,173000.0,2013,1,0,0
1205,Toyota Corolla Axio,бензин,вариатор,600000,353549.0,2007,1,0,0
1206,Toyota Funcargo,бензин,АКПП,335000,264743.0,2002,1,0,0
1207,Toyota Sienta,бензин,вариатор,1675000,34993.0,2022,1,0,0
1208,Toyota Crown,бензин,АКПП,740000,256000.0,1997,1,0,0
1209,Toyota Carina,бензин,АКПП,430000,194000.0,1997,1,0,0
1210,Toyota Nadia,бензин,АКПП,525000,300000.0,1999,1,0,0
1211,Toyota Passo,бензин,вариатор,495000,93700.0,2010,1,0,0
1212,Toyota Vanguard,бензин,вариатор,1450000,134000.0,2010,1,0,0
1213,Toyota Land Cruiser Prado,бензин,АКПП,3820000,95000.0,2014,1,0,0
1214,Toyota Prius,гибрид,вариатор,1490000,189000.0,2016,1,0,0
1215,Toyota Corolla,бензин,АКПП,180000,268000.0,1992,1,0,0
1216,Toyota Corolla,бензин,механика,250000,187000.0,1996,1,0,0
1217,Toyota Raize,бензин,вариатор,1595000,80000.0,2019,1,0,0
1218,Toyota Ipsum,бензин,АКПП,700000,300000.0,2001,1,0,0
1219,Toyota Camry,бензин,АКПП,3800001,55000.0,2020,1,0,0
1220,Toyota Platz,бензин,АКПП,225000,250000.0,2001,1,0,0
1221,Toyota Cresta,бензин,АКПП,600000,198000.0,1999,1,0,0
1222,Toyota Land Cruiser Prado,дизель,автомат,2386000,210300.0,1991,1,0,0
1223,Toyota Mark II,бензин,АКПП,480000,300000.0,1995,1,0,0
1224,Toyota Ipsum,бензин,АКПП,930000,215369.0,2001,1,0,0
1225,Toyota Carina,бензин,АКПП,420000,120850.0,1999,1,0,0
1226,Toyota Hilux Surf,дизель,АКПП,280000,309507.0,1991,1,0,0
1227,Toyota Corolla Spacio,бензин,АКПП,550000,270000.0,2001,1,0,0
1228,Toyota Corolla,бензин,механика,380000,273159.0,2002,1,0,0
1229,Toyota Prius,гибрид,вариатор,420000,340000.0,2005,1,0,0
1230,Toyota Harrier,бензин,вариатор,2449999,160000.0,2014,1,0,0
1231,Toyota Crown,бензин,АКПП,330000,320014.0,1992,1,0,0
1232,Toyota Hiace,дизель,АКПП,800000,150000.0,1996,1,0,0
1233,Toyota Hilux Surf,дизель,АКПП,1050000,15000.0,1996,1,0,0
1234,Toyota Corona Premio,бензин,АКПП,330000,210000.0,1996,1,0,0
1235,Toyota Corolla Fielder,бензин,вариатор,1450000,25000.0,2021,1,0,0
1236,Toyota Prius,гибрид,вариатор,989000,300000.0,2012,1,0,0
1237,Toyota Corolla Axio,бензин,вариатор,650000,150000.0,2010,1,0,0
1238,Toyota Ipsum,бензин,АКПП,290000,190000.0,1999,1,0,0
1239,Toyota Belta,бензин,вариатор,365000,120000.0,2006,1,0,0
1240,Toyota Sienta,бензин,вариатор,1150000,60000.0,2021,1,0,0
1241,Toyota Passo,бензин,вариатор,555000,132000.0,2010,1,0,0
1242,Toyota Corolla Axio,бензин,вариатор,750000,229000.0,2012,1,0,0
1243,Toyota Camry,бензин,АКПП,870000,220000.0,2006,1,0,0
1244,Toyota C-HR,бензин,вариатор,1800000,89000.0,2017,1,0,0
1245,Toyota Aqua,гибрид,вариатор,685000,166000.0,2014,1,0,0
1246,Toyota Belta,бензин,вариатор,670000,168900.0,2008,1,0,0
1247,Toyota Vitz,бензин,АКПП,365000,180000.0,2003,1,0,0
1248,Toyota Corolla,бензин,АКПП,359000,333100.0,1997,1,0,0
1249,Toyota Hilux Surf,дизель,АКПП,1920000,206713.0,1998,1,0,0
1250,Toyota Corolla,бензин,вариатор,1625000,42000.0,2018,1,0,0
1251,Toyota RAV4,бензин,вариатор,3299000,,2024,1,0,0
1252,Toyota Crown,бензин,АКПП,2040000,215000.0,2011,1,0,0
1253,Toyota Wish,бензин,вариатор,990000,62608.0,2011,1,0,0
1254,Toyota Noah,бензин,вариатор,265000,120000.0,2006,1,0,0
1255,Toyota Raize,бензин,вариатор,1687000,78000.0,2021,1,0,0
1256,Toyota Mark II,бензин,АКПП,350000,260000.0,1994,1,0,0
1257,Toyota RAV4,бензин,вариатор,2150000,189887.0,2013,1,0,0
1258,Toyota Hilux Surf,дизель,АКПП,1200000,173000.0,1996,1,0,0
1259,Toyota Platz,бензин,АКПП,230000,171829.0,2005,1,0,0
1260,Toyota Vitz,бензин,вариатор,829000,129701.0,2019,1,0,0
1261,Toyota Land Cruiser,бензин,АКПП,2100000,285000.0,2003,1,0,0
1262,Toyota Sienta,бензин,вариатор,1250000,100000.0,2017,1,0,0
1263,Toyota Vista,бензин,АКПП,250000,444444.0,1995,1,0,0
1264,Toyota Sienta,бензин,вариатор,1080000,65879.0,2020,1,0,0
1265,Toyota Premio,бензин,вариатор,1100000,135000.0,2009,1,0,0
1266,Toyota Allion,бензин,вариатор,1249000,171319.0,2015,1,0,0
1267,Toyota Passo Sette,бензин,АКПП,699000,218000.0,2010,1,0,0
1268,Toyota Premio,бензин,вариатор,1979000,44749.0,2020,1,0,0
1269,Toyota Wish,бензин,вариатор,1000000,280000.0,2010,1,0,0
1270,Toyota Mark II,бензин,АКПП,600000,460000.0,2002,1,0,0
1271,Toyota Land Cruiser Prado,бензин,АКПП,3225000,68719.0,2010,1,0,0
1272,Toyota Corsa,дизель,АКПП,350000,162605.0,1997,1,0,0
1273,Toyota Vitz,бензин,вариатор,650000,109051.0,2012,1,0,0
1274,Toyota Raize,бензин,вариатор,1695000,13400.0,2021,1,0,0
1275,Toyota Aqua,гибрид,вариатор,710000,157000.0,2014,1,0,0
1276,Toyota Corolla,бензин,механика,150000,240000.0,1998,1,0,0
1277,Toyota Mark II,бензин,АКПП,500000,250000.0,1993,1,0,0
1278,Toyota Camry,бензин,АКПП,2800000,54000.0,2018,1,0,0
1279,Toyota Land Cruiser,дизель,АКПП,3890000,145300.0,2013,1,0,0
1280,Toyota Corolla Axio,бензин,вариатор,1190000,42000.0,2020,1,0,0
1281,Toyota Isis,бензин,вариатор,1190000,120000.0,2011,1,0,0
1282,Toyota Nadia,бензин,автомат,665000,227700.0,2001,1,0,0
1283,Toyota Camry,гибрид,вариатор,2350000,118988.0,2017,1,0,0
1284,Toyota Caldina,бензин,АКПП,300000,250000.0,2000,1,0,0
1285,Toyota Cresta,бензин,АКПП,200000,235827.0,1993,1,0,0
1286,Toyota Platz,бензин,АКПП,380000,250000.0,2002,1,0,0
1287,Toyota Wish,бензин,вариатор,1330000,123000.0,2013,1,0,0
1288,Toyota Prius,гибрид,вариатор,980000,227000.0,2009,1,0,0
1289,Toyota RAV4,бензин,вариатор,2250000,68000.0,2016,1,0,0
1290,Toyota Raize,бензин,вариатор,1285000,49441.0,2022,1,0,0
1291,Toyota Raum,бензин,АКПП,275000,247537.0,1997,1,0,0
1292,Toyota Estima,бензин,АКПП,650000,333333.0,1997,1,0,0
1293,Toyota Aqua,гибрид,вариатор,1350000,97000.0,2019,1,0,0
1294,Toyota C-HR,бензин,вариатор,3000000,22800.0,2021,1,0,0
1295,Toyota Prius PHV,гибрид,вариатор,1210000,217000.0,2013,1,0,0
1296,Toyota Allion,бензин,вариатор,950000,126324.0,2008,1,0,0
1297,Toyota Corolla Axio,бензин,вариатор,609000,132000.0,2009,1,0,0
1298,Toyota Corolla Axio,бензин,вариатор,1500000,73.0,2019,1,0,0
1299,Toyota Vitz,бензин,АКПП,580000,157000.0,2009,1,0,0
1300,Toyota Land Cruiser Prado,бензин,АКПП,2830000,165000.0,2010,1,0,0
1301,Toyota Platz,бензин,АКПП,250000,300000.0,2003,1,0,0
1302,Toyota Premio,бензин,вариатор,890000,230000.0,2007,1,0,0
1303,Toyota Alphard,бензин,вариатор,3099000,159000.0,2017,1,0,0
1304,Toyota Prius Alpha,гибрид,вариатор,1150000,198000.0,2015,1,0,0
1305,Toyota C-HR,бензин,вариатор,2150000,77000.0,2020,1,0,0
1306,Toyota Harrier,бензин,вариатор,2780000,117000.0,2017,1,0,0
1307,Toyota Allion,бензин,вариатор,799000,247000.0,2008,1,0,0
1308,Toyota Prius,гибрид,вариатор,980000,250000.0,2010,1,0,0
1309,Toyota Passo,бензин,АКПП,279999,233000.0,2007,1,0,0
1310,Toyota Wish,бензин,вариатор,1400000,99000.0,2013,1,0,0
1311,Toyota Crown,гибрид,АКПП,265000,170000.0,2001,1,0,0
1312,Toyota Land Cruiser,дизель,автомат,1650000,350618.0,1991,1,0,0
1313,Toyota Prius Alpha,гибрид,вариатор,1510000,133000.0,2016,1,0,0
1314,Toyota Auris,бензин,механика,750000,220000.0,2010,1,0,0
1315,Toyota Corolla Axio,бензин,вариатор,900000,137000.0,2011,1,0,0
1316,Toyota Camry,бензин,АКПП,1000000,330000.0,2006,1,0,0
1317,Toyota Estima,гибрид,вариатор,1500000,241000.0,2010,1,0,0
1318,Toyota Probox,бензин,вариатор,1200000,88000.0,2019,1,0,0
1319,Toyota Rush,бензин,АКПП,1040000,145500.0,2009,1,0,0
1320,Toyota Corolla Axio,бензин,вариатор,710000,165000.0,2009,1,0,0
1321,Toyota Premio,бензин,АКПП,710000,147000.0,2005,1,0,0
1322,Toyota Corolla Spacio,бензин,АКПП,350000,171904.0,1997,1,0,0
1323,Toyota Mark II,бензин,АКПП,400000,180000.0,1990,1,0,0
1324,Toyota Prius Alpha,гибрид,вариатор,1500000,209000.0,2015,1,0,0
1325,Toyota Land Cruiser Prado,дизель,АКПП,1700000,306000.0,1994,1,0,0
1326,Toyota Vitz,бензин,АКПП,340000,170000.0,2000,1,0,0
1327,Toyota Esquire,бензин,вариатор,2650000,76000.0,2018,1,0,0
1328,Toyota Cresta,бензин,автомат,485000,300000.0,1987,1,0,0
1329,Toyota Land Cruiser Prado,дизель,АКПП,4290000,62000.0,2018,1,0,0
1330,Toyota Passo,бензин,вариатор,755000,98700.0,2019,1,0,0
1331,Toyota Prius,гибрид,вариатор,580000,250000.0,2008,1,0,0
1332,Toyota Kluger V,бензин,АКПП,1050000,390000.0,2001,1,0,0
1333,Toyota Camry,гибрид,вариатор,1820000,260000.0,2012,1,0,0
1334,Toyota Corolla Spacio,бензин,АКПП,680000,175500.0,2004,1,0,0
1335,Toyota Harrier,гибрид,вариатор,2850000,128000.0,2014,1,0,0
1336,Toyota C-HR,бензин,вариатор,1850000,75000.0,2017,1,0,0
1337,Toyota Hiace,дизель,механика,300000,600000.0,1988,1,0,0
1338,Toyota Aqua,гибрид,вариатор,900000,230000.0,2015,1,0,0
1339,Toyota Probox,бензин,вариатор,1200000,91000.0,2017,1,0,0
1340,Toyota Nadia,бензин,АКПП,550000,175000.0,2000,1,0,0
1341,Toyota Vitz,гибрид,вариатор,1150000,140000.0,2017,1,0,0
1342,Toyota Auris,бензин,вариатор,700000,210000.0,2010,1,0,0
1343,Toyota Mark X,бензин,АКПП,990000,266000.0,2005,1,0,0
1344,Toyota Corolla,бензин,АКПП,200000,300000.0,1992,1,0,0
1345,Toyota Corolla Fielder,гибрид,вариатор,1200000,207000.0,2013,1,0,0
1346,Toyota Vitz,бензин,вариатор,550000,204000.0,2010,1,0,0
1347,Toyota Probox,бензин,вариатор,880000,245000.0,2016,1,0,0
1348,Toyota Land Cruiser Prado,дизель,АКПП,5200000,97231.0,2020,1,0,0
1349,Toyota Ractis,бензин,вариатор,799000,118355.0,2014,1,0,0
1350,Toyota Estima,гибрид,вариатор,890000,150000.0,2002,1,0,0
1351,Toyota Land Cruiser,бензин,АКПП,2500000,305000.0,1999,1,0,0
1352,Toyota Carina,бензин,АКПП,140000,200000.0,1989,1,0,0
1353,Toyota Corolla II,бензин,АКПП,150000,200000.0,1991,1,0,0
1354,Toyota Crown,гибрид,вариатор,3650000,133000.0,2019,1,0,0
1355,Toyota Passo,бензин,вариатор,590000,114000.0,2012,1,0,0
1356,Toyota C-HR,гибрид,вариатор,2000000,68000.0,2017,1,0,0
1357,Toyota Wish,бензин,АКПП,750000,297000.0,2003,1,0,0
1358,Toyota Prius,гибрид,вариатор,960000,335000.0,2012,1,0,0
1359,Toyota Land Cruiser,дизель,АКПП,1800000,410.0,2001,1,0,0
1360,Toyota Vitz,бензин,вариатор,530000,205000.0,2014,1,0,0
1361,Toyota Highlander,бензин,АКПП,2350000,166000.0,2012,1,0,0
1362,Toyota Premio,бензин,вариатор,1350000,72226.0,2015,1,0,0
1363,Toyota Land Cruiser Prado,бензин,АКПП,4320000,93000.0,2018,1,0,0
1364,Toyota RAV4,бензин,АКПП,2000000,135100.0,2013,1,0,0
1365,Toyota Prius,гибрид,вариатор,765000,258337.0,2010,1,0,0
1366,Toyota Chaser,бензин,АКПП,380000,398000.0,1994,1,0,0
1367,Toyota Prius,гибрид,вариатор,1550000,213000.0,2016,1,0,0
1368,Toyota Carina,бензин,механика,450000,17000.0,1999,1,0,0
1369,Toyota RAV4,бензин,АКПП,880000,150000.0,2006,1,0,0
1370,Toyota Land Cruiser,дизель,АКПП,6800000,91000.0,2016,1,0,0
1371,Toyota Belta,бензин,вариатор,400000,197688.0,2007,1,0,0
1372,Toyota Ipsum,бензин,АКПП,500000,350000.0,1998,1,0,0
1373,Toyota Voxy,гибрид,автомат,1646000,119500.0,2014,1,0,0
1374,Toyota Prius,гибрид,вариатор,1420000,138000.0,2015,1,0,0
1375,Toyota Chaser,бензин,АКПП,900000,427075.0,2001,1,0,0
1376,Toyota Corolla Fielder,бензин,вариатор,1240000,106394.0,2022,1,0,0
1377,Toyota Hiace,дизель,механика,610000,500000.0,2003,1,0,0
1378,Toyota Mark X,бензин,АКПП,2350000,121800.0,2018,1,0,0
1379,Toyota Prius,гибрид,вариатор,650000,257000.0,2010,1,0,0
1380,Toyota Ractis,бензин,вариатор,650000,82240.0,2009,1,0,0
1381,Toyota Aqua,гибрид,вариатор,850000,170000.0,2014,1,0,0
1382,Toyota Vista,бензин,АКПП,450000,200000.0,1998,1,0,0
1383,Toyota Isis,бензин,вариатор,1080000,20000.0,2011,1,0,0
1384,Toyota Corolla,бензин,АКПП,250000,380000.0,1999,1,0,0
1385,Toyota Prius,гибрид,вариатор,1310000,408356.0,2016,1,0,0
1386,Toyota Isis,бензин,вариатор,1220000,199000.0,2012,1,0,0
1387,Toyota Rush,бензин,АКПП,780000,180000.0,2006,1,0,0
1388,Toyota Land Cruiser,бензин,АКПП,3290000,300000.0,2010,1,0,0
1389,Toyota Supra,бензин,АКПП,860000,230000.0,1986,1,0,0
1390,Toyota Vitz,бензин,вариатор,750000,180000.0,2015,1,0,0
1391,Toyota Corolla Axio,бензин,вариатор,710000,270000.0,2010,1,0,0
1392,Toyota Ractis,бензин,вариатор,595000,240000.0,2008,1,0,0
1393,Toyota Land Cruiser Prado,бензин,АКПП,3700000,115000.0,2015,1,0,0
1394,Toyota Corolla Rumion,бензин,вариатор,1050000,136000.0,2013,1,0,0
1395,Toyota Premio,бензин,вариатор,1480000,82000.0,2014,1,0,0
1396,Toyota Sai,гибрид,вариатор,1300000,250000.0,2010,1,0,0
1397,Toyota Vanguard,бензин,вариатор,1235000,203000.0,2008,1,0,0
1398,Toyota C-HR,гибрид,вариатор,2450000,97000.0,2017,1,0,0
1399,Toyota Probox,бензин,вариатор,950000,117340.0,2017,1,0,0
1400,Toyota Wish,бензин,вариатор,1200000,123000.0,2010,1,0,0
1401,Toyota Hilux,дизель,АКПП,3100000,213000.0,2017,1,0,0
1402,Toyota Hilux,дизель,АКПП,2300000,189000.0,2012,1,0,0
1403,Toyota Vitz,бензин,вариатор,700000,161773.0,2011,1,0,0
1404,Toyota Corolla Fielder,гибрид,вариатор,1500000,127000.0,2018,1,0,0
1405,Toyota Corolla Axio,бензин,вариатор,670000,400000.0,2011,1,0,0
1406,Toyota Harrier,бензин,вариатор,2200000,160000.0,2016,1,0,0
1407,Toyota Camry,бензин,АКПП,1790000,71500.0,2016,1,0,0
1408,Toyota bB,бензин,АКПП,430000,255000.0,2001,1,0,0
1409,Toyota Land Cruiser Prado,бензин,АКПП,2790000,129500.0,2011,1,0,0
1410,Toyota Prius Alpha,гибрид,вариатор,1265000,180000.0,2015,1,0,0
1411,Toyota Aqua,гибрид,вариатор,825000,180000.0,2013,1,0,0
1412,Toyota Camry,гибрид,вариатор,1800000,182824.0,2014,1,0,0
1413,Toyota Prius,гибрид,вариатор,700000,201973.0,2009,1,0,0
1414,Toyota Estima,гибрид,вариатор,2250000,170000.0,2015,1,0,0
1415,Toyota Premio,бензин,АКПП,580000,255000.0,2003,1,0,0
1416,Toyota Blade,бензин,вариатор,990000,217.0,2007,1,0,0
1417,Toyota bB,бензин,АКПП,425000,100000.0,2004,1,0,0
1418,Toyota Prius,гибрид,вариатор,1580000,105000.0,2016,1,0,0
1419,Toyota Duet,бензин,АКПП,265000,100000.0,2003,1,0,0
1420,Toyota Gaia,бензин,АКПП,700000,267000.0,1999,1,0,0
1421,Toyota C-HR,бензин,вариатор,1857000,27287.0,2019,1,0,0
1422,Toyota Land Cruiser Prado,бензин,АКПП,4200000,53000.0,2019,1,0,0
1423,Toyota Chaser,бензин,АКПП,2250000,100000.0,2000,1,0,0
1424,Toyota Yaris Cross,бензин,вариатор,1730000,50000.0,2020,1,0,0
1425,Toyota Wish,бензин,вариатор,1520000,135000.0,2013,1,0,0
1426,Toyota ist,бензин,АКПП,410000,265194.0,2002,1,0,0
1427,Toyota Camry,гибрид,вариатор,1355555,273903.0,2012,1,0,0
1428,Toyota Vitz,бензин,вариатор,950000,132000.0,2018,1,0,0
1429,Toyota Camry,бензин,АКПП,1250000,295000.0,2008,1,0,0
1430,Toyota Camry,бензин,АКПП,1080000,249000.0,2007,1,0,0
1431,Toyota Harrier,гибрид,вариатор,3900000,59000.0,2020,1,0,0
1432,Toyota Corolla,бензин,механика,110000,440000.0,1989,1,0,0
1433,Toyota Harrier,бензин,вариатор,2515000,91000.0,2017,1,0,0
1434,Toyota Corolla,бензин,АКПП,65000,150000.0,1992,1,0,0
1435,Toyota Kluger V,бензин,АКПП,950000,100000.0,2002,1,0,0
1436,Toyota Vista,бензин,АКПП,400000,250000.0,2000,1,0,0
1437,Toyota Gaia,бензин,АКПП,480000,150000.0,2000,1,0,0
1438,Toyota RAV4,бензин,АКПП,750000,191000.0,2000,1,0,0
1439,Toyota Allion,бензин,вариатор,820000,235000.0,2007,1,0,0
1440,Toyota Land Cruiser Prado,бензин,АКПП,3990000,109000.0,2017,1,0,0
1441,Toyota Harrier,бензин,АКПП,1220000,200000.0,2003,1,0,0
1442,Toyota Land Cruiser Cygnus,бензин,АКПП,1950000,218000.0,2000,1,0,0
1443,Toyota Wish,бензин,вариатор,1100000,109000.0,2009,1,0,0
1444,Toyota RAV4,бензин,вариатор,1400000,270000.0,2011,1,0,0
1445,Toyota Vitz,бензин,АКПП,425000,278000.0,2003,1,0,0
1446,Toyota Hilux Surf,дизель,АКПП,1200000,400000.0,1998,1,0,0
1447,Toyota Corolla Axio,бензин,вариатор,1150000,100230.0,2018,1,0,0
1448,Toyota RAV4,бензин,вариатор,2100000,140000.0,2015,1,0,0
1449,Toyota Prius,гибрид,вариатор,1200000,119870.0,2012,1,0,0
1450,Toyota Land Cruiser,дизель,АКПП,3245000,273154.0,1996,1,0,0
1451,Toyota Camry,бензин,АКПП,1670000,188000.0,2016,1,0,0
1452,Toyota Land Cruiser Prado,бензин,АКПП,1465000,217000.0,1998,1,0,0
1453,Toyota Corolla,бензин,АКПП,225000,289235.0,1999,1,0,0
1454,Toyota Corolla Spacio,бензин,АКПП,480000,299999.0,1997,1,0,0
1455,Toyota Corolla Axio,бензин,вариатор,1100000,142500.0,2015,1,0,0
1456,Toyota Corolla Fielder,бензин,АКПП,600000,267000.0,2003,1,0,0
1457,Toyota Land Cruiser Prado,бензин,АКПП,3600000,275000.0,2014,1,0,0
1458,Toyota Prius,гибрид,вариатор,830000,239000.0,2010,1,0,0
1459,Toyota Harrier,бензин,вариатор,2590000,90000.0,2019,1,0,0
1460,Toyota Camry,бензин,АКПП,780000,303000.0,2006,1,0,0
1461,Toyota C-HR,бензин,вариатор,2000000,103000.0,2017,1,0,0
1462,Toyota Sprinter,бензин,АКПП,175000,112300.0,1991,1,0,0
1463,Toyota Vitz,бензин,автомат,627000,110000.0,2008,1,0,0
1464,Toyota Camry,гибрид,автомат,2700000,120000.0,2019,1,0,0
1465,Toyota Hilux,дизель,механика,2550000,182000.0,2015,1,0,0
1466,Toyota Land Cruiser Prado,дизель,АКПП,1258000,258000.0,1997,1,0,0
1467,Toyota Mark II,бензин,АКПП,625000,397200.0,1999,1,0,0
1468,Toyota Corolla Axio,бензин,вариатор,930000,101000.0,2015,1,0,0
1469,Toyota Harrier,гибрид,вариатор,3999000,25000.0,2021,1,0,0
1470,Toyota Tank,бензин,вариатор,1000000,107000.0,2017,1,0,0
1471,Toyota Probox,бензин,АКПП,395000,235000.0,2002,1,0,0
1472,Toyota Corona,бензин,механика,175000,241700.0,1989,1,0,0
1473,Toyota Sprinter,бензин,механика,180000,200000.0,1991,1,0,0
1474,Toyota Prius,гибрид,вариатор,910000,230000.0,2011,1,0,0
1475,Toyota Corolla Fielder,бензин,вариатор,950000,152000.0,2011,1,0,0
1476,Toyota Corolla Fielder,гибрид,вариатор,1015000,188000.0,2013,1,0,0
1477,Toyota Crown,бензин,АКПП,1400000,150000.0,2002,1,0,0
1478,Toyota Voxy,бензин,вариатор,1530000,196000.0,2010,1,0,0
1479,Toyota Succeed,бензин,вариатор,1069000,119000.0,2018,1,0,0
1480,Toyota C-HR,бензин,механика,1398000,20000.0,2020,1,0,0
1481,Toyota RAV4,бензин,вариатор,1399000,167000.0,2011,1,0,0
1482,Toyota Crown,гибрид,вариатор,3550000,101800.0,2018,1,0,0
1483,Toyota Mark II,бензин,АКПП,570000,200000.0,2001,1,0,0
1484,Toyota Lite Ace,дизель,АКПП,170000,300000.0,1992,1,0,0
1485,Toyota Sienta,бензин,вариатор,1120000,90000.0,2015,1,0,0
1486,Toyota Alphard,бензин,АКПП,1100000,11111.0,2005,1,0,0
1487,Toyota Ractis,бензин,вариатор,750000,118000.0,2012,1,0,0
1488,Toyota Aristo,бензин,АКПП,1350000,315000.0,1994,1,0,0
1489,Toyota Vista Ardeo,бензин,АКПП,470000,220000.0,1998,1,0,0
1490,Toyota Cresta,бензин,АКПП,525000,250000.0,2000,1,0,0
1491,Toyota Corolla Fielder,бензин,вариатор,1300000,136120.0,2018,1,0,0
1492,Toyota Mark II,бензин,АКПП,650000,230000.0,2000,1,0,0
1493,Toyota Corolla Axio,бензин,вариатор,600000,230000.0,2010,1,0,0
1494,Toyota Voxy,гибрид,вариатор,1700000,148000.0,2014,1,0,0
1495,Toyota Vista,бензин,АКПП,348000,240000.0,1997,1,0,0
1496,Toyota Crown Majesta,бензин,АКПП,738000,200000.0,1997,1,0,0
1497,Toyota C-HR,бензин,вариатор,1840000,40000.0,2018,1,0,0
1498,Toyota Mark X,бензин,АКПП,1028000,200000.0,2005,1,0,0
1499,Toyota Land Cruiser Prado,бензин,АКПП,3000000,318000.0,2011,1,0,0
1500,Toyota Harrier,бензин,АКПП,820000,278000.0,1999,1,0,0
1501,Toyota Land Cruiser,бензин,АКПП,5500000,135000.0,2011,1,0,0
1502,Toyota Prius,гибрид,вариатор,900000,184001.0,2009,1,0,0
1503,Toyota Passo,бензин,вариатор,720000,110000.0,2018,1,0,0
1504,Toyota Vitz,бензин,вариатор,550000,210000.0,2009,1,0,0
1505,Toyota Land Cruiser Prado,бензин,АКПП,1950000,290000.0,2006,1,0,0
1506,Toyota Platz,бензин,АКПП,230000,300000.0,2002,1,0,0
1507,Toyota Alphard,бензин,вариатор,2550000,170000.0,2013,1,0,0
1508,Toyota Raize,бензин,вариатор,1548000,81000.0,2019,1,0,0
1509,Toyota Vitz,бензин,механика,675000,202000.0,2008,1,0,0
1510,Toyota Corolla Fielder,бензин,вариатор,985000,144000.0,2016,1,0,0
1511,Toyota Camry,бензин,АКПП,998000,253000.0,2006,1,0,0
1512,Toyota Noah,бензин,вариатор,1298000,153000.0,2010,1,0,0
1513,Toyota Corolla Fielder,гибрид,вариатор,1500000,105000.0,2018,1,0,0
1514,Toyota Passo,бензин,вариатор,459000,69853.0,2011,1,0,0
1515,Toyota Wish,бензин,АКПП,545000,271000.0,2006,1,0,0
1516,Toyota Alphard,гибрид,вариатор,4999000,93727.0,2018,1,0,0
1517,Toyota Land Cruiser Prado,дизель,АКПП,4349000,78690.0,2019,1,0,0
1518,Toyota Corolla Axio,бензин,вариатор,849000,151500.0,2013,1,0,0
1519,Toyota Cresta,бензин,АКПП,320000,285000.0,1995,1,0,0
1520,Toyota Vitz,бензин,вариатор,385000,213000.0,2005,1,0,0
1521,Toyota Noah,бензин,вариатор,1315000,135000.0,2010,1,0,0
1522,Toyota Starlet,бензин,АКПП,220000,100000.0,1999,1,0,0
1523,Toyota Town Ace Noah,бензин,АКПП,650000,152000.0,1998,1,0,0
1524,Toyota Harrier,бензин,АКПП,759000,249000.0,1999,1,0,0
1525,Toyota Ractis,бензин,вариатор,559000,209000.0,2006,1,0,0
1526,Toyota ist,бензин,АКПП,459000,225000.0,2002,1,0,0
1527,Toyota Vitz,бензин,вариатор,559000,145000.0,2008,1,0,0
1528,Toyota Corolla Fielder,бензин,АКПП,459000,259000.0,2003,1,0,0
1529,Toyota Land Cruiser Prado,бензин,АКПП,4280000,89462.0,2018,1,0,0
1530,Toyota Auris,бензин,вариатор,587000,300000.0,2006,1,0,0
1531,Toyota Corolla,бензин,АКПП,555000,300000.0,2005,1,0,0
1532,Toyota Town Ace Noah,бензин,АКПП,675000,250000.0,1999,1,0,0
1533,Toyota Mark II,бензин,АКПП,650000,300000.0,2001,1,0,0
1534,Toyota Mark II Wagon Blit,бензин,АКПП,690000,190000.0,2002,1,0,0
1535,Toyota Passo,бензин,вариатор,600000,122000.0,2013,1,0,0
1536,Toyota Camry,дизель,АКПП,189000,200000.0,1996,1,0,0
1537,Toyota Corolla,бензин,АКПП,515000,200000.0,2002,1,0,0
1538,Toyota Vitz,бензин,АКПП,295000,230000.0,1999,1,0,0
1539,Toyota Ipsum,бензин,АКПП,445000,255000.0,1997,1,0,0
1540,Toyota Corona Premio,бензин,АКПП,250000,230000.0,1996,1,0,0
1541,Toyota Caldina,бензин,АКПП,345000,211000.0,1994,1,0,0
1542,Toyota Wish,бензин,АКПП,830000,166000.0,2006,1,0,0
1543,Toyota Harrier,бензин,АКПП,1580000,194238.0,2005,1,0,0
1544,Toyota C-HR,бензин,автомат,1755000,59500.0,2018,1,0,0
1545,Toyota Caldina,бензин,АКПП,650000,350000.0,2003,1,0,0
1546,Toyota Land Cruiser,бензин,АКПП,6380000,151794.0,2015,1,0,0
1547,Toyota Land Cruiser,бензин,АКПП,6000000,148000.0,2016,1,0,0
1548,Toyota Land Cruiser Prado,бензин,АКПП,2678000,167898.0,2012,1,0,0
1549,Toyota Land Cruiser Prado,бензин,АКПП,2458000,187559.0,2010,1,0,0
1550,Toyota Land Cruiser Prado,дизель,АКПП,2098000,160593.0,2006,1,0,0
1551,Toyota Tundra,бензин,АКПП,2880000,106657.0,2009,1,0,0
1552,Toyota Tundra,бензин,АКПП,2758000,241000.0,2007,1,0,0
1553,Toyota Land Cruiser Prado,бензин,АКПП,2850000,217473.0,2010,1,0,0
1554,Toyota Land Cruiser,дизель,АКПП,3588000,164788.0,2013,1,0,0
1555,Toyota Land Cruiser,дизель,АКПП,2680000,196000.0,2008,1,0,0
1556,Toyota Land Cruiser,дизель,АКПП,2288000,235000.0,2006,1,0,0
1557,Toyota Land Cruiser Prado,бензин,АКПП,2098000,164163.0,2008,1,0,0
1558,Toyota Land Cruiser,бензин,АКПП,1998000,339000.0,2003,1,0,0
1559,Toyota Land Cruiser,дизель,АКПП,1688000,287000.0,1998,1,0,0
1560,Toyota Corolla Spacio,бензин,АКПП,370000,300000.0,1998,1,0,0
1561,Toyota Hiace,дизель,АКПП,8490000,41000.0,2020,1,0,0
1562,Toyota Chaser,бензин,АКПП,850000,251000.0,1999,1,0,0
1563,Toyota Harrier,бензин,автомат,870000,328000.0,1999,1,0,0
1564,Toyota Mark II,бензин,механика,630000,11238.0,2000,1,0,0
1565,Toyota Corsa,бензин,механика,270000,207600.0,1998,1,0,0
1566,Toyota Cresta,бензин,АКПП,350000,240000.0,1995,1,0,0
1567,Toyota Prius,гибрид,вариатор,2370000,123000.0,2020,1,0,0
1568,Toyota Passo,бензин,АКПП,409000,259000.0,2009,1,0,0
1569,Toyota C-HR,бензин,вариатор,1640000,50000.0,2018,1,0,0
1570,Toyota Crown,бензин,АКПП,1830000,152243.0,2012,1,0,0
1571,Toyota Land Cruiser Prado,бензин,АКПП,3750000,203183.0,2010,1,0,0
1572,Toyota Land Cruiser Prado,бензин,АКПП,1898000,224000.0,2002,1,0,0
1573,Toyota Voxy,гибрид,вариатор,2550000,79000.0,2018,1,0,0
1574,Toyota Vellfire,бензин,вариатор,1789000,230000.0,2010,1,0,0
1575,Toyota Mark II,бензин,АКПП,700000,181220.0,1992,1,0,0
1576,Toyota Passo,бензин,вариатор,470000,117000.0,2010,1,0,0
1577,Toyota Corolla,бензин,АКПП,350000,175000.0,2000,1,0,0
1578,Toyota Platz,бензин,АКПП,225000,179000.0,2002,1,0,0
1579,Toyota Caldina,бензин,АКПП,819000,255000.0,2005,1,0,0
1580,Toyota Allion,бензин,АКПП,599000,181000.0,2002,1,0,0
1581,Toyota Camry,бензин,АКПП,679000,194000.0,2004,1,0,0
1582,Toyota Corolla Spacio,бензин,АКПП,390000,296000.0,1997,1,0,0
1583,Toyota Funcargo,бензин,АКПП,415000,249000.0,1999,1,0,0
1584,Toyota Wish,бензин,вариатор,1150000,100000.0,2009,1,0,0
1585,Toyota C-HR,бензин,вариатор,2380000,20000.0,2022,1,0,0
1586,Toyota Passo,бензин,вариатор,610000,112000.0,2017,1,0,0
1587,Toyota Mark II,бензин,АКПП,429000,200000.0,1996,1,0,0
1588,Toyota Land Cruiser,дизель,АКПП,5000000,160000.0,1997,1,0,0
1589,Toyota Premio,бензин,вариатор,950000,170000.0,2008,1,0,0
1590,Toyota Sprinter,бензин,АКПП,375000,284000.0,1997,1,0,0
1591,Toyota Corolla Axio,бензин,вариатор,750000,170000.0,2009,1,0,0
1592,Toyota Hiace,дизель,АКПП,1100000,300.0,2002,1,0,0
1593,Toyota Camry,бензин,АКПП,550000,100000.0,2003,1,0,0
1594,Toyota Land Cruiser Prado,дизель,АКПП,3600000,190000.0,2015,1,0,0
1595,Toyota Mark II,бензин,АКПП,550000,135000.0,1999,1,0,0
1596,Toyota RAV4,бензин,вариатор,1500000,250000.0,2011,1,0,0
1597,Toyota Vitz,бензин,вариатор,535000,133000.0,2007,1,0,0
1598,Toyota Crown,гибрид,вариатор,3650000,56000.0,2018,1,0,0
1599,Toyota Prius,гибрид,вариатор,900000,208000.0,2010,1,0,0
1600,Toyota Aqua,гибрид,вариатор,800000,176000.0,2012,1,0,0
1601,Toyota Prius Alpha,гибрид,вариатор,1180000,60000.0,2012,1,0,0
1602,Toyota Belta,бензин,вариатор,350000,371281.0,2005,1,0,0
1603,Toyota Town Ace Noah,бензин,АКПП,155000,220000.0,2000,1,0,0
1604,Toyota Nadia,бензин,АКПП,530000,257190.0,1999,1,0,0
1605,Toyota Corolla Fielder,бензин,вариатор,690000,234245.0,2009,1,0,0
1606,Toyota Caldina,бензин,АКПП,650000,350000.0,2006,1,0,0
1607,Toyota ist,бензин,АКПП,495000,200000.0,2004,1,0,0
1608,Toyota Prius,гибрид,вариатор,780000,194000.0,2008,1,0,0
1609,Toyota Corolla,бензин,АКПП,250000,233000.0,2002,1,0,0
1610,Toyota Caldina,дизель,АКПП,260000,333333.0,2002,1,0,0
1611,Toyota Prius,гибрид,вариатор,1200000,240000.0,2014,1,0,0
1612,Toyota RAV4,бензин,АКПП,235000,185000.0,2001,1,0,0
1613,Toyota Raize,бензин,вариатор,1700000,77000.0,2020,1,0,0
1614,Toyota Corolla Fielder,бензин,вариатор,1199000,107000.0,2017,1,0,0
1615,Toyota Corolla,бензин,вариатор,1930000,20000.0,2019,1,0,0
1616,Toyota Corona Premio,бензин,механика,170000,260000.0,1998,1,0,0
1617,Toyota Corona,бензин,АКПП,145000,200000.0,1994,1,0,0
1618,Toyota Crown,бензин,АКПП,2100000,197000.0,2011,1,0,0
1619,Toyota Corolla,бензин,АКПП,345000,200000.0,1996,1,0,0
1620,Toyota Avensis,бензин,АКПП,345000,220000.0,2005,1,0,0
1621,Toyota Corolla Rumion,бензин,вариатор,887000,174000.0,2011,1,0,0
1622,Toyota Land Cruiser Prado,бензин,АКПП,3250000,184000.0,2011,1,0,0
1623,Toyota Corolla,бензин,АКПП,545000,270000.0,2003,1,0,0
1624,Toyota Corolla,бензин,механика,370000,200000.0,2002,1,0,0
1625,Toyota Crown,,,450000,500000.0,1999,1,0,0
1626,Toyota Camry,бензин,АКПП,85000,200000.0,1994,1,0,0
1627,Toyota Land Cruiser Cygnus,бензин,АКПП,2350000,238000.0,2003,1,0,0
1628,Toyota Land Cruiser Prado,дизель,АКПП,1275000,190000.0,1998,1,0,0
1629,Toyota Land Cruiser Prado,дизель,АКПП,1680000,291000.0,1996,1,0,0
1630,Toyota Land Cruiser Prado,дизель,АКПП,1180000,210000.0,1997,1,0,0
1631,Toyota Land Cruiser,дизель,механика,3080000,276220.0,2004,1,0,0
1632,Toyota Land Cruiser Prado,дизель,АКПП,1275000,190000.0,1998,1,0,0
1633,Toyota Land Cruiser Prado,дизель,АКПП,1680000,291000.0,1996,1,0,0
1634,Toyota Land Cruiser Prado,дизель,АКПП,1180000,210000.0,1997,1,0,0
1635,Toyota Land Cruiser,дизель,механика,3080000,276220.0,2004,1,0,0
1636,Toyota Land Cruiser,дизель,АКПП,2450000,185000.0,1997,1,0,0
1637,Toyota Gaia,бензин,АКПП,585000,266000.0,2002,1,0,0
1638,Toyota Land Cruiser,дизель,АКПП,2150000,244000.0,1996,1,0,0
1639,Toyota Land Cruiser Cygnus,бензин,АКПП,2290000,187000.0,2003,1,0,0
1640,Toyota Land Cruiser Prado,дизель,АКПП,2350000,216000.0,1998,1,0,0
1641,Toyota Land Cruiser Cygnus,бензин,АКПП,1970000,180000.0,2003,1,0,0
1642,Toyota Land Cruiser Prado,бензин,АКПП,1830000,171000.0,2000,1,0,0
1643,Toyota Land Cruiser,дизель,автомат,2650000,201000.0,2006,1,0,0
1644,Toyota Hilux Surf,бензин,АКПП,1220000,235000.0,1999,1,0,0
1645,Toyota Land Cruiser Prado,дизель,АКПП,1420000,254000.0,1999,1,0,0
1646,Toyota Land Cruiser,дизель,механика,1530000,244000.0,1991,1,0,0
1647,Toyota Land Cruiser Prado,дизель,АКПП,650000,175350.0,1991,1,0,0
1648,Toyota Vista,бензин,АКПП,210000,300000.0,1993,1,0,0
1649,Toyota Tank,бензин,вариатор,999000,121000.0,2017,1,0,0
1650,Toyota Aristo,бензин,АКПП,650000,313000.0,2002,1,0,0
1651,Toyota Allion,бензин,передний,1360000,183000.0,2010,1,0,0
1652,Toyota Prius,гибрид,вариатор,700000,1.0,2010,1,0,0
1653,Toyota Corolla,бензин,АКПП,250000,193421.0,2002,1,0,0
1654,Toyota Land Cruiser Prado,дизель,АКПП,2250000,164000.0,1994,1,0,0
1655,Toyota Hilux Surf,дизель,АКПП,1200000,220000.0,1998,1,0,0
1656,Toyota Land Cruiser Prado,дизель,АКПП,1590000,269000.0,1995,1,0,0
1657,Toyota Mark II,бензин,АКПП,595000,270000.0,1995,1,0,0
1658,Toyota Hilux Surf,бензин,АКПП,1730000,215000.0,2005,1,0,0
1659,Toyota Highlander,бензин,АКПП,3150000,100000.0,2015,1,0,0
1660,Toyota Wish,бензин,АКПП,695000,170000.0,2004,1,0,0
1661,Toyota Belta,бензин,вариатор,600000,140000.0,2009,1,0,0
1662,Toyota Land Cruiser Prado,дизель,АКПП,1465000,219000.0,2000,1,0,0
1663,Toyota Ipsum,бензин,АКПП,950000,367624.0,2005,1,0,0
1664,Toyota Ractis,бензин,вариатор,450000,221322.0,2005,1,0,0
1665,Toyota Prius,гибрид,вариатор,1300000,220000.0,2017,1,0,0
1666,Toyota Prius,гибрид,вариатор,1000050,380000.0,2012,1,0,0
1667,Toyota Corolla Fielder,бензин,вариатор,850000,90000.0,2012,1,0,0
1668,Toyota Ractis,бензин,вариатор,925000,156800.0,2011,1,0,0
1669,Toyota Land Cruiser Prado,бензин,АКПП,2330000,242000.0,2005,1,0,0
1670,Toyota Land Cruiser Prado,дизель,АКПП,1285000,215000.0,1997,1,0,0
1671,Toyota Kluger V,бензин,АКПП,800000,271500.0,2006,1,0,0
1672,Toyota Mark X,бензин,АКПП,1100000,275400.0,2007,1,0,0
1673,Toyota Prius Alpha,гибрид,вариатор,1200000,238000.0,2014,1,0,0
1674,Toyota Prius,гибрид,вариатор,1050000,168000.0,2011,1,0,0
1675,Toyota Crown,бензин,АКПП,1450000,215000.0,2009,1,0,0
1676,Toyota Allex,бензин,АКПП,550000,200500.0,2001,1,0,0
1677,Toyota Verossa,бензин,автомат,750000,197500.0,2000,1,0,0
1678,Toyota Sprinter Marino,бензин,АКПП,300000,443000.0,1992,1,0,0
1679,Toyota Corolla Axio,бензин,вариатор,640000,217000.0,2007,1,0,0
1680,Toyota Corolla Levin,бензин,автомат,410000,272000.0,1997,1,0,0
1681,Toyota Prius PHV,гибрид,вариатор,2150000,145000.0,2017,1,0,0
1682,Toyota RAV4,бензин,вариатор,1890000,110000.0,2014,1,0,0
1683,Toyota Corolla,бензин,АКПП,230000,320141.0,1999,1,0,0
1684,Toyota Carina,бензин,АКПП,245000,316850.0,1997,1,0,0
1685,Toyota Passo,бензин,АКПП,280000,303263.0,2006,1,0,0
1686,Toyota Allion,бензин,вариатор,1000000,154575.0,2010,1,0,0
1687,Toyota Camry,бензин,АКПП,250000,445612.0,1994,1,0,0
1688,Toyota Corolla,бензин,АКПП,535000,300000.0,2004,1,0,0
1689,Toyota C-HR,гибрид,вариатор,1890000,115000.0,2018,1,0,0
1690,Toyota Sai,гибрид,вариатор,1350000,180000.0,2014,1,0,0
1691,Toyota Prius,гибрид,вариатор,2500000,57000.0,2019,1,0,0
1692,Toyota Corolla Fielder,бензин,АКПП,550000,349345.0,2001,1,0,0
1693,Toyota Aqua,гибрид,вариатор,850000,330699.0,2014,1,0,0
1694,Toyota Camry,бензин,АКПП,2750000,120000.0,2020,1,0,0
1695,Toyota Land Cruiser Prado,дизель,АКПП,6600000,25000.0,2020,1,0,0
1696,Toyota Harrier,бензин,вариатор,2499000,129250.0,2016,1,0,0
1697,Toyota C-HR,гибрид,вариатор,2000000,75000.0,2017,1,0,0
1698,Toyota Corolla,бензин,вариатор,1800000,18000.0,2022,1,0,0
1699,Toyota Prius Alpha,гибрид,вариатор,1500000,209000.0,2012,1,0,0
1700,Toyota Crown,бензин,АКПП,799999,250000.0,2003,1,0,0
1701,Toyota Wish,бензин,вариатор,1080000,168000.0,2009,1,0,0
1702,Toyota Mark II Wagon Qualis,бензин,АКПП,680000,286000.0,1999,1,0,0
1703,Toyota Aqua,гибрид,автомат,1100000,143000.0,2015,1,0,0
1704,Toyota Nadia,бензин,АКПП,359999,199000.0,1999,1,0,0
1705,Toyota Hiace,дизель,АКПП,650000,369000.0,1995,1,0,0
1706,Toyota Corolla Rumion,бензин,вариатор,1300000,160000.0,2013,1,0,0
1707,Toyota Corolla,бензин,АКПП,250000,413956.0,1998,1,0,0
1708,Toyota Prius,гибрид,вариатор,1000000,251851.0,2012,1,0,0
1709,Toyota Prius,гибрид,вариатор,950000,222000.0,2008,1,0,0
1710,Toyota Corolla Fielder,гибрид,вариатор,1500000,109627.0,2018,1,0,0
1711,Toyota Hilux,дизель,механика,1450000,220000.0,1989,1,0,0
1712,Toyota Yaris,бензин,вариатор,1050000,110000.0,2020,1,0,0
1713,Toyota Prius,гибрид,вариатор,1100000,200000.0,2012,1,0,0
1714,Toyota Prius,гибрид,вариатор,430000,1.0,2006,1,0,0
1715,Toyota Mark II,дизель,АКПП,200000,200000.0,1993,1,0,0
1716,Toyota Hilux,дизель,механика,3770000,156529.0,2020,1,0,0
1717,Toyota Harrier,бензин,вариатор,2400000,57000.0,2019,1,0,0
1718,Toyota RAV4,бензин,АКПП,3600000,65000.0,2018,1,0,0
1719,Toyota Corolla Axio,бензин,вариатор,1230000,68000.0,2017,1,0,0
1720,Toyota C-HR,бензин,вариатор,1730000,75000.0,2017,1,0,0
1721,Toyota Ractis,бензин,АКПП,600000,230000.0,2006,1,0,0
1722,Toyota Corolla Fielder,гибрид,вариатор,980000,200000.0,2016,1,0,0
1723,Toyota Corolla,бензин,вариатор,1500000,111824.0,2019,1,0,0
1724,Toyota Corolla Runx,бензин,АКПП,450000,320000.0,2002,1,0,0
1725,Toyota Prius,гибрид,вариатор,1100000,205000.0,2012,1,0,0
1726,Toyota Allion,бензин,вариатор,925000,297401.0,2007,1,0,0
1727,Toyota Vitz,бензин,вариатор,570000,124000.0,2013,1,0,0
1728,Toyota Prius,гибрид,вариатор,820000,146000.0,2010,1,0,0
1729,Toyota Aqua,гибрид,вариатор,700000,380000.0,2013,1,0,0
1730,Toyota Avensis,бензин,АКПП,890000,195000.0,2007,1,0,0
1731,Toyota Prius,гибрид,вариатор,1200000,222407.0,2012,1,0,0
1732,Toyota Harrier,бензин,АКПП,1500000,200000.0,2004,1,0,0
1733,Toyota Aristo,бензин,автомат,1420000,120000.0,2003,1,0,0
1734,Toyota Prius,гибрид,вариатор,975000,235000.0,2010,1,0,0
1735,Toyota Corolla,бензин,вариатор,1498000,62367.0,2020,1,0,0
1736,Toyota Corolla Spacio,бензин,АКПП,478000,299000.0,1999,1,0,0
1737,Toyota Harrier,бензин,АКПП,2998000,113749.0,2018,1,0,0
1738,Toyota Vitz,бензин,вариатор,518000,167200.0,2009,1,0,0
1739,Toyota Prius,гибрид,вариатор,1658000,76000.0,2017,1,0,0
1740,Toyota Gaia,бензин,АКПП,628000,272994.0,2000,1,0,0
1741,Toyota Camry,бензин,АКПП,568000,250000.0,1999,1,0,0
1742,Toyota Land Cruiser,дизель,АКПП,2558000,284000.0,2004,1,0,0
1743,Toyota Prius,гибрид,вариатор,728000,399000.0,2010,1,0,0
1744,Toyota Prius,гибрид,вариатор,998000,317000.0,2012,1,0,0
1745,Toyota Estima Lucida,бензин,АКПП,498000,394000.0,1993,1,0,0
1746,Toyota RAV4,бензин,АКПП,678000,229000.0,2003,1,0,0
1747,Toyota Kluger V,бензин,АКПП,948000,308000.0,2001,1,0,0
1748,Toyota Crown,бензин,АКПП,598000,207000.0,1988,1,0,0
1749,Toyota Prius,гибрид,вариатор,1208000,209857.0,2013,1,0,0
1750,Toyota Passo,бензин,вариатор,550000,116000.0,2013,1,0,0
1751,Toyota Aqua,гибрид,вариатор,820000,150000.0,2013,1,0,0
1752,Toyota Land Cruiser Prado,бензин,АКПП,3200000,140000.0,2014,1,0,0
1753,Toyota Allion,бензин,вариатор,200000,100000.0,2007,1,0,0
1754,Toyota C-HR,гибрид,вариатор,2500000,70000.0,2019,1,0,0
1755,Toyota Town Ace,дизель,АКПП,398000,221000.0,1995,1,0,0
1756,Toyota Prius PHV,гибрид,вариатор,1830000,104000.0,2017,1,0,0
1757,Toyota Corolla Ceres,бензин,АКПП,250000,350000.0,1993,1,0,0
1758,Toyota Hilux,дизель,механика,2300000,320000.0,2015,1,0,0
1759,Toyota Ractis,бензин,вариатор,585000,147000.0,2008,1,0,0
1760,Toyota Sprinter Marino,бензин,АКПП,225000,265000.0,1992,1,0,0
1761,Toyota Sienta,бензин,вариатор,1200000,139500.0,2016,1,0,0
1762,Toyota Premio,бензин,АКПП,620000,160000.0,2003,1,0,0
1763,Toyota Mark II,бензин,АКПП,369000,111111.0,1993,1,0,0
1764,Toyota Land Cruiser,бензин,АКПП,3650000,200000.0,2011,1,0,0
1765,Toyota Vitz,бензин,вариатор,850000,131000.0,2014,1,0,0
1766,Toyota Passo Sette,бензин,АКПП,695000,189720.0,2009,1,0,0
1767,Toyota Town Ace Noah,бензин,АКПП,850000,186221.0,1999,1,0,0
1768,Toyota Land Cruiser Prado,бензин,АКПП,1450000,308449.0,2000,1,0,0
1769,Toyota Succeed,бензин,АКПП,770000,140000.0,2013,1,0,0
1770,Toyota Camry,бензин,АКПП,200000,387000.0,1992,1,0,0
1771,Toyota Corolla Axio,бензин,вариатор,720000,197000.0,2008,1,0,0
1772,Toyota Mark II,бензин,автомат,650000,151394.0,1997,1,0,0
1773,Toyota Carina,,,370000,174000.0,1992,1,0,0
1774,Toyota Opa,бензин,АКПП,499000,140000.0,2000,1,0,0
1775,Toyota Tank,бензин,вариатор,835000,68000.0,2017,1,0,0
1776,Toyota Harrier,бензин,вариатор,2300000,102000.0,2017,1,0,0
1777,Toyota Land Cruiser Prado,бензин,АКПП,2550000,155000.0,2011,1,0,0
1778,Toyota Tank,бензин,вариатор,1080000,48000.0,2019,1,0,0
1779,Toyota Allion,бензин,вариатор,1350000,187000.0,2015,1,0,0
1780,Toyota Corolla,бензин,АКПП,330000,,1991,1,0,0
1781,Toyota Altezza,бензин,механика,929000,275000.0,2000,1,0,0
1782,Toyota Ractis,бензин,вариатор,459000,218000.0,2005,1,0,0
1783,Toyota Ipsum,бензин,АКПП,499000,220000.0,1997,1,0,0
1784,Toyota Passo,бензин,вариатор,760000,86000.0,2018,1,0,0
1785,Toyota Mark II,бензин,АКПП,369000,178000.0,1999,1,0,0
1786,Toyota Prius,гибрид,вариатор,890000,280000.0,2010,1,0,0
1787,Toyota Corolla,гибрид,вариатор,1580000,127000.0,2018,1,0,0
1788,Toyota ist,бензин,АКПП,605000,198000.0,2005,1,0,0
1789,Toyota Land Cruiser Prado,бензин,АКПП,4300000,70000.0,2018,1,0,0
1790,Toyota Prius,гибрид,вариатор,1450000,117000.0,2015,1,0,0
1791,Toyota Land Cruiser,дизель,АКПП,3550000,204000.0,2012,1,0,0
1792,Toyota Prius,гибрид,вариатор,745000,208000.0,2011,1,0,0
1793,Toyota Gaia,бензин,АКПП,525000,220000.0,2000,1,0,0
1794,Toyota Caldina,бензин,механика,695000,244000.0,1998,1,0,0
1795,Toyota Hilux Surf,бензин,АКПП,1675000,216000.0,1999,1,0,0
1796,Toyota Hilux Surf,дизель,АКПП,1075000,302000.0,1999,1,0,0
1797,Toyota Land Cruiser,бензин,АКПП,1865000,244000.0,2000,1,0,0
1798,Toyota Land Cruiser,бензин,АКПП,1845000,187000.0,1999,1,0,0
1799,Toyota Land Cruiser Prado,бензин,АКПП,2180000,180000.0,2008,1,0,0
1800,Toyota Land Cruiser Prado,бензин,АКПП,1745000,230000.0,2000,1,0,0
1801,Toyota RAV4,бензин,АКПП,730000,230000.0,2001,1,0,0
1802,Toyota Funcargo,бензин,АКПП,415000,196000.0,2003,1,0,0
1803,Toyota Land Cruiser,дизель,АКПП,2890000,268000.0,1996,1,0,0
1804,Toyota Corolla Spacio,бензин,АКПП,420000,241000.0,1998,1,0,0
1805,Toyota Land Cruiser Prado,бензин,АКПП,1575000,322000.0,1999,1,0,0
1806,Toyota Land Cruiser Prado,бензин,АКПП,1495000,341000.0,2000,1,0,0
1807,Toyota Hilux Surf,бензин,АКПП,1660000,224000.0,1999,1,0,0
1808,Toyota Ipsum,бензин,АКПП,515000,259000.0,1998,1,0,0
1809,Toyota Land Cruiser Prado,бензин,АКПП,1545000,265000.0,1999,1,0,0
1810,Toyota Corolla Fielder,бензин,вариатор,885000,180000.0,2011,1,0,0
1811,Toyota Auris,бензин,вариатор,1045000,107500.0,2013,1,0,0
1812,Toyota RAV4,бензин,вариатор,1270000,261000.0,2010,1,0,0
1813,Toyota Hilux Surf,бензин,АКПП,1795000,207000.0,2004,1,0,0
1814,Toyota Mark X,бензин,АКПП,995000,235000.0,2006,1,0,0
1815,Toyota Gaia,бензин,АКПП,555000,166000.0,1999,1,0,0
1816,Toyota Land Cruiser Prado,бензин,АКПП,2330000,64000.0,2009,1,0,0
1817,Toyota Land Cruiser Prado,бензин,АКПП,1645000,349000.0,1999,1,0,0
1818,Toyota Land Cruiser,дизель,АКПП,2590000,225000.0,1994,1,0,0
1819,Toyota Lite Ace Noah,бензин,АКПП,775000,242000.0,1999,1,0,0
1820,Toyota Funcargo,бензин,АКПП,435000,180000.0,2004,1,0,0
1821,Toyota Land Cruiser,дизель,АКПП,1840000,210000.0,1994,1,0,0
1822,Toyota Land Cruiser,дизель,механика,2995000,152000.0,1998,1,0,0
1823,Toyota Estima,гибрид,вариатор,1595000,168000.0,2012,1,0,0
1824,Toyota Hilux Surf,бензин,АКПП,1280000,325000.0,1998,1,0,0
1825,Toyota Land Cruiser,бензин,автомат,1395000,283000.0,1992,1,0,0
1826,Toyota Ractis,бензин,вариатор,535000,133000.0,2007,1,0,0
1827,Toyota Hilux Surf,дизель,АКПП,1285000,256000.0,1998,1,0,0
1828,Toyota Hilux,дизель,АКПП,5555000,9000.0,2023,1,0,0
1829,Toyota Estima,бензин,вариатор,2900000,100000.0,2018,1,0,0
1830,Toyota Allion,бензин,вариатор,900000,218000.0,2009,1,0,0
1831,Toyota Land Cruiser,бензин,АКПП,1815000,243500.0,1999,1,0,0
1832,Toyota Corolla,бензин,вариатор,1400000,100000.0,2019,1,0,0
1833,Toyota Roomy,бензин,вариатор,850000,82000.0,2018,1,0,0
1834,Toyota Passo,бензин,вариатор,880000,40000.0,2019,1,0,0
1835,Toyota Corolla Axio,бензин,вариатор,690000,171000.0,2010,1,0,0
1836,Toyota Passo,бензин,вариатор,850000,99000.0,2019,1,0,0
1837,Toyota Passo,бензин,вариатор,850000,48000.0,2018,1,0,0
1838,Toyota Voltz,бензин,АКПП,570000,240000.0,2002,1,0,0
1839,Toyota Mark II,бензин,АКПП,670000,477641.0,1996,1,0,0
1840,Toyota Land Cruiser Prado,бензин,АКПП,1819000,233000.0,2003,1,0,0
1841,Toyota Hiace,дизель,АКПП,739000,170000.0,1996,1,0,0
1842,Toyota RAV4,бензин,вариатор,959000,180000.0,2007,1,0,0
1843,Toyota Corolla,бензин,АКПП,359000,251000.0,1999,1,0,0
1844,Toyota Camry Gracia,бензин,АКПП,379000,212000.0,1999,1,0,0
1845,Toyota Ractis,бензин,вариатор,599000,188000.0,2006,1,0,0
1846,Toyota Wish,бензин,АКПП,729000,198000.0,2003,1,0,0
1847,Toyota Voltz,бензин,АКПП,599000,250000.0,2002,1,0,0
1848,Toyota Gaia,бензин,АКПП,499000,270000.0,1999,1,0,0
1849,Toyota Lite Ace Noah,дизель,АКПП,559000,300000.0,1997,1,0,0
1850,Toyota Rush,бензин,АКПП,699000,220000.0,2006,1,0,0
1851,Toyota ist,бензин,АКПП,479000,212000.0,2003,1,0,0
1852,Toyota Corolla Fielder,бензин,механика,759000,230000.0,2009,1,0,0
1853,Toyota Auris,бензин,вариатор,779000,159000.0,2009,1,0,0
1854,Toyota Belta,бензин,вариатор,509000,100000.0,2010,1,0,0
1855,Toyota RAV4,бензин,АКПП,779000,270000.0,2001,1,0,0
1856,Toyota Ipsum,бензин,АКПП,519000,370000.0,1997,1,0,0
1857,Toyota Hilux Surf,дизель,АКПП,1199000,247000.0,1997,1,0,0
1858,Toyota Ractis,бензин,вариатор,799000,134000.0,2012,1,0,0
1859,Toyota Wish,бензин,вариатор,999000,180000.0,2010,1,0,0
1860,Toyota Ipsum,бензин,АКПП,489000,240000.0,1997,1,0,0
1861,Toyota Sprinter Carib,бензин,АКПП,319000,299000.0,1999,1,0,0
1862,Toyota Corona Premio,бензин,АКПП,359000,300000.0,1996,1,0,0
1863,Toyota Allion,бензин,вариатор,1109000,199000.0,2009,1,0,0
1864,Toyota Estima,бензин,АКПП,750000,200000.0,2001,1,0,0
1865,Toyota Raize,бензин,вариатор,1875000,85000.0,2019,1,0,0
1866,Toyota Noah,бензин,вариатор,1180000,260829.0,2009,1,0,0
1867,Toyota Prius,гибрид,вариатор,890000,250000.0,2010,1,0,0
1868,Toyota Prius,гибрид,вариатор,1455000,167.0,2017,1,0,0
1869,Toyota Prius,гибрид,вариатор,430000,220000.0,2009,1,0,0
1870,Toyota Land Cruiser,бензин,АКПП,2198000,300000.0,2004,1,0,0
1871,Toyota Corolla Axio,бензин,вариатор,950000,78206.0,2010,1,0,0
1872,Toyota Probox,бензин,механика,350000,225000.0,2002,1,0,0
1873,Toyota Tank,бензин,вариатор,800000,94000.0,2020,1,0,0
1874,Toyota Prius,гибрид,вариатор,400000,311000.0,2008,1,0,0
1875,Toyota Cresta,бензин,АКПП,485000,171000.0,1994,1,0,0
1876,Toyota Harrier,бензин,АКПП,3000000,38360.0,2018,1,0,0
1877,Toyota Raum,бензин,АКПП,295000,180000.0,1999,1,0,0
1878,Toyota Corolla,бензин,АКПП,610000,256056.0,2005,1,0,0
1879,Toyota Allion,бензин,вариатор,620000,220000.0,2009,1,0,0
1880,Toyota Crown,бензин,АКПП,545000,299999.0,1996,1,0,0
1881,Toyota Raize,бензин,вариатор,1755000,11000.0,2020,1,0,0
1882,Toyota Land Cruiser Prado,бензин,АКПП,2800000,216000.0,2011,1,0,0
1883,Toyota Vitz,бензин,вариатор,555000,105000.0,2009,1,0,0
1884,Toyota Premio,бензин,вариатор,1100000,212000.0,2010,1,0,0
1885,Toyota Land Cruiser,дизель,механика,1950000,465000.0,1999,1,0,0
1886,Toyota Raum,бензин,АКПП,350000,196127.0,1998,1,0,0
1887,Toyota Prius,гибрид,вариатор,1000000,156000.0,2013,1,0,0
1888,Toyota ist,бензин,АКПП,530000,133760.0,2003,1,0,0
1889,Toyota Land Cruiser Prado,бензин,АКПП,4360000,80035.0,2018,1,0,0
1890,Toyota Harrier,бензин,АКПП,1560000,232106.0,2004,1,0,0
1891,Toyota Mark II,бензин,АКПП,1049000,326123.0,1998,1,0,0
1892,Toyota Roomy,бензин,вариатор,910000,89452.0,2017,1,0,0
1893,Toyota Yaris,бензин,вариатор,1049000,21694.0,2020,1,0,0
1894,Toyota Land Cruiser Prado,бензин,АКПП,2260000,211198.0,2007,1,0,0
1895,Toyota Alphard,бензин,АКПП,1910000,144833.0,2003,1,0,0
1896,Toyota Spade,бензин,вариатор,1099000,32000.0,2016,1,0,0
1897,Toyota RAV4,бензин,вариатор,2110000,76553.0,2014,1,0,0
1898,Toyota Corolla Fielder,гибрид,вариатор,1360000,137905.0,2016,1,0,0
1899,Toyota Mark II,бензин,АКПП,1110000,253703.0,2000,1,0,0
1900,Toyota Harrier,бензин,АКПП,1710000,283408.0,2006,1,0,0
1901,Toyota Harrier,бензин,АКПП,3210000,85323.0,2017,1,0,0
1902,Toyota Land Cruiser Prado,дизель,АКПП,1960000,303538.0,2001,1,0,0
1903,Toyota Corolla Fielder,гибрид,вариатор,1510000,106155.0,2018,1,0,0
1904,Toyota Premio,бензин,АКПП,880000,133463.0,2003,1,0,0
1905,Toyota Vitz,бензин,вариатор,990000,101000.0,2019,1,0,0
1906,Toyota RAV4,бензин,вариатор,3160000,47858.0,2020,1,0,0
1907,Toyota C-HR,бензин,вариатор,1910000,56436.0,2018,1,0,0
1908,Toyota Succeed,бензин,вариатор,1360000,85942.0,2018,1,0,0
1909,Toyota Voxy,гибрид,вариатор,2010000,120569.0,2017,1,0,0
1910,Toyota Land Cruiser,дизель,АКПП,3510000,123580.0,1995,1,0,0
1911,Toyota C-HR,бензин,вариатор,1960000,114529.0,2017,1,0,0
1912,Toyota Land Cruiser Prado,дизель,АКПП,4460000,58373.0,2019,1,0,0
1913,Toyota Land Cruiser Prado,бензин,АКПП,2860000,151476.0,2008,1,0,0
1914,Toyota Caldina,бензин,АКПП,300000,383000.0,1993,1,0,0
1915,Toyota Town Ace,дизель,механика,265000,278000.0,1998,1,0,0
1916,Toyota Land Cruiser Prado,бензин,АКПП,2840000,200000.0,2010,1,0,0
1917,Toyota Caldina,бензин,АКПП,230000,380000.0,1995,1,0,0
1918,Toyota Vitz,бензин,вариатор,550000,250000.0,2009,0,0,1
1919,Toyota Aqua,гибрид,вариатор,750000,162000.0,2014,0,0,1
1920,Toyota Cresta,бензин,АКПП,590000,,1997,0,0,1
1921,Toyota Corolla Fielder,бензин,вариатор,1180000,118925.0,2013,0,0,1
1922,Toyota Harrier,бензин,вариатор,2885000,45000.0,2019,0,0,1
1923,Toyota Corolla Fielder,бензин,вариатор,740000,146200.0,2007,0,0,1
1924,Toyota Auris,бензин,вариатор,710000,179738.0,2007,0,0,1
1925,Toyota Sai,гибрид,вариатор,1350000,152000.0,2012,0,0,1
1926,Toyota Master Ace Surf,бензин,автомат,150000,333333.0,1986,0,0,1
1927,Toyota Wish,бензин,АКПП,850000,250000.0,2003,0,0,1
1928,Toyota C-HR,бензин,вариатор,2200000,17000.0,2020,0,0,1
1929,Toyota Crown,бензин,АКПП,3250000,88000.0,2018,0,0,1
1930,Toyota Camry,бензин,АКПП,1670000,130000.0,2012,0,0,1
1931,Toyota Ipsum,бензин,АКПП,695000,204000.0,2001,0,0,1
1932,Toyota Probox,бензин,АКПП,585000,270000.0,2009,0,0,1
1933,Toyota Vitz,бензин,АКПП,320000,185044.0,2002,0,0,1
1934,Toyota Premio,бензин,АКПП,780000,273000.0,2003,0,0,1
1935,Toyota Corolla,бензин,механика,400000,180000.0,2003,0,0,1
1936,Toyota Harrier,бензин,АКПП,1700000,276000.0,2005,0,0,1
1937,Toyota Wish,бензин,вариатор,1175000,205000.0,2009,0,0,1
1938,Toyota Prius,гибрид,вариатор,699999,286000.0,2009,0,0,1
1939,Toyota Probox,гибрид,вариатор,1350000,1000.0,2020,0,0,1
1940,Toyota Allion,бензин,вариатор,1349999,178000.0,2013,0,0,1
1941,Toyota Corolla,бензин,вариатор,1350000,93000.0,2022,0,0,1
1942,Toyota Corolla Cross,бензин,вариатор,2490000,50000.0,2022,0,0,1
1943,Toyota Raize,бензин,вариатор,1400000,85000.0,2022,0,0,1
1944,Toyota Land Cruiser,дизель,АКПП,5100000,159000.0,2016,0,0,1
1945,Toyota RAV4,бензин,АКПП,3380000,37000.0,2022,0,0,1
1946,Toyota Harrier,гибрид,вариатор,2490000,162000.0,2015,0,0,1
1947,Toyota Corolla Axio,бензин,вариатор,970000,125000.0,2016,0,0,1
1948,Toyota Vitz,бензин,вариатор,850000,168000.0,2011,0,0,1
1949,Toyota Land Cruiser Prado,дизель,АКПП,3250000,189135.0,2013,0,0,1
1950,Toyota Land Cruiser Prado,дизель,АКПП,1500000,432000.0,1997,0,0,1
1951,Toyota C-HR,гибрид,вариатор,1799999,112000.0,2018,0,0,1
1952,Toyota Corolla Fielder,гибрид,вариатор,1100000,120000.0,2015,0,0,1
1953,Toyota Avensis,бензин,вариатор,1099000,160265.0,2010,0,0,1
1954,Toyota Corolla,бензин,механика,150000,120000.0,1992,0,0,1
1955,Toyota Prius,гибрид,вариатор,1680000,133000.0,2017,0,0,1
1956,Toyota Sienta,бензин,вариатор,1350000,67000.0,2020,0,0,1
1957,Toyota Vitz,бензин,вариатор,780000,73000.0,2015,0,0,1
1958,Toyota Hilux Surf,дизель,АКПП,700000,200000.0,1994,0,0,1
1959,Toyota Passo,бензин,вариатор,830000,155000.0,2017,0,0,1
1960,Toyota Sprinter,бензин,механика,100000,500000.0,1995,0,0,1
1961,Toyota Kluger V,бензин,АКПП,1975000,230000.0,2005,0,0,1
1962,Toyota Vitz,бензин,автомат,715000,104000.0,2016,0,0,1
1963,Toyota Alphard,гибрид,вариатор,4899999,155000.0,2018,0,0,1
1964,Toyota Land Cruiser Prado,бензин,АКПП,6550000,102000.0,2018,0,0,1
1965,Toyota Prius,гибрид,вариатор,860000,179000.0,2008,0,0,1
1966,Toyota Vitz,бензин,вариатор,820000,110000.0,2011,0,0,1
1967,Toyota Aqua,гибрид,вариатор,1100000,174435.0,2013,0,0,1
1968,Toyota Mark II,бензин,АКПП,430000,400000.0,1995,0,0,1
1969,Toyota Premio,бензин,вариатор,950000,190000.0,2007,0,0,1
1970,Toyota Harrier,гибрид,вариатор,2600000,165000.0,2014,0,0,1
1971,Toyota Prius,гибрид,вариатор,1050000,68000.0,2009,0,0,1
1972,Toyota Vitz,бензин,вариатор,450000,236457.0,2006,0,0,1
1973,Toyota Mark II,бензин,АКПП,1620000,214000.0,1999,0,0,1
1974,Toyota Cresta,бензин,АКПП,600000,300000.0,1999,0,0,1
1975,Toyota Corona Premio,бензин,механика,1199000,120000.0,1996,0,0,1
1976,Toyota Passo,бензин,АКПП,420000,108000.0,2004,0,0,1
1977,Toyota Hiace,бензин,автомат,3740000,165000.0,2017,0,0,1
1978,Toyota Mark II,бензин,АКПП,950000,240000.0,2002,0,0,1
1979,Toyota Alphard,бензин,АКПП,950000,320000.0,2002,0,0,1
1980,Toyota Crown,бензин,АКПП,700000,520000.0,1996,0,0,1
1981,Toyota Vitz,бензин,вариатор,700000,230000.0,2014,0,0,1
1982,Toyota Land Cruiser Prado,бензин,АКПП,2200000,174000.0,2004,0,0,1
1983,Toyota Vitz,бензин,механика,670000,167100.0,2001,0,0,1
1984,Toyota Wish,бензин,АКПП,875000,280000.0,2005,0,0,1
1985,Toyota Land Cruiser Prado,дизель,АКПП,6100000,61000.0,2020,0,0,1
1986,Toyota Corolla Axio,бензин,вариатор,890000,135000.0,2009,0,0,1
1987,Toyota Cresta,бензин,АКПП,470000,200000.0,1993,0,0,1
1988,Toyota Wish,бензин,вариатор,1570000,130000.0,2013,0,0,1
1989,Toyota Prius,гибрид,вариатор,1400000,178000.0,2014,0,0,1
1990,Toyota Corolla II,бензин,АКПП,180000,350000.0,1990,0,0,1
1991,Toyota Hiace,дизель,механика,3100000,160000.0,2010,0,0,1
1992,Toyota Corolla,бензин,АКПП,330000,27000.0,1993,0,0,1
1993,Toyota Corolla Spacio,бензин,АКПП,630000,248996.0,2002,0,0,1
1994,Toyota Chaser,бензин,АКПП,690000,360000.0,1998,0,0,1
1995,Toyota Crown,бензин,АКПП,2000000,200.0,2009,0,0,1
1996,Toyota Esquire,гибрид,вариатор,2200000,130000.0,2016,0,0,1
1997,Toyota Land Cruiser Prado,дизель,АКПП,5200000,53000.0,2021,0,0,1
1998,Toyota Vitz,бензин,вариатор,650000,235000.0,2007,0,0,1
1999,Toyota C-HR,бензин,вариатор,1900000,45000.0,2018,0,0,1
2000,Toyota Aqua,гибрид,вариатор,1000000,135000.0,2016,0,0,1
2001,Toyota Premio,бензин,вариатор,900000,297000.0,2007,0,0,1
2002,Toyota Corolla,бензин,АКПП,150000,420000.0,1997,0,0,1
2003,Toyota Voxy,гибрид,вариатор,2600000,128000.0,2018,0,0,1
2004,Toyota Passo,бензин,АКПП,310000,260000.0,2005,0,0,1
2005,Toyota Land Cruiser,дизель,АКПП,2500000,407000.0,2005,0,0,1
2006,Toyota Crown,бензин,АКПП,510000,155000.0,1993,0,0,1
2007,Toyota Wish,бензин,вариатор,950000,105000.0,2009,0,0,1
2008,Toyota Allion,бензин,вариатор,1090000,171000.0,2010,0,0,1
2009,Toyota Allion,бензин,вариатор,1300000,122000.0,2014,0,0,1
2010,Toyota Ipsum,бензин,АКПП,350000,270000.0,1999,0,0,1
2011,Toyota Allion,бензин,АКПП,785000,320000.0,2002,0,0,1
2012,Toyota Prius,гибрид,вариатор,1250000,260000.0,2012,0,0,1
2013,Toyota Vitz,бензин,вариатор,600000,111000.0,2009,0,0,1
2014,Toyota Sienta,бензин,вариатор,1650000,84000.0,2020,0,0,1
2015,Toyota Mark II,бензин,АКПП,750000,249000.0,2002,0,0,1
2016,Toyota Corolla Fielder,бензин,вариатор,1500000,115000.0,2018,0,0,1
2017,Toyota Alphard,гибрид,вариатор,5100000,150000.0,2018,0,0,1
2018,Toyota Allion,бензин,вариатор,1800000,43000.0,2020,0,0,1
2019,Toyota Hiace,дизель,автомат,1200000,280000.0,2001,0,0,1
2020,Toyota Wish,бензин,вариатор,1100000,183000.0,2010,0,0,1
2021,Toyota Voxy,гибрид,вариатор,1600000,200000.0,2014,0,0,1
2022,Toyota Vitz,бензин,вариатор,750000,108000.0,2014,0,0,1
2023,Toyota Crown,гибрид,вариатор,3150000,94000.0,2018,0,0,1
2024,Toyota Corolla,бензин,механика,500000,577221.0,1996,0,0,1
2025,Toyota Allion,бензин,вариатор,1000000,210000.0,2011,0,0,1
2026,Toyota Mark II,бензин,АКПП,1500000,280000.0,2003,0,0,1
2027,Toyota Caldina,бензин,АКПП,360000,288381.0,1998,0,0,1
2028,Toyota Succeed,бензин,АКПП,650000,170000.0,2008,0,0,1
2029,Toyota Mark II,бензин,АКПП,1100000,127000.0,1990,0,0,1
2030,Toyota Highlander,бензин,АКПП,3050000,205000.0,2015,0,0,1
2031,Toyota RAV4,бензин,вариатор,3100000,101000.0,2019,0,0,1
2032,Toyota Vitz,бензин,вариатор,475000,198000.0,2006,0,0,1
2033,Toyota Crown,бензин,АКПП,530000,381000.0,1996,0,0,1
2034,Toyota Land Cruiser Prado,бензин,АКПП,600000,223000.0,1998,0,0,1
2035,Toyota Corolla Rumion,бензин,вариатор,985000,180000.0,2010,0,0,1
2036,Toyota Tank,бензин,вариатор,870000,73000.0,2019,0,0,1
2037,Toyota Auris,бензин,вариатор,690000,237000.0,2006,0,0,1
2038,Toyota Corolla Fielder,бензин,вариатор,900000,123489.0,2010,0,0,1
2039,Toyota Ractis,бензин,вариатор,880000,118000.0,2014,0,0,1
2040,Toyota Prius Alpha,гибрид,вариатор,1200000,253800.0,2013,0,0,1
2041,Toyota Corolla Fielder,бензин,АКПП,600000,248971.0,2002,0,0,1
2042,Toyota Corona,бензин,АКПП,510000,300000.0,1994,0,0,1
2043,Toyota Ractis,бензин,вариатор,500000,250000.0,2006,0,0,1
2044,Toyota Prius Alpha,гибрид,вариатор,1500000,200000.0,2013,0,0,1
2045,Toyota Harrier,бензин,АКПП,3070000,67226.0,2017,0,0,1
2046,Toyota Prius,гибрид,вариатор,860000,216000.0,2011,0,0,1
2047,Toyota Ractis,бензин,вариатор,1000000,89000.0,2016,0,0,1
2048,Toyota Harrier,бензин,вариатор,3690000,55000.0,2021,0,0,1
2049,Toyota Harrier,бензин,автомат,2850000,70000.0,2017,0,0,1
2050,Toyota Corolla Fielder,бензин,АКПП,850000,200000.0,2005,0,0,1
2051,Toyota Allion,бензин,вариатор,800000,325417.0,2007,0,0,1
2052,Toyota Chaser,бензин,механика,400000,300000.0,1995,0,0,1
2053,Toyota Crown,бензин,АКПП,740000,355000.0,1995,0,0,1
2054,Toyota Corolla Levin,бензин,механика,400000,250000.0,1991,0,0,1
2055,Toyota Land Cruiser,дизель,механика,2450000,165000.0,2006,0,0,1
2056,Toyota Vitz,бензин,вариатор,550000,200000.0,2009,0,0,1
2057,Toyota Caldina,бензин,АКПП,600000,400.0,1999,0,0,1
2058,Toyota Corolla,бензин,вариатор,2000000,94000.0,2020,0,0,1
2059,Toyota Mark II,бензин,АКПП,980000,288000.0,1999,0,0,1
2060,Toyota Harrier,бензин,АКПП,950000,125000.0,1999,0,0,1
2061,Toyota Corolla Fielder,бензин,автомат,1330000,115000.0,2018,0,0,1
2062,Toyota Passo,бензин,АКПП,420000,165000.0,2005,0,0,1
2063,Toyota Vitz,бензин,вариатор,1035000,54000.0,2018,0,0,1
2064,Toyota Carina,бензин,АКПП,250000,200000.0,1997,0,0,1
2065,Toyota Prius,гибрид,вариатор,765000,138000.0,2012,0,0,1
2066,Toyota Highlander,бензин,АКПП,4100000,246000.0,2014,0,0,1
2067,Toyota Allion,бензин,вариатор,1330000,59000.0,2009,0,0,1
2068,Toyota Crown,бензин,АКПП,2950000,90000.0,2017,0,0,1
2069,Toyota Mark II,бензин,АКПП,715000,90000.0,1995,0,0,1
2070,Toyota Prius,гибрид,вариатор,650000,300000.0,2010,0,0,1
2071,Toyota Vitz,бензин,вариатор,520000,73115.0,2008,0,0,1
2072,Toyota Belta,бензин,вариатор,575000,246000.0,2008,0,0,1
2073,Toyota Duet,бензин,АКПП,250000,250000.0,1998,0,0,1
2074,Toyota Caldina,бензин,автомат,350000,180.0,1999,0,0,1
2075,Toyota Mark II,бензин,АКПП,680000,380000.0,1998,0,0,1
2076,Toyota Camry,бензин,АКПП,2100000,135000.0,2015,0,0,1
2077,Toyota Corolla Spacio,бензин,АКПП,450000,200000.0,2000,0,0,1
2078,Toyota Mark II,бензин,АКПП,380000,200000.0,1995,0,0,1
2079,Toyota Prius,гибрид,вариатор,820000,270000.0,2008,0,0,1
2080,Toyota Corolla,бензин,вариатор,1750000,55555.0,2019,0,0,1
2081,Toyota Corolla Axio,бензин,механика,785000,58000.0,2016,0,0,1
2082,Toyota Harrier,бензин,вариатор,2800000,86000.0,2019,0,0,1
2083,Toyota Passo,бензин,АКПП,365000,185000.0,2009,0,0,1
2084,Toyota C-HR,гибрид,вариатор,2100000,90000.0,2018,0,0,1
2085,Toyota Land Cruiser Prado,дизель,АКПП,3500000,205000.0,2015,0,0,1
2086,Toyota Mark X,бензин,АКПП,500000,200000.0,2007,0,0,1
2087,Toyota Allion,бензин,АКПП,550000,304444.0,2003,0,0,1
2088,Toyota Prius Alpha,гибрид,вариатор,1290000,170000.0,2014,0,0,1
2089,Toyota Crown,бензин,АКПП,2380000,146000.0,2011,0,0,1
2090,Toyota Prius Alpha,гибрид,вариатор,1630000,130000.0,2016,0,0,1
2091,Toyota C-HR,бензин,вариатор,2100000,46000.0,2018,0,0,1
2092,Toyota Raize,бензин,вариатор,1845000,43000.0,2020,0,0,1
2093,Toyota Prius,гибрид,вариатор,785000,182000.0,2010,0,0,1
2094,Toyota Corolla Fielder,бензин,вариатор,700000,343290.0,2006,0,0,1
2095,Toyota Crown,бензин,АКПП,780000,299999.0,1998,0,0,1
2096,Toyota Mark II,бензин,АКПП,1059000,195000.0,1996,0,0,1
2097,Toyota Harrier,бензин,вариатор,2450000,86000.0,2018,0,0,1
2098,Toyota Mark II,бензин,АКПП,899999,175000.0,2000,0,0,1
2099,Toyota Corolla Axio,бензин,вариатор,615000,232000.0,2007,0,0,1
2100,Toyota Corolla Fielder,бензин,вариатор,920000,169000.0,2013,0,0,1
2101,Toyota Probox,бензин,АКПП,510000,311000.0,2006,0,0,1
2102,Toyota Aqua,гибрид,вариатор,1150000,248000.0,2014,0,0,1
2103,Toyota Allion,бензин,вариатор,1140000,121000.0,2009,0,0,1
2104,Toyota Cresta,бензин,АКПП,230000,370000.0,1992,0,0,1
2105,Toyota Corolla Fielder,бензин,вариатор,1300000,107000.0,2016,0,0,1
2106,Toyota Vanguard,бензин,вариатор,1200000,242530.0,2010,0,0,1
2107,Toyota C-HR,гибрид,вариатор,1500000,80232.0,2018,0,0,1
2108,Toyota Crown,бензин,АКПП,220000,130000.0,1999,0,0,1
2109,Toyota Sprinter Carib,бензин,АКПП,490000,200000.0,1997,0,0,1
2110,Toyota Sienta,бензин,вариатор,405000,200000.0,2006,0,0,1
2111,Toyota Cresta,бензин,АКПП,600000,250000.0,2000,0,0,1
2112,Toyota Wish,бензин,вариатор,1465000,135000.0,2016,0,0,1
2113,Toyota Corolla Axio,бензин,вариатор,850000,173837.0,2009,0,0,1
2114,Toyota Harrier,бензин,АКПП,900000,220000.0,1999,0,0,1
2115,Toyota C-HR,30 400 к,,2400000,30400.0,2020,0,0,1
2116,Toyota Verossa,бензин,АКПП,850000,250000.0,2001,0,0,1
2117,Toyota Corolla,бензин,АКПП,240000,128000.0,1993,0,0,1
2118,Toyota Crown,бензин,АКПП,1550000,260000.0,2008,0,0,1
2119,Toyota Alphard,гибрид,вариатор,5600000,126000.0,2020,0,0,1
2120,Toyota Nadia,бензин,АКПП,530000,275000.0,1998,0,0,1
2121,Toyota Vitz,гибрид,вариатор,1130000,150000.0,2017,0,0,1
2122,Toyota Mark II,бензин,АКПП,650000,75438.0,2002,0,0,1
2123,Toyota Vellfire,гибрид,вариатор,5199999,47000.0,2020,0,0,1
2124,Toyota Corolla Axio,бензин,вариатор,1220000,143300.0,2016,0,0,1
2125,Toyota Yaris,бензин,вариатор,1500000,130000.0,2021,0,0,1
2126,Toyota Prius,гибрид,вариатор,800000,188580.0,2010,0,0,1
2127,Toyota Allion,бензин,вариатор,1090000,203000.0,2010,0,0,1
2128,Toyota Comfort,бензин,механика,180000,100000.0,2001,0,0,1
2129,Toyota Vitz,бензин,АКПП,390000,298000.0,2003,0,0,1
2130,Toyota Crown,бензин,АКПП,1349000,100000.0,2005,0,0,1
2131,Toyota RAV4,бензин,АКПП,590000,200000.0,1995,0,0,1
2132,Toyota Wish,бензин,АКПП,750000,200000.0,2004,0,0,1
2133,Toyota RAV4,бензин,АКПП,2550000,120000.0,2016,0,0,1
2134,Toyota Caldina,бензин,АКПП,950000,71000.0,2003,0,0,1
2135,Toyota Verossa,бензин,АКПП,815000,225000.0,2001,0,0,1
2136,Toyota Mark X,бензин,АКПП,1100000,243000.0,2006,0,0,1
2137,Toyota Crown,гибрид,вариатор,4000000,120000.0,2020,0,0,1
2138,Toyota Allion,бензин,вариатор,1250000,205000.0,2010,0,0,1
2139,Toyota Cresta,бензин,АКПП,150000,284000.0,1995,0,0,1
2140,Toyota Auris,бензин,вариатор,800000,122000.0,2010,0,0,1
2141,Toyota Corolla Fielder,бензин,вариатор,950000,165000.0,2010,0,0,1
2142,Toyota Allion,бензин,вариатор,1550000,40000.0,2016,0,0,1
2143,Toyota C-HR,бензин,вариатор,1800000,108000.0,2017,0,0,1
2144,Toyota Wish,бензин,АКПП,990000,255000.0,2006,0,0,1
2145,Toyota ist,бензин,АКПП,660000,214000.0,2005,0,0,1
2146,Toyota Vitz,бензин,вариатор,657000,131000.0,2012,0,0,1
2147,Toyota Sai,гибрид,вариатор,1550000,210000.0,2015,0,0,1
2148,Toyota Allion,бензин,АКПП,850000,1.0,2005,0,0,1
2149,Toyota Vitz,бензин,вариатор,810000,94000.0,2013,0,0,1
2150,Toyota Succeed,бензин,вариатор,950000,191000.0,2017,0,0,1
2151,Toyota Carina,бензин,АКПП,450000,324000.0,1998,0,0,1
2152,Toyota Corolla Fielder,бензин,вариатор,1215000,34000.0,2011,0,0,1
2153,Toyota Hiace,дизель,механика,800000,274585.0,1999,0,0,1
2154,Toyota Corolla Axio,бензин,вариатор,1260000,158.0,2019,0,0,1
2155,Toyota Isis,бензин,вариатор,950000,203000.0,2010,0,0,1
2156,Toyota Prius,гибрид,вариатор,900000,90000.0,2010,0,0,1
2157,Toyota Prius,гибрид,вариатор,400000,67000.0,1997,0,0,1
2158,Toyota Kluger V,бензин,АКПП,900000,300000.0,2001,0,0,1
2159,Toyota RAV4,бензин,АКПП,750000,276615.0,2000,0,0,1
2160,Toyota Estima,гибрид,вариатор,3100000,146790.0,2017,0,0,1
2161,Toyota Caldina,бензин,АКПП,630000,343629.0,2003,0,0,1
2162,Toyota Town Ace Noah,дизель,механика,475000,250000.0,1998,0,0,1
2163,Toyota C-HR,бензин,вариатор,1900000,40000.0,2017,0,0,1
2164,Toyota Chaser,бензин,АКПП,825000,380000.0,2000,0,0,1
2165,Toyota Fortuner,бензин,АКПП,2050000,140000.0,2009,0,0,1
2166,Toyota Isis,бензин,вариатор,870000,176000.0,2010,0,0,1
2167,Toyota Vitz,бензин,вариатор,550000,160000.0,2011,0,0,1
2168,Toyota Corolla Fielder,бензин,вариатор,1100000,150000.0,2011,0,0,1
2169,Toyota Prius PHV,гибрид,вариатор,1900000,172000.0,2017,0,0,1
2170,Toyota Vitz,бензин,вариатор,740000,219000.0,2010,0,0,1
2171,Toyota Wish,бензин,вариатор,1375000,101909.0,2011,0,0,1
2172,Toyota Voxy,бензин,вариатор,2180000,135000.0,2016,0,0,1
2173,Toyota RAV4,бензин,вариатор,2150000,215000.0,2018,0,0,1
2174,Toyota Ractis,бензин,АКПП,935000,148500.0,2010,0,0,1
2175,Toyota Camry,гибрид,автомат,2680000,154000.0,2017,0,0,1
2176,Toyota Aqua,гибрид,вариатор,800000,177700.0,2014,0,0,1
2177,Toyota Passo,бензин,вариатор,550000,158000.0,2010,0,0,1
2178,Toyota Town Ace,бензин,механика,700000,300000.0,2005,0,0,1
2179,Toyota Vitz,бензин,вариатор,650000,172000.0,2012,0,0,1
2180,Toyota Land Cruiser,бензин,АКПП,4900000,150000.0,2010,0,0,1
2181,Toyota Aqua,гибрид,вариатор,1050000,146000.0,2016,0,0,1
2182,Toyota Corolla Spacio,бензин,АКПП,520000,245290.0,2002,0,0,1
2183,Toyota Vitz,бензин,вариатор,700000,180000.0,2014,0,0,1
2184,Toyota Corolla Spacio,бензин,АКПП,530000,250000.0,2002,0,0,1
2185,Toyota Corolla Fielder,гибрид,вариатор,950000,178000.0,2013,0,0,1
2186,Toyota Harrier,гибрид,вариатор,2400000,164000.0,2014,0,0,1
2187,Toyota Highlander,бензин,автомат,900000,267000.0,2003,0,0,1
2188,Toyota Crown,гибрид,вариатор,2300000,223000.0,2013,0,0,1
2189,Toyota Cresta,бензин,АКПП,955000,190000.0,1996,0,0,1
2190,Toyota Progres,бензин,автомат,900000,265000.0,1991,0,0,1
2191,Toyota Allion,бензин,автомат,850000,298000.0,2005,0,0,1
2192,Toyota Camry,бензин,АКПП,2070000,108000.0,2016,0,0,1
2193,Toyota Corolla,бензин,АКПП,400000,270000.0,1996,0,0,1
2194,Toyota Allion,бензин,вариатор,1050000,82416.0,2010,0,0,1
2195,Toyota Prius,гибрид,вариатор,1700000,42000.0,2017,0,0,1
2196,Toyota Allion,бензин,вариатор,1400000,104000.0,2013,0,0,1
2197,Toyota Harrier,бензин,АКПП,2050000,197000.0,2009,0,0,1
2198,Toyota Ipsum,бензин,АКПП,745000,186000.0,2003,0,0,1
2199,Toyota Land Cruiser,дизель,АКПП,3550000,295000.0,2008,0,0,1
2200,Toyota Ractis,бензин,вариатор,850000,91000.0,2012,0,0,1
2201,Toyota Crown,бензин,автомат,800000,299999.0,1998,0,0,1
2202,Toyota C-HR,бензин,вариатор,2250000,35000.0,2020,0,0,1
2203,Toyota Harrier,бензин,вариатор,3300000,19000.0,2018,0,0,1
2204,Toyota Sienta,бензин,вариатор,1310000,110000.0,2018,0,0,1
2205,Toyota Prius,гибрид,вариатор,730000,175000.0,2008,0,0,1
2206,Toyota Allion,бензин,вариатор,1450000,110000.0,2016,0,0,1
2207,Toyota Wish,бензин,вариатор,1200000,135000.0,2011,0,0,1
2208,Toyota Crown,бензин,АКПП,1200000,200000.0,2001,0,0,1
2209,Toyota Prius Alpha,гибрид,вариатор,1110000,155000.0,2013,0,0,1
2210,Toyota Allion,бензин,вариатор,980000,170000.0,2010,0,0,1
2211,Toyota Mark X,бензин,АКПП,1600000,227728.0,2010,0,0,1
2212,Toyota Prius,гибрид,вариатор,950000,200000.0,2010,0,0,1
2213,Toyota Wish,бензин,вариатор,1100000,178000.0,2010,0,0,1
2214,Toyota Progres,бензин,АКПП,1999999,175000.0,2003,0,0,1
2215,Toyota Aqua,гибрид,вариатор,950000,208900.0,2013,0,0,1
2216,Toyota Corolla Fielder,бензин,вариатор,775000,144209.0,2008,0,0,1
2217,Toyota Verossa,бензин,АКПП,750000,222000.0,2002,0,0,1
2218,Toyota Vista,бензин,АКПП,470000,244000.0,1999,0,0,1
2219,Toyota Chaser,бензин,АКПП,405000,250000.0,1993,0,0,1
2220,Toyota ist,бензин,АКПП,160000,330000.0,2004,0,0,1
2221,Toyota Corolla Fielder,гибрид,вариатор,1150000,112000.0,2015,0,0,1
2222,Toyota Prius,гибрид,вариатор,575000,200000.0,2008,0,0,1
2223,Toyota Land Cruiser Prado,дизель,АКПП,1150000,295000.0,1997,0,0,1
2224,Toyota Prius,гибрид,вариатор,1100000,177000.0,2013,0,0,1
2225,Toyota Aristo,бензин,АКПП,1150000,145000.0,1998,0,0,1
2226,Toyota Prius,гибрид,вариатор,1350000,207000.0,2015,0,0,1
2227,Toyota Rush,бензин,АКПП,1455000,100000.0,2009,0,0,1
2228,Toyota Corolla Fielder,гибрид,вариатор,1050000,165000.0,2014,0,0,1
2229,Toyota Corolla Axio,бензин,вариатор,600000,232000.0,2006,0,0,1
2230,Toyota Corolla Rumion,бензин,вариатор,715000,187500.0,2009,0,0,1
2231,Toyota Corolla Axio,бензин,вариатор,1400000,63230.0,2018,0,0,1
2232,Toyota Mark X,бензин,АКПП,1330000,193000.0,2010,0,0,1
2233,Toyota Land Cruiser,дизель,АКПП,4300000,250000.0,2012,0,0,1
2234,Toyota Aqua,гибрид,вариатор,800000,166000.0,2015,0,0,1
2235,Toyota Belta,бензин,вариатор,470000,45000.0,2007,0,0,1
2236,Toyota Funcargo,бензин,АКПП,362573,99999.0,2002,0,0,1
2237,Toyota Ractis,бензин,вариатор,510000,70000.0,2009,0,0,1
2238,Toyota C-HR,гибрид,вариатор,1899999,132725.0,2018,0,0,1
2239,Toyota Crown,бензин,АКПП,540000,12250.0,1992,0,0,1
2240,Toyota Vitz,бензин,вариатор,910000,114000.0,2019,0,0,1
2241,Toyota Corolla,бензин,вариатор,1910000,70000.0,2019,0,0,1
2242,Toyota Ractis,бензин,вариатор,690000,96000.0,2008,0,0,1
2243,Toyota Carina ED,бензин,АКПП,220000,250000.0,1991,0,0,1
2244,Toyota Vitz,бензин,вариатор,780000,121000.0,2015,0,0,1
2245,Toyota Land Cruiser Prado,бензин,АКПП,4150000,42000.0,2018,0,0,1
2246,Toyota Sprinter Carib,бензин,АКПП,170000,168582.0,1985,0,0,1
2247,Toyota Estima,гибрид,вариатор,510000,225000.0,2008,0,0,1
2248,Toyota Cresta,бензин,АКПП,430000,250000.0,1993,0,0,1
2249,Toyota Caldina,дизель,АКПП,170000,161140.0,1995,0,0,1
2250,Toyota Vitz,бензин,вариатор,549000,213000.0,2011,0,0,1
2251,Toyota Mark II,бензин,АКПП,699000,283000.0,1997,0,0,1
2252,Toyota Land Cruiser,бензин,АКПП,8900000,57000.0,2017,0,0,1
2253,Toyota Aqua,гибрид,вариатор,845000,132000.0,2014,0,0,1
2254,Toyota Probox,бензин,АКПП,480000,320000.0,2002,0,0,1
2255,Toyota Cresta,бензин,АКПП,600000,200000.0,1998,0,0,1
2256,Toyota Probox,бензин,АКПП,435000,215000.0,2002,0,0,1
2257,Toyota Vitz,бензин,АКПП,360000,222412.0,2003,0,0,1
2258,Toyota Camry,бензин,АКПП,2600000,78000.0,2018,0,0,1
2259,Toyota Vellfire,бензин,вариатор,5200000,45000.0,2018,0,0,1
2260,Toyota Prius Alpha,гибрид,вариатор,1190000,181000.0,2014,0,0,1
2261,Toyota Starlet,бензин,АКПП,290000,250000.0,1997,0,0,1
2262,Toyota Crown,бензин,АКПП,1350000,40000.0,1996,0,0,1
2263,Toyota RAV4,бензин,АКПП,685000,190500.0,2000,0,0,1
2264,Toyota Raum,бензин,АКПП,999999,44000.0,2009,0,0,1
2265,Toyota Land Cruiser Prado,бензин,АКПП,2699999,236000.0,2010,0,0,1
2266,Toyota Corolla,бензин,АКПП,610000,210000.0,2002,0,0,1
2267,Toyota Duet,бензин,АКПП,175000,250000.0,2000,0,0,1
2268,Toyota Prius Alpha,гибрид,вариатор,1550000,117000.0,2018,0,0,1
2269,Toyota Corolla,бензин,АКПП,190000,280000.0,1998,0,0,1
2270,Toyota Wish,бензин,вариатор,830000,160000.0,2009,0,0,1
2271,Toyota Allion,бензин,АКПП,430000,200000.0,2003,0,0,1
2272,Toyota Lite Ace Noah,дизель,АКПП,275000,270000.0,1996,0,0,1
2273,Toyota Crown,гибрид,вариатор,2400000,100000.0,2014,0,0,1
2274,Toyota Vista Ardeo,бензин,АКПП,425000,250000.0,1999,0,0,1
2275,Toyota Harrier,бензин,автомат,720000,200000.0,1998,0,0,1
2276,Toyota Harrier,бензин,вариатор,2580000,129650.0,2016,0,0,1
2277,Toyota Corolla Axio,бензин,вариатор,690000,233866.0,2007,0,0,1
2278,Toyota Premio,бензин,вариатор,1100000,170000.0,2010,0,0,1
2279,Toyota Mark II,бензин,АКПП,1250000,180000.0,2000,0,0,1
2280,Toyota Land Cruiser,бензин,АКПП,1795000,290000.0,2000,0,0,1
2281,Toyota Caldina,бензин,АКПП,225000,220000.0,2000,0,0,1
2282,Toyota Vitz,бензин,АКПП,325000,280000.0,2000,0,0,1
2283,Toyota Town Ace,бензин,АКПП,1999999,46000.0,2019,0,0,1
2284,Toyota Hilux Surf,бензин,АКПП,1990000,124000.0,2004,0,0,1
2285,Toyota RAV4,бензин,вариатор,1500000,143000.0,2010,0,0,1
2286,Toyota Harrier,бензин,вариатор,4100000,21847.0,2021,0,0,1
2287,Toyota Aqua,гибрид,вариатор,1050000,109000.0,2016,0,0,1
2288,Toyota Camry,бензин,АКПП,1050000,277000.0,2006,0,0,1
2289,Toyota Prius,гибрид,вариатор,650000,364000.0,2008,0,0,1
2290,Toyota Vitz,гибрид,вариатор,870000,168000.0,2017,0,0,1
2291,Toyota Noah,гибрид,вариатор,2000000,98000.0,2018,0,0,1
2292,Toyota RAV4,бензин,вариатор,3399000,,2025,0,0,1
2293,Toyota Prius,гибрид,вариатор,1250000,115000.0,2011,0,0,1
2294,Toyota Chaser,бензин,АКПП,915000,200000.0,2000,0,0,1
2295,Toyota Crown,бензин,АКПП,1300000,140000.0,2004,0,0,1
2296,Toyota Vitz,бензин,вариатор,360000,999999.0,2005,0,0,1
2297,Toyota Land Cruiser,дизель,АКПП,2900000,552000.0,2011,0,0,1
2298,Toyota Allion,бензин,АКПП,690000,227000.0,2003,0,0,1
2299,Toyota Corolla Spacio,бензин,АКПП,565000,260000.0,2004,0,0,1
2300,Toyota C-HR,бензин,автомат,1870000,72000.0,2016,0,0,1
2301,Toyota Harrier,бензин,вариатор,2800000,78000.0,2020,0,0,1
2302,Toyota Noah,бензин,АКПП,800000,200000.0,2002,0,0,1
2303,Toyota Prius,гибрид,вариатор,850000,220000.0,2011,0,0,1
2304,Toyota Land Cruiser,бензин,АКПП,4700000,162000.0,2013,0,0,1
2305,Toyota Vitz,бензин,вариатор,890000,140000.0,2016,0,0,1
2306,Toyota Isis,бензин,вариатор,1250000,145000.0,2011,0,0,1
2307,Toyota Camry,гибрид,вариатор,2900000,190000.0,2018,0,0,1
2308,Toyota Land Cruiser,дизель,АКПП,4850000,143000.0,1997,0,0,1
2309,Toyota Venza,бензин,вариатор,4550000,14000.0,2022,0,0,1
2310,Toyota Yaris Cross,бензин,вариатор,1750000,70000.0,2022,0,0,1
2311,Toyota Vitz,бензин,вариатор,600000,160000.0,2013,0,0,1
2312,Toyota Corona,дизель,механика,120000,280000.0,1995,0,0,1
2313,Toyota Crown,бензин,АКПП,3500000,22000.0,2018,0,0,1
2314,Toyota Allion,бензин,вариатор,1400000,184589.0,2010,0,0,1
2315,Toyota Mark X,бензин,АКПП,1700000,270000.0,2007,0,0,1
2316,Toyota Vitz,бензин,вариатор,470000,210221.0,2009,0,0,1
2317,Toyota Corolla,гибрид,вариатор,2120000,13500.0,2021,0,0,1
2318,Toyota Sprinter,бензин,АКПП,239900,330000.0,1995,0,0,1
2319,Toyota Corolla Fielder,бензин,вариатор,1270000,93200.0,2015,0,0,1
2320,Toyota Allion,бензин,вариатор,900000,244060.0,2007,0,0,1
2321,Toyota Aqua,гибрид,автомат,1100000,162000.0,2016,0,0,1
2322,Toyota Premio,бензин,вариатор,1050000,280000.0,2007,0,0,1
2323,Toyota Premio,бензин,вариатор,1180000,230000.0,2011,0,0,1
2324,Toyota Prius,гибрид,вариатор,950000,146000.0,2010,0,0,1
2325,Toyota Prius,гибрид,вариатор,2300000,104500.0,2018,0,0,1
2326,Toyota Funcargo,бензин,АКПП,365000,150000.0,2001,0,0,1
2327,Toyota C-HR,бензин,вариатор,1700000,105900.0,2017,0,0,1
2328,Toyota Caldina,бензин,АКПП,780000,267878.0,2005,0,0,1
2329,Toyota Noah,гибрид,вариатор,3200000,200000.0,2019,0,0,1
2330,Toyota Corona Premio,бензин,АКПП,270000,462000.0,1996,0,0,1
2331,Toyota Wish,бензин,вариатор,1380000,100000.0,2009,0,0,1
2332,Toyota Ractis,бензин,вариатор,550000,192000.0,2009,0,0,1
2333,Toyota RAV4,бензин,АКПП,1320000,184000.0,2007,0,0,1
2334,Toyota Prius,гибрид,вариатор,900000,210000.0,2012,0,0,1
2335,Toyota Crown,бензин,АКПП,420000,441562.0,1993,0,0,1
2336,Toyota Prius Alpha,гибрид,вариатор,1650000,133793.0,2015,0,0,1
2337,Toyota Ipsum,бензин,автомат,630000,230000.0,1993,0,0,1
2338,Toyota Prius,гибрид,вариатор,1000000,187000.0,2011,0,0,1
2339,Toyota Mark II,бензин,АКПП,510000,231000.0,1987,0,0,1
2340,Toyota Corolla Fielder,бензин,вариатор,730000,2.0,2006,0,0,1
2341,Toyota Wish,бензин,АКПП,795000,290000.0,2003,0,0,1
2342,Toyota Crown,гибрид,вариатор,2499000,98000.0,2015,0,0,1
2343,Toyota Land Cruiser Prado,бензин,АКПП,3600000,92000.0,2015,0,0,1
2344,Toyota Crown,гибрид,вариатор,2395000,200000.0,2013,0,0,1
2345,Toyota Corolla,бензин,АКПП,620000,330000.0,2002,0,0,1
2346,Toyota C-HR,бензин,вариатор,1900000,58000.0,2019,0,0,1
2347,Toyota Corolla Axio,бензин,вариатор,1350000,56000.0,2016,0,0,1
2348,Toyota Land Cruiser Prado,бензин,АКПП,2000000,240000.0,2002,0,0,1
2349,Toyota Belta,бензин,вариатор,550000,130000.0,2007,0,0,1
2350,Toyota Crown,бензин,АКПП,1750000,180000.0,2008,0,0,1
2351,Toyota Crown,бензин,АКПП,3250000,83000.0,2019,0,0,1
2352,Toyota Prius,гибрид,вариатор,1100000,170495.0,2010,0,0,1
2353,Toyota C-HR,бензин,вариатор,1850000,52000.0,2018,0,0,1
2354,Toyota Wish,бензин,вариатор,1400000,155000.0,2012,0,0,1
2355,Toyota Prius,гибрид,вариатор,1000000,260548.0,2012,0,0,1
2356,Toyota Cresta,бензин,АКПП,350000,175000.0,2000,0,0,1
2357,Toyota Sienta,бензин,вариатор,1350000,48500.0,2015,0,0,1
2358,Toyota Cresta,бензин,АКПП,800000,300000.0,1996,0,0,1
2359,Toyota Prius,гибрид,вариатор,850000,215000.0,2009,0,0,1
2360,Toyota Prius,гибрид,вариатор,1300000,295000.0,2011,0,0,1
2361,Toyota Prius,гибрид,вариатор,950000,210000.0,2011,0,0,1
2362,Toyota Crown,гибрид,вариатор,3240000,102000.0,2018,0,0,1
2363,Toyota Land Cruiser Prado,бензин,АКПП,4500000,45000.0,2018,0,0,1
2364,Toyota Wish,бензин,АКПП,845000,176000.0,2006,0,0,1
2365,Toyota Vitz,бензин,вариатор,885000,93000.0,2017,0,0,1
2366,Toyota Grand Hiace,бензин,АКПП,1450000,326000.0,2000,0,0,1
2367,Toyota Land Cruiser Prado,бензин,АКПП,1750000,318000.0,2005,0,0,1
2368,Toyota Corolla,бензин,механика,160000,300000.0,1988,0,0,1
2369,Toyota Harrier,бензин,вариатор,2999999,120000.0,2019,0,0,1
2370,Toyota Land Cruiser Prado,дизель,АКПП,2850000,270000.0,2010,0,0,1
2371,Toyota Land Cruiser Prado,бензин,АКПП,1300000,230000.0,1998,0,0,1
2372,Toyota Mark II,бензин,АКПП,900000,280000.0,1999,0,0,1
2373,Toyota Harrier,бензин,вариатор,2100000,136000.0,2014,0,0,1
2374,Toyota C-HR,гибрид,вариатор,1993000,50000.0,2019,0,0,1
2375,Toyota Ipsum,бензин,АКПП,585000,170000.0,2000,0,0,1
2376,Toyota Harrier,бензин,вариатор,4350000,38000.0,2020,0,0,1
2377,Toyota Corolla,дизель,АКПП,425000,276000.0,2000,0,0,1
2378,Toyota Chaser,бензин,АКПП,150000,222222.0,1989,0,0,1
2379,Toyota Sienta,бензин,вариатор,1810000,26000.0,2021,0,0,1
2380,Toyota Prius,гибрид,вариатор,790000,212000.0,2008,0,0,1
2381,Toyota Harrier,гибрид,вариатор,2500000,145000.0,2014,0,0,1
2382,Toyota RAV4,бензин,вариатор,2200000,96000.0,2014,0,0,1
2383,Toyota Harrier,гибрид,вариатор,3950000,38000.0,2020,0,0,1
2384,Toyota Premio,бензин,вариатор,1300000,150000.0,2010,0,0,1
2385,Toyota Vitz,бензин,вариатор,700000,169000.0,2014,0,0,1
2386,Toyota Corolla Fielder,гибрид,вариатор,1220000,144300.0,2015,0,0,1
2387,Toyota Prius,гибрид,вариатор,580000,370000.0,2008,0,0,1
2388,Toyota Mark X,бензин,АКПП,1750000,124000.0,2012,0,0,1
2389,Toyota Sienta,бензин,вариатор,1750000,25000.0,2020,0,0,1
2390,Toyota Yaris Cross,бензин,вариатор,1880000,46240.0,2021,0,0,1
2391,Toyota Lite Ace,дизель,АКПП,450000,223663.0,1995,0,0,1
2392,Toyota Harrier,бензин,вариатор,2650000,72000.0,2019,0,0,1
2393,Toyota Harrier,бензин,вариатор,2880000,108500.0,2021,0,0,1
2394,Toyota Crown,бензин,АКПП,1300000,250000.0,2004,0,0,1
2395,Toyota Land Cruiser,дизель,АКПП,5000000,111000.0,2014,0,0,1
2396,Toyota Aqua,гибрид,вариатор,950000,113000.0,2017,0,0,1
2397,Toyota Hiace,дизель,автомат,400000,388674.0,1986,0,0,1
2398,Toyota bZ3X,электро,АКПП,2650000,,2025,0,0,1
2399,Toyota Wish,бензин,вариатор,1050000,220000.0,2009,0,0,1
2400,Toyota Mark X,бензин,АКПП,1575000,165555.0,2009,0,0,1
2401,Toyota Vitz,бензин,АКПП,510000,230000.0,2009,0,0,1
2402,Toyota Kluger V,бензин,АКПП,1100000,317000.0,2002,0,0,1
2403,Toyota Mark II,бензин,АКПП,485000,250000.0,1997,0,0,1
2404,Toyota Allion,бензин,вариатор,970000,137000.0,2011,0,0,1
2405,Toyota Vitz,бензин,вариатор,530000,147000.0,2010,0,0,1
2406,Toyota Prius PHV,гибрид,вариатор,1700000,140000.0,2017,0,0,1
2407,Toyota Mark II,бензин,АКПП,610000,255000.0,2003,0,0,1
2408,Toyota Allion,бензин,вариатор,1300000,85000.0,2010,0,0,1
2409,Toyota Allion,бензин,АКПП,650000,130000.0,2003,0,0,1
2410,Toyota Raize,бензин,автомат,1700000,,2021,0,0,1
2411,Toyota Land Cruiser Prado,бензин,АКПП,5100000,71000.0,2021,0,0,1
2412,Toyota Prius,гибрид,вариатор,1430000,220000.0,2016,0,0,1
2413,Toyota Land Cruiser Prado,бензин,АКПП,1550000,290000.0,1999,0,0,1
2414,Toyota Brevis,бензин,АКПП,1000000,200000.0,2005,0,0,1
2415,Toyota Allion,бензин,вариатор,900000,186000.0,2007,0,0,1
2416,Toyota Land Cruiser,бензин,АКПП,4550000,265000.0,2012,0,0,1
2417,Toyota Ipsum,бензин,АКПП,245000,264271.0,1997,0,0,1
2418,Toyota Mark II,бензин,АКПП,500000,1.0,1986,0,0,1
2419,Toyota Land Cruiser Cygnus,бензин,АКПП,2600000,340000.0,2003,0,0,1
2420,Toyota Vitz,бензин,АКПП,279000,250000.0,2002,0,0,1
2421,Toyota Land Cruiser,дизель,механика,2550000,270000.0,1995,0,0,1
2422,Toyota Vitz,бензин,вариатор,450000,220000.0,2009,0,0,1
2423,Toyota Corolla Fielder,бензин,АКПП,717555,260000.0,2004,0,0,1
2424,Toyota Hilux Surf,дизель,АКПП,1100000,100000.0,1998,0,0,1
2425,Toyota Chaser,бензин,АКПП,650000,259000.0,1999,0,0,1
2426,Toyota Venza,бензин,АКПП,1900000,231000.0,2013,0,0,1
2427,Toyota Corolla Spacio,бензин,АКПП,650000,180000.0,2002,0,0,1
2428,Toyota ist,бензин,АКПП,465000,120000.0,2002,0,0,1
2429,Toyota Sai,гибрид,вариатор,1890000,138000.0,2015,0,0,1
2430,Toyota Allion,бензин,вариатор,1250000,143000.0,2013,0,0,1
2431,Toyota Allion,бензин,АКПП,620000,200000.0,2003,0,0,1
2432,Toyota RAV4,бензин,АКПП,925000,164000.0,2004,0,0,1
2433,Toyota Vista Ardeo,бензин,АКПП,505050,100000.0,1999,0,0,1
2434,Toyota Alphard,бензин,вариатор,3150000,164700.0,2022,0,0,1
2435,Toyota Vitz,бензин,вариатор,850000,90242.0,2011,0,0,1
2436,Toyota Land Cruiser,бензин,АКПП,4500000,204000.0,2013,0,0,1
2437,Toyota Wish,бензин,вариатор,1200000,168453.0,2011,0,0,1
2438,Toyota Allion,бензин,АКПП,630000,201000.0,2004,0,0,1
2439,Toyota Vitz,бензин,вариатор,550000,280000.0,2009,0,0,1
2440,Toyota Voxy,бензин,АКПП,999000,159000.0,2002,0,0,1
2441,Toyota Land Cruiser Prado,дизель,АКПП,4700000,42000.0,2019,0,0,1
2442,Toyota Premio,бензин,вариатор,1980000,45000.0,2020,0,0,1
2443,Toyota Harrier,гибрид,вариатор,3915000,84000.0,2021,0,0,1
2444,Toyota Corolla,бензин,АКПП,365000,230000.0,2005,0,0,1
2445,Toyota Cresta,бензин,АКПП,450000,200000.0,1996,0,0,1
2446,Toyota Land Cruiser,дизель,АКПП,1500000,795000.0,1996,0,0,1
2447,Toyota Esquire,гибрид,вариатор,2100000,138400.0,2015,0,0,1
2448,Toyota Alphard,бензин,вариатор,6500000,27500.0,2021,0,0,1
2449,Toyota Allion,бензин,вариатор,1000000,150000.0,2008,0,0,1
2450,Toyota Allion,бензин,АКПП,1385000,80000.0,2007,0,0,1
2451,Toyota Prius,гибрид,вариатор,900000,214305.0,2010,0,0,1
2452,Toyota Corolla Cross,бензин,вариатор,2100000,107000.0,2021,0,0,1
2453,Toyota ist,бензин,АКПП,510000,161000.0,2003,0,0,1
2454,Toyota Sai,гибрид,вариатор,2000000,179000.0,2016,0,0,1
2455,Toyota Supra,бензин,АКПП,4000000,80000.0,2021,0,0,1
2456,Toyota Land Cruiser,бензин,АКПП,3800000,270000.0,2011,0,0,1
2457,Toyota Harrier,бензин,АКПП,1850000,187257.0,2010,0,0,1
2458,Toyota Crown,гибрид,вариатор,2250000,151000.0,2015,0,0,1
2459,Toyota Prius,гибрид,вариатор,1560000,110.0,2016,0,0,1
2460,Toyota Sai,гибрид,вариатор,1300000,220000.0,2010,0,0,1
2461,Toyota Harrier,бензин,вариатор,2500000,99000.0,2017,0,0,1
2462,Toyota Corolla Fielder,бензин,вариатор,1180000,140000.0,2011,0,0,1
2463,Toyota Corolla Axio,бензин,вариатор,1600000,141000.0,2020,0,0,1
2464,Toyota Cresta,бензин,АКПП,600000,299000.0,1987,0,0,1
2465,Toyota Prius,гибрид,вариатор,1150000,155000.0,2010,0,0,1
2466,Toyota Caldina,бензин,АКПП,600000,255000.0,2002,0,0,1
2467,Toyota Corolla Fielder,бензин,вариатор,950000,237000.0,2015,0,0,1
2468,Toyota Ipsum,бензин,АКПП,560000,327000.0,1997,0,0,1
2469,Toyota Vitz,бензин,вариатор,950000,78000.0,2011,0,0,1
2470,Toyota Sienta,гибрид,вариатор,1330000,152000.0,2015,0,0,1
2471,Toyota Mark II,бензин,АКПП,415000,420000.0,1990,0,0,1
2472,Toyota Harrier,гибрид,вариатор,3100000,99999.0,2019,0,0,1
2473,Toyota Corona Premio,бензин,механика,480000,250000.0,1998,0,0,1
2474,Toyota Auris,бензин,вариатор,749000,220000.0,2009,0,0,1
2475,Toyota Vitz,бензин,вариатор,500000,270000.0,2006,0,0,1
2476,Toyota Prius,гибрид,вариатор,1250000,221550.0,2011,0,0,1
2477,Toyota Nadia,бензин,АКПП,550000,300000.0,1999,0,0,1
2478,Toyota Ractis,бензин,вариатор,820000,150000.0,2014,0,0,1
2479,Toyota C-HR,бензин,вариатор,2000000,37000.0,2018,0,0,1
2480,Toyota Prius,гибрид,вариатор,1337000,201000.0,2012,0,0,1
2481,Toyota Caldina,дизель,механика,290000,350000.0,2000,0,0,1
2482,Toyota RAV4,бензин,вариатор,2250000,182000.0,2016,0,0,1
2483,Toyota Allion,бензин,вариатор,1180000,108000.0,2010,0,0,1
2484,Toyota Crown,бензин,АКПП,800000,339000.0,1999,0,0,1
2485,Toyota Vitz,бензин,вариатор,1290000,80000.0,2019,0,0,1
2486,Toyota Cresta,бензин,АКПП,600000,300016.0,1999,0,0,1
2487,Toyota Vitz,бензин,вариатор,850000,115000.0,2013,0,0,1
2488,Toyota Ipsum,бензин,АКПП,750000,165000.0,2002,0,0,1
2489,Toyota Vitz,бензин,вариатор,659000,168000.0,2013,0,0,1
2490,Toyota Hilux Surf,бензин,АКПП,1250000,298000.0,1995,0,0,1
2491,Toyota RAV4,бензин,вариатор,1320000,120000.0,2005,0,0,1
2492,Toyota Premio,бензин,вариатор,800000,250000.0,2007,0,0,1
2493,Toyota Vitz,бензин,вариатор,799999,124000.0,2011,0,0,1
2494,Toyota Mark II,бензин,АКПП,550000,230000.0,1993,0,0,1
2495,Toyota Crown,бензин,АКПП,2550000,170000.0,2014,0,0,1
2496,Toyota Passo Sette,бензин,АКПП,820000,174000.0,2009,0,0,1
2497,Toyota Harrier,бензин,вариатор,2800000,50000.0,2020,0,0,1
2498,Toyota Corolla Axio,гибрид,автомат,950000,137000.0,2015,0,0,1
2499,Toyota Auris,бензин,вариатор,810000,196630.0,2007,0,0,1
2500,Toyota Corolla,бензин,АКПП,330000,311000.0,1997,0,0,1
2501,Toyota Harrier,бензин,вариатор,2450000,146000.0,2015,0,0,1
2502,Toyota Prius,гибрид,вариатор,1150000,306000.0,2013,0,0,1
2503,Toyota Land Cruiser,дизель,АКПП,3000000,290000.0,2008,0,0,1
2504,Toyota Mark II,бензин,АКПП,400000,200000.0,1993,0,0,1
2505,Toyota Blade,бензин,вариатор,1200000,320000.0,2010,0,0,1
2506,Toyota Corolla Fielder,гибрид,вариатор,1180000,160000.0,2015,0,0,1
2507,Toyota RAV4,гибрид,вариатор,3850000,75000.0,2019,0,0,1
2508,Toyota Town Ace,дизель,автомат,230000,301676.0,1992,0,0,1
2509,Toyota Wish,бензин,вариатор,2050000,43000.0,2016,0,0,1
2510,Toyota Harrier,гибрид,вариатор,3950000,21000.0,2020,0,0,1
2511,Toyota Cresta,бензин,АКПП,250000,424387.0,1993,0,0,1
2512,Toyota Crown,дизель,АКПП,240000,255552.0,1991,0,0,1
2513,Toyota Wish,бензин,АКПП,850000,222000.0,2003,0,0,1
2514,Toyota Wish,бензин,вариатор,1700000,124000.0,2013,0,0,1
2515,Toyota Vitz,бензин,вариатор,550000,120000.0,2011,0,0,1
2516,Toyota Wish,бензин,АКПП,750000,208000.0,2003,0,0,1
2517,Toyota Esquire,гибрид,вариатор,1920000,176000.0,2016,0,0,1
2518,Toyota Mark II,бензин,АКПП,1400000,240000.0,2000,0,0,1
2519,Toyota Harrier,бензин,вариатор,3050000,195000.0,2017,0,0,1
2520,Toyota Corolla Axio,бензин,автомат,1450000,89000.0,2020,0,0,1
2521,Toyota Kluger V,бензин,АКПП,1500000,320000.0,2004,0,0,1
2522,Toyota Carina,бензин,механика,250000,164000.0,1993,0,0,1
2523,Toyota Supra,бензин,АКПП,5500000,22000.0,2019,0,0,1
2524,Toyota Mark II,бензин,АКПП,810000,403000.0,2000,0,0,1
2525,Toyota C-HR,бензин,механика,1950000,49000.0,2019,0,0,1
2526,Toyota Land Cruiser,бензин,АКПП,9700000,60000.0,2020,0,0,1
2527,Toyota Vitz,бензин,вариатор,840000,132000.0,2014,0,0,1
2528,Toyota Vellfire,бензин,АКПП,2380000,158000.0,2008,0,0,1
2529,Toyota Vista,бензин,автомат,330000,450000.0,1986,0,0,1
2530,Toyota Carina,бензин,механика,80000,350000.0,1988,0,0,1
2531,Toyota Harrier,гибрид,вариатор,4850000,73000.0,2020,0,0,1
2532,Toyota Prius Alpha,гибрид,вариатор,1200000,154500.0,2011,0,0,1
2533,Toyota Prius,гибрид,вариатор,800000,340.0,2010,0,0,1
2534,Toyota Corolla Cross,бензин,вариатор,2650000,39000.0,2021,0,0,1
2535,Toyota Caldina,бензин,АКПП,830000,290467.0,2002,0,0,1
2536,Toyota Hiace Regius,дизель,АКПП,800000,300000.0,1999,0,0,1
2537,Toyota Vitz,бензин,вариатор,520000,114000.0,2009,0,0,1
2538,Toyota Highlander,гибрид,вариатор,1780000,197000.0,2008,0,0,1
2539,Toyota Funcargo,бензин,АКПП,490000,237000.0,2003,0,0,1
2540,Toyota Allion,бензин,вариатор,1680000,54000.0,2018,0,0,1
2541,Toyota Crown,бензин,АКПП,450000,360000.0,1988,0,0,1
2542,Toyota Mark II,бензин,АКПП,750000,255800.0,1996,0,0,1
2543,Toyota Mark II,бензин,АКПП,450000,150000.0,1995,0,0,1
2544,Toyota Mark II,бензин,АКПП,600000,333333.0,2001,0,0,1
2545,Toyota Chaser,бензин,АКПП,290000,250000.0,1997,0,0,1
2546,Toyota Yaris,бензин,вариатор,1175000,138000.0,2020,0,0,1
2547,Toyota Prius,гибрид,вариатор,950000,280000.0,2010,0,0,1
2548,Toyota Vellfire,гибрид,вариатор,5200000,60000.0,2020,0,0,1
2549,Toyota Caldina,бензин,АКПП,270000,231766.0,1993,0,0,1
2550,Toyota Premio,бензин,АКПП,930000,218.0,2005,0,0,1
2551,Toyota RAV4,гибрид,вариатор,3300000,85000.0,2019,0,0,1
2552,Toyota Mark II,бензин,АКПП,220000,543708.0,1990,0,0,1
2553,Toyota Chaser,бензин,АКПП,165000,430000.0,1993,0,0,1
2554,Toyota Prius,гибрид,вариатор,1280000,218000.0,2013,0,0,1
2555,Toyota Corolla Fielder,бензин,вариатор,850000,270.0,2010,0,0,1
2556,Toyota Mark X,бензин,АКПП,745000,180000.0,2005,0,0,1
2557,Toyota Crown,бензин,АКПП,400000,125000.0,1995,0,0,1
2558,Toyota Harrier,бензин,АКПП,1955000,111000.0,2010,0,0,1
2559,Toyota C-HR,бензин,вариатор,2110000,17000.0,2020,0,0,1
2560,Toyota Mark II,бензин,АКПП,615000,155900.0,1998,0,0,1
2561,Toyota Nadia,бензин,АКПП,500000,145000.0,2000,0,0,1
2562,Toyota Funcargo,бензин,АКПП,325000,200000.0,2000,0,0,1
2563,Toyota Corolla Fielder,бензин,вариатор,1550000,144000.0,2016,0,0,1
2564,Toyota Land Cruiser Prado,дизель,АКПП,5800000,124000.0,2019,0,0,1
2565,Toyota Harrier,бензин,вариатор,5000000,50800.0,2020,0,0,1
2566,Toyota Corolla,бензин,АКПП,175000,255000.0,1995,0,0,1
2567,Toyota Corolla,бензин,АКПП,650000,289206.0,2006,0,0,1
2568,Toyota Vitz,бензин,вариатор,650000,250000.0,2009,0,0,1
2569,Toyota Land Cruiser Prado,бензин,АКПП,2450000,205000.0,2003,0,0,1
2570,Toyota Crown,бензин,АКПП,3000000,150000.0,2016,0,0,1
2571,Toyota Chaser,бензин,АКПП,650000,250000.0,1998,0,0,1
2572,Toyota Mark X,бензин,автомат,2100000,300000.0,2008,0,0,1
2573,Toyota RAV4,бензин,вариатор,2920000,28000.0,2019,0,0,1
2574,Toyota Aqua,гибрид,вариатор,950000,159700.0,2014,0,0,1
2575,Toyota C-HR,бензин,вариатор,2000000,33133.0,2019,0,0,1
2576,Toyota Allion,бензин,вариатор,985000,177000.0,2007,0,0,1
2577,Toyota Premio,бензин,АКПП,630000,197000.0,2002,0,0,1
2578,Toyota ist,бензин,АКПП,520000,151840.0,2002,0,0,1
2579,Toyota Crown,бензин,АКПП,999000,200000.0,2004,0,0,1
2580,Toyota Hiace Regius,дизель,автомат,785000,210000.0,1985,0,0,1
2581,Toyota Premio,бензин,вариатор,1445000,72000.0,2016,0,0,1
2582,Toyota Crown,бензин,автомат,999000,200000.0,2006,0,0,1
2583,Toyota Land Cruiser Prado,бензин,АКПП,2650000,121000.0,2009,0,0,1
2584,Toyota Crown,бензин,АКПП,999000,200000.0,2004,0,0,1
2585,Toyota Land Cruiser,дизель,АКПП,5500000,172500.0,2012,0,0,1
2586,Toyota Land Cruiser Prado,бензин,АКПП,2580000,215000.0,2014,0,0,1
2587,Toyota RAV4,бензин,АКПП,920000,178000.0,2005,0,0,1
2588,Toyota Prius Alpha,гибрид,вариатор,1170000,235000.0,2012,0,0,1
2589,Toyota Harrier,бензин,вариатор,3040000,85000.0,2019,0,0,1
2590,Toyota Crown,бензин,АКПП,1800000,248000.0,2009,0,0,1
2591,Toyota C-HR,гибрид,вариатор,1850000,115000.0,2017,0,0,1
2592,Toyota Premio,бензин,вариатор,1555555,74800.0,2017,0,0,1
2593,Toyota Progres,бензин,АКПП,820000,220000.0,2001,0,0,1
2594,Toyota Corolla Fielder,бензин,вариатор,750000,300000.0,2008,0,0,1
2595,Toyota Ipsum,бензин,АКПП,600000,247000.0,1999,0,0,1
2596,Toyota Passo,бензин,вариатор,850000,95000.0,2017,0,0,1
2597,Toyota Vitz,бензин,вариатор,530000,160000.0,2008,0,0,1
2598,Toyota Allion,бензин,вариатор,875000,182085.0,2007,0,0,1
2599,Toyota Crown,бензин,АКПП,1450000,220000.0,2007,0,0,1
2600,Toyota Alphard,гибрид,вариатор,6100000,8500.0,2023,0,0,1
2601,Toyota Prius,гибрид,вариатор,500000,319000.0,2004,0,0,1
2602,Toyota Town Ace Noah,бензин,АКПП,533000,250000.0,1997,0,0,1
2603,Toyota Voxy,бензин,вариатор,1550000,178000.0,2010,0,0,1
2604,Toyota Land Cruiser,бензин,АКПП,2800000,347900.0,2004,0,0,1
2605,Toyota Crown,бензин,АКПП,1800000,216000.0,2010,0,0,1
2606,Toyota Vitz,бензин,вариатор,795000,63000.0,2012,0,0,1
2607,Toyota Wish,бензин,вариатор,1400000,116000.0,2011,0,0,1
2608,Toyota Corolla Axio,бензин,вариатор,1183000,110000.0,2019,0,0,1
2609,Toyota RAV4,бензин,автомат,1040000,229320.0,2005,0,0,1
2610,Toyota Roomy,бензин,вариатор,930000,110000.0,2021,0,0,1
2611,Toyota Ractis,бензин,вариатор,750000,124.0,2012,0,0,1
2612,Toyota Harrier,бензин,вариатор,3200000,94000.0,2020,0,0,1
2613,Toyota Corolla Axio,бензин,вариатор,585000,342000.0,2006,0,0,1
2614,Toyota Allion,бензин,вариатор,1030000,187000.0,2007,0,0,1
2615,Toyota Wish,бензин,вариатор,1150000,161693.0,2010,0,0,1
2616,Toyota Carina,бензин,механика,630000,200000.0,1997,0,0,1
2617,Toyota Prius Alpha,гибрид,вариатор,1400000,195000.0,2016,0,0,1
2618,Toyota C-HR,бензин,вариатор,2250000,67400.0,2020,0,0,1
2619,Toyota Isis,бензин,вариатор,900000,315.0,2010,0,0,1
2620,Toyota Lite Ace Noah,бензин,АКПП,450000,397000.0,1997,0,0,1
2621,Toyota Premio,бензин,вариатор,1115000,192000.0,2009,0,0,1
2622,Toyota Premio,бензин,вариатор,1115000,192000.0,2009,0,0,1
2623,Toyota Gaia,бензин,АКПП,450000,300000.0,2000,0,0,1
2624,Toyota Ipsum,бензин,АКПП,630000,280000.0,1996,0,0,1
2625,Toyota Estima Emina,бензин,автомат,450000,275000.0,1988,0,0,1
2626,Toyota Funcargo,бензин,АКПП,447000,270000.0,1999,0,0,1
2627,Toyota Vitz,бензин,вариатор,610000,110000.0,2009,0,0,1
2628,Toyota Wish,бензин,вариатор,1290000,167000.0,2010,0,0,1
2629,Toyota Land Cruiser Prado,бензин,АКПП,2600000,147500.0,2006,0,0,1
2630,Toyota Camry,гибрид,вариатор,2650000,93000.0,2018,0,0,1
2631,Toyota Ipsum,бензин,автомат,550000,434000.0,1993,0,0,1
2632,Toyota Town Ace Noah,бензин,АКПП,510000,506497.0,1997,0,0,1
2633,Toyota Vitz,бензин,механика,304000,300000.0,2001,0,0,1
2634,Toyota Harrier,гибрид,вариатор,3150000,106000.0,2018,0,0,1
2635,Toyota Prius,гибрид,вариатор,1500000,178000.0,2015,0,0,1
2636,Toyota RAV4,бензин,АКПП,2850000,54000.0,2017,0,0,1
2637,Toyota Land Cruiser,дизель,АКПП,9950000,73000.0,2020,0,0,1
2638,Toyota Passo,бензин,АКПП,300000,266050.0,2005,0,0,1
2639,Toyota Allion,бензин,вариатор,1350000,61000.0,2011,0,0,1
2640,Toyota Chaser,бензин,АКПП,650000,269000.0,1986,0,0,1
2641,Toyota Harrier,бензин,вариатор,3050000,102000.0,2019,0,0,1
2642,Toyota Prius,гибрид,вариатор,650000,254000.0,2008,0,0,1
2643,Toyota Vitz,бензин,вариатор,800000,53000.0,2013,0,0,1
2644,Toyota Prius,гибрид,вариатор,900000,247000.0,2009,0,0,1
2645,Toyota Aqua,гибрид,вариатор,790000,145000.0,2016,0,0,1
2646,Toyota Mark X,бензин,АКПП,1150000,233583.0,2008,0,0,1
2647,Toyota Cresta,бензин,АКПП,650000,400000.0,2001,0,0,1
2648,Toyota Wish,бензин,вариатор,1450000,216228.0,2012,0,0,1
2649,Toyota RAV4,бензин,АКПП,750000,315000.0,2001,0,0,1
2650,Toyota Corolla Fielder,бензин,автомат,1400000,88000.0,2015,0,0,1
2651,Toyota Corolla Fielder,бензин,вариатор,1650000,89500.0,2018,0,0,1
2652,Toyota Prius,гибрид,вариатор,850000,260000.0,2010,0,0,1
2653,Toyota RAV4,бензин,вариатор,1250000,148000.0,2010,0,0,1
2654,Toyota Land Cruiser Prado,,,1300000,347000.0,1999,0,0,1
2655,Toyota Hilux Surf,бензин,АКПП,2300000,228000.0,2005,0,0,1
2656,Toyota Harrier,бензин,вариатор,2800000,51000.0,2019,0,0,1
2657,Toyota Wish,бензин,АКПП,800000,260000.0,2004,0,0,1
2658,Toyota Ipsum,бензин,АКПП,600000,324020.0,1996,0,0,1
2659,Toyota Crown,бензин,механика,780000,400000.0,1990,0,0,1
2660,Toyota RAV4,бензин,вариатор,2190000,128000.0,2015,0,0,1
2661,Toyota Corolla Fielder,бензин,вариатор,1020000,168000.0,2013,0,0,1
2662,Toyota Crown,гибрид,вариатор,2400000,211000.0,2015,0,0,1
2663,Toyota Corolla Fielder,бензин,вариатор,1350000,182000.0,2017,0,0,1
2664,Toyota Corolla Axio,бензин,вариатор,750000,200000.0,2010,0,0,1
2665,Toyota Ractis,бензин,вариатор,790000,139085.0,2013,0,0,1
2666,Toyota Prius,гибрид,вариатор,780000,62000.0,2008,0,0,1
2667,Toyota Hiace,дизель,механика,950000,332000.0,2002,0,0,1
2668,Toyota Ipsum,бензин,автомат,480000,600000.0,1989,0,0,1
2669,Toyota C-HR,бензин,вариатор,1920000,60000.0,2018,0,0,1
2670,Toyota Vitz,бензин,АКПП,350000,226000.0,2001,0,0,1
2671,Toyota Crown,бензин,АКПП,2550000,188000.0,2009,0,0,1
2672,Toyota Cresta,бензин,АКПП,400000,380000.0,1994,0,0,1
2673,Toyota Prius PHV,гибрид,вариатор,1450000,117232.0,2014,0,0,1
2674,Toyota Crown,бензин,АКПП,920000,286000.0,2003,0,0,1
2675,Toyota Passo,бензин,вариатор,620000,97000.0,2013,0,0,1
2676,Toyota Crown,бензин,АКПП,620000,250000.0,1993,0,0,1
2677,Toyota Mark II,бензин,автомат,650000,250000.0,1999,0,0,1
2678,Toyota Harrier,бензин,АКПП,950000,180000.0,2000,0,0,1
2679,Toyota Vitz,бензин,вариатор,615000,67000.0,2008,0,0,1
2680,Toyota Allex,бензин,АКПП,600000,270000.0,2006,0,0,1
2681,Toyota Carina,бензин,АКПП,590000,300000.0,1998,0,0,1
2682,Toyota Land Cruiser,дизель,АКПП,3100000,210000.0,2008,0,0,1
2683,Toyota Mark II,бензин,АКПП,450000,200000.0,1996,0,0,1
2684,Toyota Passo,бензин,вариатор,900000,60000.0,2018,0,0,1
2685,Toyota Roomy,бензин,вариатор,1209000,98000.0,2019,0,0,1
2686,Toyota Hiace Regius,бензин,АКПП,900000,139500.0,1998,0,0,1
2687,Toyota Raize,бензин,вариатор,1580000,35000.0,2020,0,0,1
2688,Toyota Caldina,бензин,АКПП,245000,270000.0,1994,0,0,1
2689,Toyota Land Cruiser,бензин,АКПП,1100000,283000.0,2000,0,0,1
2690,Toyota Prius,гибрид,вариатор,1550000,101000.0,2018,0,0,1
2691,Toyota Granvia,дизель,АКПП,925000,184268.0,2000,0,0,1
2692,Toyota Raum,бензин,АКПП,350000,244103.0,1997,0,0,1
2693,Toyota Starlet,бензин,АКПП,200000,348821.0,1994,0,0,1
2694,Toyota C-HR,бензин,автомат,1790100,73000.0,2019,0,0,1
2695,Toyota Sprinter Carib,бензин,автомат,170000,350000.0,1986,0,0,1
2696,Toyota Sprinter,бензин,АКПП,65000,389000.0,1992,0,0,1
2697,Toyota Crown,бензин,АКПП,1787600,174000.0,2003,0,0,1
2698,Toyota C-HR,бензин,вариатор,1790000,46000.0,2017,0,0,1
2699,Toyota Vitz,бензин,вариатор,690000,179614.0,2014,0,0,1
2700,Toyota Allion,бензин,вариатор,1300000,208000.0,2011,0,0,1
2701,Toyota Crown Majesta,бензин,АКПП,950000,270000.0,2000,0,0,1
2702,Toyota Allion,бензин,вариатор,800000,168000.0,2007,0,0,1
2703,Toyota ist,бензин,АКПП,510000,250000.0,2002,0,0,1
2704,Toyota Land Cruiser,дизель,АКПП,7600000,107000.0,2017,0,0,1
2705,Toyota Carina,бензин,АКПП,160000,200000.0,1991,0,0,1
2706,Toyota ist,бензин,вариатор,870000,170000.0,2011,0,0,1
2707,Toyota Corolla Fielder,бензин,вариатор,1330000,64000.0,2018,0,0,1
2708,Toyota Crown,бензин,АКПП,899000,251000.0,2000,0,0,1
2709,Toyota ist,бензин,АКПП,460000,280000.0,2003,0,0,1
2710,Toyota Corolla Fielder,бензин,вариатор,850000,209000.0,2010,0,0,1
2711,Toyota Land Cruiser,бензин,АКПП,6000000,50000.0,1993,0,0,1
2712,Toyota Probox,бензин,АКПП,500000,245000.0,2005,0,0,1
2713,Toyota Probox,бензин,вариатор,800000,85000.0,2014,0,0,1
2714,Toyota Crown,гибрид,вариатор,2450000,140000.0,2016,0,0,1
2715,Toyota Premio,бензин,вариатор,1315000,67000.0,2007,0,0,1
2716,Toyota Land Cruiser,бензин,АКПП,3300000,101000.0,2001,0,0,1
2717,Toyota Passo,бензин,вариатор,820000,47000.0,2017,0,0,1
2718,Toyota Crown,бензин,АКПП,660000,,1997,0,0,1
2719,Toyota Vista,бензин,АКПП,145000,366530.0,1992,0,0,1
2720,Toyota Camry,бензин,АКПП,1090000,185000.0,2006,0,0,1
2721,Toyota Crown,гибрид,вариатор,2380000,181000.0,2015,0,0,1
2722,Toyota Crown,бензин,АКПП,580000,265000.0,1990,0,0,1
2723,Toyota Vitz,бензин,АКПП,280000,299999.0,2001,0,0,1
2724,Toyota Sprinter,бензин,АКПП,99000,300000.0,1994,0,0,1
2725,Toyota Crown,бензин,АКПП,2580000,95000.0,2012,0,0,1
2726,Toyota Allion,бензин,вариатор,990000,171458.0,2008,0,0,1
2727,Toyota Prius,гибрид,вариатор,1000000,260000.0,2013,0,0,1
2728,Toyota Prius,гибрид,вариатор,1300000,138000.0,2014,0,0,1
2729,Toyota Land Cruiser Prado,бензин,АКПП,2100000,265000.0,2003,0,0,1
2730,Toyota Crown,бензин,АКПП,2100000,90000.0,2010,0,0,1
2731,Toyota Crown,бензин,АКПП,1430000,90000.0,2004,0,0,1
2732,Toyota Allion,бензин,вариатор,895000,163000.0,2011,0,0,1
2733,Toyota Allion,бензин,АКПП,850000,227731.0,2002,0,0,1
2734,Toyota Prius,гибрид,вариатор,1600000,126000.0,2016,0,0,1
2735,Toyota Wish,бензин,вариатор,1600000,79000.0,2015,0,0,1
2736,Toyota Land Cruiser,бензин,АКПП,3550000,240000.0,2007,0,0,1
2737,Toyota Chaser,бензин,АКПП,390000,190000.0,1997,0,0,1
2738,Toyota Vitz,бензин,вариатор,575000,105000.0,2009,0,0,1
2739,Toyota Raize,бензин,вариатор,1690000,48000.0,2020,0,0,1
2740,Toyota Allion,бензин,АКПП,730000,212000.0,2001,0,0,1
2741,Toyota Town Ace Noah,бензин,АКПП,610000,198000.0,1997,0,0,1
2742,Toyota Vitz,бензин,вариатор,920000,99426.0,2018,0,0,1
2743,Toyota Corolla Fielder,бензин,АКПП,570000,280000.0,2006,0,0,1
2744,Toyota Land Cruiser Prado,бензин,АКПП,1909000,220000.0,2002,0,0,1
2745,Toyota Wish,бензин,вариатор,1715000,67960.0,2016,0,0,1
2746,Toyota Allion,бензин,АКПП,600000,228300.0,2002,0,0,1
2747,Toyota Passo,бензин,вариатор,655000,117532.0,2018,0,0,1
2748,Toyota Raum,бензин,АКПП,280000,1111.0,1999,0,0,1
2749,Toyota Probox,гибрид,вариатор,1300000,138000.0,2019,0,0,1
2750,Toyota Harrier,бензин,АКПП,3090000,53000.0,2018,0,0,1
2751,Toyota Prius,гибрид,вариатор,950000,21000.0,2008,0,0,1
2752,Toyota Harrier,бензин,АКПП,750000,305000.0,2001,0,0,1
2753,Toyota Noah,гибрид,вариатор,2300000,103000.0,2018,0,0,1
2754,Toyota Vitz,бензин,вариатор,590000,218000.0,2008,0,0,1
2755,Toyota Succeed,бензин,АКПП,480000,144000.0,2003,0,0,1
2756,Toyota Succeed,бензин,АКПП,690000,200000.0,2012,0,0,1
2757,Toyota RAV4,бензин,вариатор,2450000,140000.0,2016,0,0,1
2758,Toyota Ipsum,бензин,АКПП,600000,314000.0,1999,0,0,1
2759,Toyota Crown,бензин,АКПП,2350000,126100.0,2010,0,0,1
2760,Toyota Vista Ardeo,бензин,АКПП,490000,270000.0,1999,0,0,1
2761,Toyota Crown,гибрид,вариатор,3550000,110000.0,2019,0,0,1
2762,Toyota Allion,бензин,вариатор,1399000,136000.0,2015,0,0,1
2763,Toyota Corolla Axio,бензин,автомат,699000,214000.0,2008,0,0,1
2764,Toyota Corolla Fielder,бензин,АКПП,599000,292000.0,2003,0,0,1
2765,Toyota Corolla,бензин,АКПП,499000,287636.0,2002,0,0,1
2766,Toyota Corolla Fielder,гибрид,вариатор,1050000,150000.0,2014,0,0,1
2767,Toyota Crown,бензин,АКПП,3200000,155000.0,2016,0,0,1
2768,Toyota Corolla,бензин,АКПП,640000,244000.0,2004,0,0,1
2769,Toyota Prius,гибрид,вариатор,1110000,187829.0,2012,0,0,1
2770,Toyota Vanguard,бензин,вариатор,1200000,128000.0,2009,0,0,1
2771,Toyota Hilux Surf,дизель,механика,2000000,1.0,1995,0,0,1
2772,Toyota Vitz,бензин,вариатор,800000,160000.0,2012,0,0,1
2773,Toyota Auris,бензин,вариатор,780000,91800.0,2009,0,0,1
2774,Toyota Prius,гибрид,вариатор,700000,190000.0,2008,0,0,1
2775,Toyota Wish,бензин,вариатор,1120000,183000.0,2010,0,0,1
2776,Toyota Town Ace,бензин,механика,300000,100000.0,1989,0,0,1
2777,Toyota Prius,гибрид,вариатор,950000,182364.0,2008,0,0,1
2778,Toyota Harrier,бензин,АКПП,3100000,48000.0,2018,0,0,1
2779,Toyota Wish,бензин,АКПП,900000,283562.0,2003,0,0,1
2780,Toyota Prius,гибрид,вариатор,1150000,180189.0,2010,0,0,1
2781,Toyota Harrier,бензин,АКПП,1790000,184000.0,2009,0,0,1
2782,Toyota RAV4,бензин,АКПП,2500000,180000.0,2017,0,0,1
2783,Toyota Vellfire,бензин,вариатор,2000000,110000.0,2010,0,0,1
2784,Toyota Roomy,бензин,вариатор,900000,128335.0,2018,0,0,1
2785,Toyota C-HR,бензин,вариатор,1850000,90000.0,2017,0,0,1
2786,Toyota Noah,бензин,вариатор,1300000,214000.0,2007,0,0,1
2787,Toyota Cresta,бензин,АКПП,295000,300000.0,1994,0,0,1
2788,Toyota RAV4,бензин,механика,2900000,70000.0,2019,0,0,1
2789,Toyota Corona Exiv,бензин,механика,160000,153856.0,1990,0,0,1
2790,Toyota Highlander,бензин,АКПП,2500000,132000.0,2011,0,0,1
2791,Toyota Harrier,бензин,вариатор,2888888,115500.0,2018,0,0,1
2792,Toyota Allion,бензин,АКПП,895000,171000.0,2007,0,0,1
2793,Toyota Gaia,бензин,АКПП,435000,500000.0,1998,0,0,1
2794,Toyota Corolla Fielder,бензин,АКПП,520000,250000.0,2003,0,0,1
2795,Toyota Prius,гибрид,вариатор,1500000,171500.0,2015,0,0,1
2796,Toyota Prius,гибрид,вариатор,1025000,198000.0,2010,0,0,1
2797,Toyota Corolla Fielder,бензин,вариатор,720000,280000.0,2008,0,0,1
2798,Toyota Land Cruiser Prado,бензин,АКПП,3950000,114000.0,2018,0,0,1
2799,Toyota Crown,бензин,АКПП,750000,280000.0,1998,0,0,1
2800,Toyota Sienta,гибрид,вариатор,960000,160000.0,2016,0,0,1
2801,Toyota Aqua,гибрид,вариатор,730000,160000.0,2014,0,0,1
2802,Toyota Chaser,бензин,АКПП,205000,373777.0,1995,0,0,1
2803,Toyota Harrier,бензин,АКПП,2800000,150000.0,2017,0,0,1
2804,Toyota Vitz,бензин,вариатор,439000,192000.0,2008,0,0,1
2805,Toyota Corolla Axio,бензин,вариатор,700000,240000.0,2009,0,0,1
2806,Toyota ist,бензин,АКПП,400000,250000.0,2004,0,0,1
2807,Toyota Mark II,бензин,АКПП,650000,183000.0,1994,0,0,1
2808,Toyota Nadia,бензин,АКПП,550000,160000.0,2001,0,0,1
2809,Toyota Voxy,гибрид,вариатор,2570000,64000.0,2016,0,0,1
2810,Toyota RAV4,бензин,вариатор,2900000,89800.0,2021,0,0,1
2811,Toyota Premio,бензин,вариатор,1200000,170000.0,2010,0,0,1
2812,Toyota Vitz,бензин,вариатор,700000,160000.0,2012,0,0,1
2813,Toyota Vitz,бензин,вариатор,700000,119500.0,2011,0,0,1
2814,Toyota Vitz,бензин,АКПП,350000,290000.0,2003,0,0,1
2815,Toyota Mark II,бензин,АКПП,710000,140000.0,2001,0,0,1
2816,Toyota Hiace,дизель,АКПП,400000,371128.0,1993,0,0,1
2817,Toyota Wish,бензин,вариатор,1300000,82000.0,2010,0,0,1
2818,Toyota Corolla Fielder,бензин,вариатор,950000,147000.0,2012,0,0,1
2819,Toyota Mark II,бензин,автомат,600000,180000.0,2000,0,0,1
2820,Toyota Avensis,бензин,АКПП,850000,250000.0,2007,0,0,1
2821,Toyota Caldina,бензин,АКПП,520000,246000.0,1998,0,0,1
2822,Toyota Wish,бензин,вариатор,1200000,168000.0,2010,0,0,1
2823,Toyota C-HR,бензин,вариатор,1850000,83000.0,2018,0,0,1
2824,Toyota Corolla Fielder,бензин,вариатор,1610000,80000.0,2017,0,0,1
2825,Toyota Roomy,бензин,вариатор,800000,100000.0,2016,0,0,1
2826,Toyota Corona,бензин,АКПП,180000,300000.0,1991,0,0,1
2827,Toyota Allion,бензин,вариатор,1200000,262000.0,2011,0,0,1
2828,Toyota Premio,бензин,АКПП,699000,300000.0,2003,0,0,1
2829,Toyota Auris,бензин,вариатор,800000,228000.0,2010,0,0,1
2830,Toyota Prius,гибрид,вариатор,310000,1000.0,2000,0,0,1
2831,Toyota Premio,бензин,вариатор,1200000,109000.0,2010,0,0,1
2832,Toyota Prius,гибрид,вариатор,1450000,178000.0,2016,0,0,1
2833,Toyota Harrier,бензин,вариатор,2150000,133000.0,2016,0,0,1
2834,Toyota Mark II,бензин,АКПП,690000,220000.0,2001,0,0,1
2835,Toyota Prius PHV,гибрид,вариатор,1280000,157000.0,2012,0,0,1
2836,Toyota Tank,бензин,вариатор,795000,123000.0,2019,0,0,1
2837,Toyota Harrier,бензин,АКПП,2900000,114000.0,2017,0,0,1
2838,Toyota Camry,бензин,АКПП,1950000,105000.0,2012,0,0,1
2839,Toyota Crown,бензин,АКПП,555000,306000.0,1998,0,0,1
2840,Toyota Raum,бензин,АКПП,545000,360000.0,2004,0,0,1
2841,Toyota Passo,бензин,АКПП,485000,260000.0,2009,0,0,1
2842,Toyota ist,бензин,АКПП,535000,245000.0,2003,0,0,1
2843,Toyota Esquire,гибрид,вариатор,2650000,75000.0,2019,0,0,1
2844,Toyota Land Cruiser Prado,бензин,АКПП,1830000,210000.0,2004,0,0,1
2845,Toyota Corolla Fielder,бензин,вариатор,825000,198000.0,2009,0,0,1
2846,Toyota Verossa,бензин,АКПП,635555,222222.0,2001,0,0,1
2847,Toyota Vitz,бензин,вариатор,549000,126000.0,2009,0,0,1
2848,Toyota ist,бензин,вариатор,870000,170000.0,2010,0,0,1
2849,Toyota Vitz,бензин,вариатор,699999,186736.0,2010,0,0,1
2850,Toyota Succeed,бензин,вариатор,1255000,110000.0,2017,0,0,1
2851,Toyota Harrier,бензин,АКПП,1145000,293000.0,2004,0,0,1
2852,Toyota Wish,бензин,вариатор,990000,120000.0,2009,0,0,1
2853,Toyota Crown,бензин,АКПП,650000,340000.0,1997,0,0,1
2854,Toyota Mark II,бензин,АКПП,675000,140000.0,2000,0,0,1
2855,Toyota Camry,бензин,АКПП,250000,300000.0,1992,0,0,1
2856,Toyota Mark X,бензин,АКПП,2000000,146000.0,2009,0,0,1
2857,Toyota Raize,бензин,вариатор,1865000,74000.0,2020,0,0,1
2858,Toyota Land Cruiser Prado,бензин,АКПП,1900000,305.0,2003,0,0,1
2859,Toyota Ipsum,бензин,АКПП,530000,317000.0,1996,0,0,1
2860,Toyota Belta,бензин,вариатор,480000,223381.0,2006,0,0,1
2861,Toyota Prius,гибрид,вариатор,1100000,180000.0,2012,0,0,1
2862,Toyota Prius Alpha,гибрид,автомат,1680000,159000.0,2019,0,0,1
2863,Toyota Prius,гибрид,вариатор,850000,160000.0,2008,0,0,1
2864,Toyota Allion,бензин,АКПП,650000,269.0,2005,0,0,1
2865,Toyota Vitz,бензин,вариатор,650000,93500.0,2011,0,0,1
2866,Toyota Sienta,бензин,вариатор,1390000,75000.0,2019,0,0,1
2867,Toyota Crown,бензин,АКПП,3333333,26300.0,2018,0,0,1
2868,Toyota Windom,бензин,АКПП,375000,372000.0,1999,0,0,1
2869,Toyota Premio,бензин,АКПП,878000,298752.0,2005,0,0,1
2870,Toyota Nadia,бензин,АКПП,650000,164250.0,1999,0,0,1
2871,Toyota Yaris,бензин,АКПП,600000,280000.0,2007,0,0,1
2872,Toyota Funcargo,бензин,АКПП,310000,210000.0,2003,0,0,1
2873,Toyota Vitz,бензин,вариатор,710000,104000.0,2010,0,0,1
2874,Toyota Corolla,гибрид,вариатор,1750000,75000.0,2018,0,0,1
2875,Toyota Passo,бензин,АКПП,400000,302180.0,2006,0,0,1
2876,Toyota Crown,бензин,АКПП,1300000,268991.0,2006,0,0,1
2877,Toyota Raum,бензин,АКПП,405000,116186.0,1997,0,0,1
2878,Toyota RAV4,бензин,вариатор,1820000,167000.0,2014,0,0,1
2879,Toyota Corolla Fielder,бензин,вариатор,880000,150000.0,2008,0,0,1
2880,Toyota Roomy,бензин,вариатор,910000,98000.0,2017,0,0,1
2881,Toyota Prius,гибрид,вариатор,1100000,210000.0,2012,0,0,1
2882,Toyota Funcargo,бензин,АКПП,250000,432719.0,2001,0,0,1
2883,Toyota Allion,бензин,вариатор,790000,260000.0,2005,0,0,1
2884,Toyota Allion,бензин,АКПП,750000,424105.0,2002,0,0,1
2885,Toyota Harrier,бензин,АКПП,900000,240000.0,1999,0,0,1
2886,Toyota Succeed,бензин,вариатор,1255000,103567.0,2015,0,0,1
2887,Toyota Premio,бензин,вариатор,1100000,100000.0,2010,0,0,1
2888,Toyota Prius,гибрид,вариатор,1600000,102000.0,2015,0,0,1
2889,Toyota Voxy,бензин,вариатор,1230000,240000.0,2007,0,0,1
2890,Toyota Probox,бензин,АКПП,585000,213000.0,2013,0,0,1
2891,Toyota Vitz,бензин,АКПП,275000,250000.0,2001,0,0,1
2892,Toyota Belta,бензин,вариатор,505000,90000.0,2008,0,0,1
2893,Toyota Harrier,бензин,АКПП,2700000,101000.0,2017,0,0,1
2894,Toyota Hiace,бензин,АКПП,2500000,258000.0,2012,0,0,1
2895,Toyota Voxy,бензин,вариатор,1650000,47000.0,2012,0,0,1
2896,Toyota Harrier,бензин,вариатор,5000000,37138.0,2021,0,0,1
2897,Toyota Wish,бензин,вариатор,1430000,48000.0,2013,0,0,1
2898,Toyota Harrier,бензин,вариатор,3999999,60000.0,2021,0,0,1
2899,Toyota Camry,бензин,АКПП,1100000,300000.0,2007,0,0,1
2900,Toyota Rush,бензин,АКПП,1415000,9000.0,2012,0,0,1
2901,Toyota Allion,бензин,вариатор,750000,180000.0,2008,0,0,1
2902,Toyota Wish,бензин,вариатор,1375000,122000.0,2010,0,0,1
2903,Toyota Land Cruiser,дизель,АКПП,4500000,130000.0,2012,0,0,1
2904,Toyota Land Cruiser,дизель,АКПП,1900000,290000.0,1993,0,0,1
2905,Toyota Corolla,бензин,вариатор,2050000,94000.0,2018,0,0,1
2906,Toyota Land Cruiser Prado,бензин,АКПП,2300000,147000.0,2007,0,0,1
2907,Toyota Cresta,бензин,АКПП,250000,380000.0,1992,0,0,1
2908,Toyota Allion,бензин,АКПП,550000,548000.0,2006,0,0,1
2909,Toyota Vitz,бензин,АКПП,300000,299999.0,2001,0,0,1
2910,Toyota Mark II,бензин,АКПП,410000,300000.0,1986,0,0,1
2911,Toyota Noah,бензин,вариатор,2600000,153000.0,2017,0,0,1
2912,Toyota Land Cruiser Prado,бензин,АКПП,4450000,76000.0,2020,0,0,1
2913,Toyota Corolla Fielder,бензин,вариатор,980000,210000.0,2011,0,0,1
2914,Toyota Cresta,бензин,АКПП,579000,280000.0,1999,0,0,1
2915,Toyota Land Cruiser Prado,бензин,АКПП,3330000,178000.0,2013,0,0,1
2916,Toyota Harrier,гибрид,вариатор,2450000,147000.0,2014,0,0,1
2917,Toyota Vitz,бензин,вариатор,500000,197000.0,2007,0,0,1
2918,Toyota Vista Ardeo,бензин,АКПП,450000,300000.0,1999,0,0,1
2919,Toyota Vitz,бензин,вариатор,520000,200000.0,2006,0,0,1
2920,Toyota Noah,бензин,вариатор,2565000,93000.0,2018,0,0,1
2921,Toyota Ipsum,бензин,АКПП,330000,114000.0,2004,0,0,1
2922,Toyota Crown,бензин,АКПП,750000,200000.0,1999,0,0,1
2923,Toyota Vitz,бензин,вариатор,550000,229340.0,2006,0,0,1
2924,Toyota Land Cruiser Prado,дизель,АКПП,4200000,97000.0,2018,0,0,1
2925,Toyota C-HR,бензин,вариатор,1900000,65000.0,2019,0,0,1
2926,Toyota Corolla Axio,бензин,вариатор,700000,217000.0,2006,0,0,1
2927,Toyota Land Cruiser,бензин,АКПП,3300000,300000.0,2011,0,0,1
2928,Toyota Prius PHV,гибрид,вариатор,1350000,148000.0,2012,0,0,1
2929,Toyota Corolla,бензин,АКПП,490000,250000.0,2002,0,0,1
2930,Toyota Land Cruiser Prado,дизель,механика,1300000,270000.0,1993,0,0,1
2931,Toyota Succeed,бензин,вариатор,1000000,202000.0,2016,0,0,1
2932,Toyota Auris,бензин,вариатор,820000,250000.0,2008,0,0,1
2933,Toyota Sai,гибрид,вариатор,1850000,104000.0,2013,0,0,1
2934,Toyota Prius,гибрид,вариатор,1080000,161000.0,2012,0,0,1
2935,Toyota C-HR,гибрид,вариатор,2300000,87597.0,2017,0,0,1
2936,Toyota Cresta,бензин,АКПП,800000,250000.0,1998,0,0,1
2937,Toyota Succeed,бензин,вариатор,1120000,106000.0,2019,0,0,1
2938,Toyota Wish,бензин,АКПП,750000,146800.0,2005,0,0,1
2939,Toyota Sienta,бензин,вариатор,1520000,48000.0,2019,0,0,1
2940,Toyota Ractis,бензин,вариатор,450000,180000.0,2006,0,0,1
2941,Toyota Corolla Fielder,бензин,вариатор,660000,275000.0,2009,0,0,1
2942,Toyota Corolla,бензин,механика,510000,340000.0,2003,0,0,1
2943,Toyota Prius,гибрид,вариатор,950000,188814.0,2010,0,0,1
2944,Toyota Corolla Fielder,бензин,вариатор,850000,190000.0,2009,0,0,1
2945,Toyota Corolla Fielder,бензин,вариатор,850000,190000.0,2009,0,0,1
2946,Toyota Wish,бензин,вариатор,1350000,70000.0,2010,0,0,1
2947,Toyota Crown,бензин,АКПП,2200000,119300.0,2014,0,0,1
2948,Toyota Camry,бензин,АКПП,710000,212560.0,2001,0,0,1
2949,Toyota Vitz,гибрид,вариатор,1110000,140000.0,2017,0,0,1
2950,Toyota Kluger V,бензин,АКПП,1100000,206700.0,2002,0,0,1
2951,Toyota C-HR,бензин,вариатор,1680000,95479.0,2019,0,0,1
2952,Toyota C-HR,бензин,автомат,2000000,108000.0,2019,0,0,1
2953,Toyota Lite Ace Noah,дизель,автомат,320000,250000.0,1988,0,0,1
2954,Toyota Corolla,гибрид,вариатор,2050000,28466.0,2019,0,0,1
2955,Toyota Land Cruiser,дизель,АКПП,3300000,265000.0,2012,0,0,1
2956,Toyota Aqua,гибрид,вариатор,1000000,67000.0,2014,0,0,1
2957,Toyota Prius,гибрид,вариатор,1750000,121000.0,2017,0,0,1
2958,Toyota Platz,бензин,АКПП,550000,200000.0,2004,0,0,1
2959,Toyota Cresta,бензин,АКПП,1150000,426738.0,1999,0,0,1
2960,Toyota Vista Ardeo,бензин,АКПП,390000,160000.0,1999,0,0,1
2961,Toyota RAV4,бензин,вариатор,3500000,29000.0,2021,0,0,1
2962,Toyota Vitz,бензин,вариатор,960000,35070.0,2014,0,0,1
2963,Toyota Vitz,бензин,вариатор,730000,56500.0,2014,0,0,1
2964,Toyota Land Cruiser,бензин,АКПП,9250000,67000.0,2020,0,0,1
2965,Toyota Vitz,бензин,вариатор,950000,76000.0,2019,0,0,1
2966,Toyota Harrier,бензин,АКПП,650000,315000.0,1999,0,0,1
2967,Toyota Mark II,бензин,АКПП,190000,200000.0,1993,0,0,1
2968,Toyota Corolla Fielder,бензин,вариатор,1148000,147417.0,2012,0,0,1
2969,Toyota Corolla,бензин,АКПП,310000,370000.0,2000,0,0,1
2970,Toyota Aqua,гибрид,вариатор,950000,127000.0,2015,0,0,1
2971,Toyota Vellfire,гибрид,вариатор,3200000,109200.0,2015,0,0,1
2972,Toyota Land Cruiser Prado,бензин,АКПП,2800000,182000.0,2010,0,0,1
2973,Toyota Mark II Wagon Qualis,бензин,автомат,500000,90000.0,1990,0,0,1
2974,Toyota Harrier,бензин,вариатор,2600000,77000.0,2017,0,0,1
2975,Toyota Ipsum,бензин,АКПП,820000,165000.0,2003,0,0,1
2976,Toyota Harrier,бензин,вариатор,2850000,85000.0,2017,0,0,1
2977,Toyota Ipsum,бензин,автомат,850000,149000.0,2003,0,0,1
2978,Toyota Vitz,бензин,вариатор,490000,265648.0,2009,0,0,1
2979,Toyota Aqua,гибрид,вариатор,880000,160000.0,2016,0,0,1
2980,Toyota Corolla Spacio,бензин,АКПП,530000,179498.0,2000,0,0,1
2981,Toyota Hilux Surf,дизель,АКПП,990000,203900.0,1993,0,0,1
2982,Toyota Harrier,бензин,АКПП,888000,329969.0,1998,0,0,1
2983,Toyota Prius,гибрид,вариатор,785000,270000.0,2009,0,0,1
2984,Toyota Corolla,бензин,АКПП,120000,230000.0,1990,0,0,1
2985,Toyota Land Cruiser Prado,бензин,АКПП,2850000,177809.0,2010,0,0,1
2986,Toyota Voltz,бензин,АКПП,870000,289380.0,2002,0,0,1
2987,Toyota Hiace,дизель,АКПП,480000,300000.0,1990,0,0,1
2988,Toyota Vista,бензин,АКПП,460000,279346.0,1998,0,0,1
2989,Toyota Hiace,дизель,АКПП,880000,300000.0,1994,0,0,1
2990,Toyota Corolla Fielder,гибрид,вариатор,1250000,105000.0,2014,0,0,1
2991,Toyota Vellfire,гибрид,вариатор,5700000,124750.0,2018,0,0,1
2992,Toyota Corolla Fielder,гибрид,вариатор,1405000,131000.0,2018,0,0,1
2993,Toyota Harrier,бензин,вариатор,3000000,111000.0,2017,0,0,1
2994,Toyota Land Cruiser Prado,бензин,АКПП,5100000,56000.0,2021,0,0,1
2995,Toyota Harrier,бензин,вариатор,2550000,50000.0,2017,0,0,1
2996,Toyota Vitz,бензин,вариатор,580000,88000.0,2011,0,0,1
2997,Toyota Prius,гибрид,вариатор,1185000,97000.0,2009,0,0,1
2998,Toyota Prius,гибрид,вариатор,1300000,100000.0,2012,0,0,1
2999,Toyota Auris,бензин,механика,950000,180000.0,2010,0,0,1
3000,Toyota Land Cruiser,бензин,автомат,2000000,494.0,1995,0,0,1
3001,Toyota Platz,бензин,АКПП,420000,160000.0,2005,0,0,1
3002,Toyota Vitz,бензин,вариатор,380000,200000.0,2007,0,0,1
3003,Toyota C-HR,бензин,вариатор,1945000,120000.0,2017,0,0,1
3004,Toyota Ipsum,бензин,автомат,650000,202000.0,2003,0,0,1
3005,Toyota Camry,гибрид,автомат,1300000,212000.0,2012,0,0,1
3006,Toyota Mark II,бензин,АКПП,599999,390000.0,1995,0,0,1
3007,Toyota Allion,бензин,вариатор,950000,254740.0,2007,0,0,1
3008,Toyota Premio,бензин,АКПП,830000,330000.0,2006,0,0,1
3009,Toyota Corolla Levin,бензин,АКПП,450000,347000.0,1995,0,0,1
3010,Toyota Town Ace Noah,бензин,АКПП,600000,190000.0,1997,0,0,1
3011,Toyota Wish,бензин,вариатор,1400000,100000.0,2013,0,0,1
3012,Toyota Allion,бензин,вариатор,850000,350000.0,2008,0,0,1
3013,Toyota C-HR,гибрид,вариатор,2200000,72000.0,2019,0,0,1
3014,Toyota Succeed,бензин,АКПП,460000,320000.0,2003,0,0,1
3015,Toyota Corona Premio,бензин,АКПП,310000,400000.0,1996,0,0,1
3016,Toyota Crown,бензин,АКПП,1270000,270.0,2004,0,0,1
3017,Toyota Mark II,бензин,АКПП,404000,304400.0,1993,0,0,1
3018,Toyota Land Cruiser Prado,бензин,АКПП,1500000,5600.0,2010,0,0,1
3019,Toyota Vitz,бензин,вариатор,420000,150000.0,2005,0,0,1
3020,Toyota Premio,бензин,вариатор,1100000,130000.0,2010,0,0,1
3021,Toyota Harrier,бензин,вариатор,3150000,55000.0,2019,0,0,1
3022,Toyota Chaser,бензин,автомат,700000,398658.0,1983,0,0,1
3023,Toyota C-HR,бензин,вариатор,1715000,69600.0,2017,0,0,1
3024,Toyota Corolla Axio,бензин,вариатор,920000,100000.0,2010,0,0,1
3025,Toyota Wish,бензин,вариатор,1600000,70000.0,2011,0,0,1
3026,Toyota Vitz,бензин,вариатор,710000,110000.0,2014,0,0,1
3027,Toyota Mark X,бензин,АКПП,1350000,240276.0,2009,0,0,1
3028,Toyota Passo,бензин,АКПП,470000,138348.0,2009,0,0,1
3029,Toyota Chaser,бензин,АКПП,190000,250000.0,1996,0,0,1
3030,Toyota C-HR,гибрид,вариатор,1850000,77800.0,2017,0,0,1
3031,Toyota Progres,бензин,АКПП,850000,325000.0,1998,0,0,1
3032,Toyota Crown,гибрид,вариатор,1900000,269000.0,2010,0,0,1
3033,Toyota Noah,бензин,вариатор,1250000,124000.0,2011,0,0,1
3034,Toyota Land Cruiser Prado,бензин,АКПП,6250000,6000.0,2022,0,0,1
3035,Toyota Corolla Fielder,бензин,вариатор,1150000,140000.0,2010,0,0,1
3036,Toyota Land Cruiser Prado,дизель,автомат,780000,189000.0,1982,0,0,1
3037,Toyota Cresta,бензин,АКПП,250000,250000.0,1994,0,0,1
3038,Toyota Allion,бензин,вариатор,930000,138000.0,2011,0,0,1
3039,Toyota Corolla Axio,бензин,вариатор,900000,116000.0,2014,0,0,1
3040,Toyota Alphard,гибрид,вариатор,5150000,125620.0,2018,0,0,1
3041,Toyota Prius Alpha,гибрид,вариатор,1295000,155000.0,2015,0,0,1
3042,Toyota Chaser,бензин,АКПП,333333,350000.0,1994,0,0,1
3043,Toyota Ractis,бензин,вариатор,1080000,74000.0,2012,0,0,1
3044,Toyota Auris,бензин,робот,720000,90000.0,2007,0,0,1
3045,Toyota Corolla Axio,бензин,вариатор,1150000,50000.0,2016,0,0,1
3046,Toyota Alphard,гибрид,вариатор,5300000,116000.0,2020,0,0,1
3047,Toyota Wish,бензин,вариатор,995000,120000.0,2011,0,0,1
3048,Toyota Vitz,бензин,вариатор,600000,134000.0,2012,0,0,1
3049,Toyota Cresta,бензин,АКПП,350000,292372.0,1995,0,0,1
3050,Toyota Vitz,бензин,вариатор,715000,100000.0,2012,0,0,1
3051,Toyota C-HR,бензин,вариатор,1850000,130000.0,2017,0,0,1
3052,Toyota Corolla Fielder,бензин,вариатор,999999,220000.0,2014,0,0,1
3053,Toyota Land Cruiser Prado,бензин,АКПП,4600000,80000.0,2019,0,0,1
3054,Toyota Land Cruiser Prado,бензин,АКПП,3000000,75300.0,2010,0,0,1
3055,Toyota Lite Ace,дизель,механика,565700,110000.0,1995,0,0,1
3056,Toyota Vitz,бензин,вариатор,620000,130000.0,2012,0,0,1
3057,Toyota Funcargo,бензин,АКПП,510000,310000.0,2002,0,0,1
3058,Toyota Alphard,бензин,АКПП,4500000,93831.0,2019,0,0,1
3059,Toyota Sienta,бензин,вариатор,1450000,74000.0,2019,0,0,1
3060,Toyota Camry,бензин,АКПП,165000,200000.0,1997,0,0,1
3061,Toyota Passo,бензин,вариатор,520000,150000.0,2010,0,0,1
3062,Toyota Premio,бензин,АКПП,1425000,60000.0,2007,0,0,1
3063,Toyota Caldina,бензин,АКПП,400000,234000.0,1993,0,0,1
3064,Toyota Corolla Spacio,бензин,АКПП,970000,196000.0,2003,0,0,1
3065,Toyota Isis,бензин,вариатор,1560000,83000.0,2014,0,0,1
3066,Toyota Allion,бензин,вариатор,1750000,48000.0,2016,0,0,1
3067,Toyota Vitz,бензин,вариатор,715000,150000.0,2008,0,0,1
3068,Toyota Ractis,бензин,вариатор,1055000,83000.0,2012,0,0,1
3069,Toyota Prius Alpha,гибрид,вариатор,1850000,101000.0,2017,0,0,1
3070,Toyota Ipsum,бензин,АКПП,800000,377000.0,2002,0,0,1
3071,Toyota Cresta,бензин,АКПП,450000,369545.0,1999,0,0,1
3072,Toyota Vitz,бензин,вариатор,590000,103000.0,2009,0,0,1
3073,Toyota Ractis,бензин,вариатор,450000,250000.0,2006,0,0,1
3074,Toyota RAV4,бензин,вариатор,1450000,182000.0,2010,0,0,1
3075,Toyota RAV4,бензин,вариатор,1200000,190000.0,2009,0,0,1
3076,Toyota Voxy,бензин,вариатор,2850000,23600.0,2020,0,0,1
3077,Toyota Crown,бензин,АКПП,790000,250000.0,1992,0,0,1
3078,Toyota Camry,бензин,АКПП,2150000,114000.0,2016,0,0,1
3079,Toyota Highlander,бензин,АКПП,3600000,133000.0,2014,0,0,1
3080,Toyota Hilux Surf,дизель,АКПП,1499000,118253.0,1997,0,0,1
3081,Toyota Ractis,бензин,вариатор,1000000,280796.0,2012,0,0,1
3082,Toyota Wish,бензин,вариатор,1180000,160000.0,2009,0,0,1
3083,Toyota Raize,бензин,вариатор,1770000,62000.0,2020,0,0,1
3084,Toyota Prius,гибрид,вариатор,1000000,182000.0,2009,0,0,1
3085,Toyota Passo,бензин,вариатор,730000,117000.0,2015,0,0,1
3086,Toyota Harrier,бензин,АКПП,1600000,200000.0,2005,0,0,1
3087,Toyota Prius,гибрид,вариатор,1150000,275000.0,2014,0,0,1
3088,Toyota ist,бензин,АКПП,250000,320000.0,2004,0,0,1
3089,Toyota Prius,гибрид,вариатор,1080000,230000.0,2015,0,0,1
3090,Toyota Sprinter Trueno,бензин,АКПП,550000,265000.0,1999,0,0,1
3091,Toyota C-HR,гибрид,вариатор,1900000,143000.0,2018,0,0,1
3092,Toyota Prius,гибрид,вариатор,760000,147400.0,2009,0,0,1
3093,Toyota C-HR,бензин,вариатор,2400000,65000.0,2020,0,0,1
3094,Toyota ist,бензин,АКПП,390000,270000.0,2002,0,0,1
3095,Toyota Land Cruiser Prado,бензин,АКПП,4300000,28000.0,2020,0,0,1
3096,Toyota Vitz,бензин,вариатор,1350000,27000.0,2019,0,0,1
3097,Toyota Vitz,бензин,вариатор,550000,65000.0,2009,0,0,1
3098,Toyota Harrier,бензин,АКПП,780000,345000.0,1998,0,0,1
3099,Toyota Land Cruiser Prado,бензин,АКПП,2385000,100000.0,2007,0,0,1
3100,Toyota Vitz,бензин,вариатор,740000,135000.0,2013,0,0,1
3101,Toyota ist,бензин,АКПП,470000,338000.0,2002,0,0,1
3102,Toyota Premio,бензин,вариатор,1200000,130000.0,2010,0,0,1
3103,Toyota Land Cruiser Cygnus,бензин,АКПП,2600000,318000.0,2003,0,0,1
3104,Toyota Land Cruiser Prado,бензин,АКПП,3250000,250000.0,2009,0,0,1
3105,Toyota Wish,бензин,вариатор,1350000,87505.0,2011,0,0,1
3106,Toyota Crown,гибрид,вариатор,2700000,150000.0,2016,0,0,1
3107,Toyota Passo,бензин,вариатор,900000,94000.0,2019,0,0,1
3108,Toyota Corolla Axio,бензин,вариатор,850000,250000.0,2009,0,0,1
3109,Toyota Prius Alpha,гибрид,вариатор,1780000,130000.0,2017,0,0,1
3110,Toyota Probox,бензин,вариатор,1000000,125011.0,2019,0,0,1
3111,Toyota Allion,бензин,вариатор,1400000,97000.0,2012,0,0,1
3112,Toyota Crown,бензин,АКПП,712000,300000.0,1999,0,0,1
3113,Toyota Prius,гибрид,вариатор,1950000,175000.0,2019,0,0,1
3114,Toyota Prius,гибрид,вариатор,1900000,120000.0,2019,0,0,1
3115,Toyota Land Cruiser,дизель,АКПП,5500000,67200.0,2014,0,0,1
3116,Toyota Sai,гибрид,вариатор,1600000,142000.0,2013,0,0,1
3117,Toyota Corolla Spacio,бензин,АКПП,600000,252000.0,2002,0,0,1
3118,Toyota Corolla,бензин,автомат,1900000,30000.0,2022,0,0,1
3119,Toyota Mark II,бензин,АКПП,908000,160000.0,2001,0,0,1
3120,Toyota Prius,гибрид,вариатор,1210000,151000.0,2011,0,0,1
3121,Toyota Starlet,бензин,механика,135000,394000.0,1988,0,0,1
3122,Toyota Starlet,бензин,АКПП,300000,100000.0,1994,0,0,1
3123,Toyota Cresta,бензин,АКПП,175000,290000.0,1992,0,0,1
3124,Toyota Land Cruiser Prado,бензин,АКПП,5000000,32000.0,2019,0,0,1
3125,Toyota Harrier,бензин,АКПП,1050000,178400.0,2002,0,0,1
3126,Toyota Raum,бензин,АКПП,700000,180000.0,2007,0,0,1
3127,Toyota Land Cruiser Prado,дизель,АКПП,3800000,100000.0,2018,0,0,1
3128,Toyota Land Cruiser Prado,бензин,АКПП,7350000,5000.0,2024,0,0,1
3129,Toyota Corona,бензин,АКПП,200000,300000.0,1992,0,0,1
3130,Toyota Chaser,бензин,АКПП,765000,220000.0,1997,0,0,1
3131,Toyota Carina,бензин,АКПП,430000,310000.0,2000,0,0,1
3132,Toyota Wish,бензин,вариатор,1100000,173000.0,2010,0,0,1
3133,Toyota Vitz,бензин,вариатор,975000,80000.0,2019,0,0,1
3134,Toyota Town Ace,бензин,АКПП,999999,109000.0,2010,0,0,1
3135,Toyota Mark II,механика,задний,500000,309000.0,1984,0,0,1
3136,Toyota Allion,бензин,вариатор,2000000,51000.0,2019,0,0,1
3137,Toyota Raize,бензин,вариатор,1370000,56000.0,2021,0,0,1
3138,Toyota Allion,бензин,АКПП,850000,325678.0,2004,0,0,1
3139,Toyota Voxy,бензин,вариатор,2600000,28000.0,2019,0,0,1
3140,Toyota Corolla,бензин,механика,160000,288000.0,1993,0,0,1
3141,Toyota Corolla,бензин,механика,70000,31982.0,1988,0,0,1
3142,Toyota Land Cruiser,дизель,АКПП,5000000,287000.0,2010,0,0,1
3143,Toyota Harrier,гибрид,вариатор,3100000,87000.0,2019,0,0,1
3144,Toyota Premio,бензин,вариатор,1755000,37000.0,2020,0,0,1
3145,Toyota Corolla Axio,бензин,вариатор,1050000,85005.0,2013,0,0,1
3146,Toyota Premio,бензин,АКПП,730000,143532.0,2002,0,0,1
3147,Toyota Vitz,бензин,АКПП,660000,136000.0,2009,0,0,1
3148,Toyota Land Cruiser Prado,бензин,АКПП,5500000,19945.0,2021,0,0,1
3149,Toyota C-HR,бензин,вариатор,1940000,75000.0,2017,0,0,1
3150,Toyota Chaser,бензин,АКПП,180000,195000.0,1991,0,0,1
3151,Toyota Harrier,бензин,вариатор,3830000,45000.0,2022,0,0,1
3152,Toyota Mark II,бензин,АКПП,390000,351000.0,1995,0,0,1
3153,Toyota Voltz,бензин,АКПП,699000,240000.0,2002,0,0,1
3154,Toyota Vellfire,гибрид,вариатор,2850000,154000.0,2012,0,0,1
3155,Toyota Vitz,бензин,вариатор,910000,68000.0,2019,0,0,1
3156,Toyota RAV4,бензин,вариатор,3050000,49000.0,2019,0,0,1
3157,Toyota Wish,бензин,вариатор,1485000,116757.0,2012,0,0,1
3158,Toyota Prius Alpha,гибрид,вариатор,1100000,180000.0,2013,0,0,1
3159,Toyota Corolla Fielder,бензин,вариатор,1000000,90000.0,2014,0,0,1
3160,Toyota Prius,гибрид,вариатор,980000,259860.0,2010,0,0,1
3161,Toyota Land Cruiser Prado,бензин,механика,4950000,205000.0,2018,0,0,1
3162,Toyota Hiace,дизель,автомат,495000,426000.0,1997,0,0,1
3163,Toyota Prius Alpha,гибрид,вариатор,1655000,145000.0,2018,0,0,1
3164,Toyota Land Cruiser,бензин,АКПП,9700000,33400.0,2021,0,0,1
3165,Toyota Land Cruiser,бензин,АКПП,4200000,129000.0,2012,0,0,1
3166,Toyota Passo,бензин,вариатор,720000,100185.0,2016,0,0,1
3167,Toyota Duet,бензин,механика,375000,158000.0,2002,0,0,1
3168,Toyota Crown,гибрид,вариатор,3000000,115000.0,2019,0,0,1
3169,Toyota Roomy,бензин,вариатор,1050000,120000.0,2017,0,0,1
3170,Toyota Voxy,бензин,вариатор,2550000,86000.0,2015,0,0,1
3171,Toyota Mark X,бензин,АКПП,1250000,173000.0,2005,0,0,1
3172,Toyota Isis,бензин,вариатор,1345000,98000.0,2012,0,0,1
3173,Toyota Prius,гибрид,вариатор,870000,172000.0,2010,0,0,1
3174,Toyota C-HR,бензин,вариатор,1885000,70000.0,2020,0,0,1
3175,Toyota Yaris Cross,бензин,вариатор,2255000,30000.0,2021,0,0,1
3176,Toyota Corolla Axio,бензин,вариатор,1085000,154000.0,2015,0,0,1
3177,Toyota Land Cruiser,бензин,АКПП,3100000,230000.0,2008,0,0,1
3178,Toyota C-HR,гибрид,вариатор,2000000,58661.0,2018,0,0,1
3179,Toyota Corona,бензин,АКПП,210000,200000.0,1992,0,0,1
3180,Toyota Hilux,дизель,АКПП,6500000,33000.0,2021,0,0,1
3181,Toyota Town Ace Noah,бензин,АКПП,800000,250000.0,1997,0,0,1
3182,Toyota Hiace,дизель,автомат,3150000,90000.0,2020,0,0,1
3183,Toyota Raize,бензин,автомат,1399000,81500.0,2020,0,0,1
3184,Toyota Harrier,бензин,вариатор,2595000,107000.0,2017,0,0,1
3185,Toyota Crown,гибрид,вариатор,2150000,138000.0,2014,0,0,1
3186,Toyota ist,бензин,АКПП,420000,160000.0,2003,0,0,1
3187,Toyota Ractis,бензин,вариатор,850000,55000.0,2012,0,0,1
3188,Toyota Vitz,бензин,АКПП,490000,100000.0,2006,0,0,1
3189,Toyota Harrier,бензин,автомат,960000,186000.0,1992,0,0,1
3190,Toyota Allion,бензин,АКПП,950000,242547.0,2007,0,0,1
3191,Toyota Wish,бензин,вариатор,1300000,141000.0,2012,0,0,1
3192,Toyota Wish,бензин,вариатор,1400000,130000.0,2013,0,0,1
3193,Toyota Verossa,бензин,АКПП,890000,222944.0,2001,0,0,1
3194,Toyota Vitz,бензин,вариатор,1350000,51000.0,2019,0,0,1
3195,Toyota Hilux Surf,бензин,АКПП,1650000,214650.0,2002,0,0,1
3196,Toyota Prius,гибрид,вариатор,900000,300000.0,2013,0,0,1
3197,Toyota Corolla Fielder,бензин,вариатор,855000,246000.0,2009,0,0,1
3198,Toyota Wish,бензин,АКПП,750000,100000.0,2003,0,0,1
3199,Toyota Vitz,бензин,вариатор,720000,96000.0,2015,0,0,1
3200,Toyota RAV4,бензин,АКПП,2500000,90000.0,2016,0,0,1
3201,Toyota Land Cruiser Prado,бензин,АКПП,1800000,330000.0,2001,0,0,1
3202,Toyota Prius,гибрид,вариатор,1100000,269000.0,2012,0,0,1
3203,Toyota C-HR,бензин,вариатор,2450000,37000.0,2020,0,0,1
3204,Toyota Corolla Fielder,гибрид,вариатор,1200000,260.0,2016,0,0,1
3205,Toyota Land Cruiser Prado,бензин,АКПП,2600000,240000.0,2011,0,0,1
3206,Toyota Tank,бензин,вариатор,1000000,93000.0,2018,0,0,1
3207,Toyota RAV4,бензин,вариатор,1300000,226500.0,2011,0,0,1
3208,Toyota Town Ace,дизель,механика,400000,343000.0,1996,0,0,1
3209,Toyota Wish,бензин,вариатор,950000,215.0,2010,0,0,1
3210,Toyota Camry,гибрид,вариатор,3500000,98000.0,2019,0,0,1
3211,Toyota Corolla Fielder,гибрид,вариатор,1170000,163000.0,2014,0,0,1
3212,Toyota Corona,бензин,АКПП,365000,240000.0,1993,0,0,1
3213,Toyota C-HR,,,1950000,42000.0,2019,0,0,1
3214,Toyota Vanguard,бензин,вариатор,1990000,73450.0,2013,0,0,1
3215,Toyota Mark II,бензин,АКПП,1090000,85000.0,1993,0,0,1
3216,Toyota Aqua,гибрид,вариатор,750000,246000.0,2012,0,0,1
3217,Toyota Wish,бензин,АКПП,735000,65000.0,2003,0,0,1
3218,Toyota Corolla,гибрид,вариатор,1790000,120000.0,2018,0,0,1
3219,Toyota Prius,гибрид,вариатор,600000,167000.0,2008,0,0,1
3220,Toyota Land Cruiser,дизель,АКПП,6300000,200000.0,2016,0,0,1
3221,Toyota Vitz,гибрид,вариатор,1265000,73000.0,2020,0,0,1
3222,Toyota Prius,гибрид,вариатор,1200000,185000.0,2013,0,0,1
3223,Toyota Prius,гибрид,вариатор,900000,230000.0,2010,0,0,1
3224,Toyota Premio,бензин,АКПП,800000,189000.0,2005,0,0,1
3225,Toyota Prius,гибрид,вариатор,745000,270000.0,2009,0,0,1
3226,Toyota Corolla,бензин,вариатор,1600000,77000.0,2018,0,0,1
3227,Toyota Wish,бензин,АКПП,880000,139000.0,2004,0,0,1
3228,Toyota Camry,бензин,АКПП,1300000,215000.0,2008,0,0,1
3229,Toyota Ractis,бензин,вариатор,770000,240000.0,2011,0,0,1
3230,Toyota Corolla,бензин,АКПП,130000,370000.0,1999,0,0,1
3231,Toyota Mark II,бензин,АКПП,600000,210313.0,1996,0,0,1
3232,Toyota Aqua,гибрид,вариатор,950000,190000.0,2015,0,0,1
3233,Toyota Harrier,бензин,вариатор,2550000,167000.0,2018,0,0,1
3234,Toyota Harrier,бензин,вариатор,3048000,81000.0,2017,0,0,1
3235,Toyota Corolla,бензин,АКПП,215000,300000.0,1990,0,0,1
3236,Toyota Crown,бензин,АКПП,900000,214170.0,2000,0,0,1
3237,Toyota Allion,бензин,вариатор,1400000,136769.0,2014,0,0,1
3238,Toyota Roomy,бензин,вариатор,890000,101000.0,2021,0,0,1
3239,Toyota Harrier,бензин,вариатор,2350000,121000.0,2017,0,0,1
3240,Toyota Esquire,бензин,вариатор,2200000,150000.0,2017,0,0,1
3241,Toyota Corolla Fielder,гибрид,вариатор,1180000,176000.0,2015,0,0,1
3242,Toyota Yaris,бензин,вариатор,1050000,73620.0,2020,0,0,1
3243,Toyota Noah,бензин,АКПП,850000,380000.0,2001,0,0,1
3244,Toyota Ractis,бензин,автомат,850000,199100.0,2009,0,0,1
3245,Toyota Corolla Rumion,бензин,вариатор,1100000,155000.0,2011,0,0,1
3246,Toyota Noah,бензин,вариатор,1500000,123000.0,2011,0,0,1
3247,Toyota Regius Ace,дизель,автомат,3350000,260000.0,2017,0,0,1
3248,Toyota Vitz,бензин,вариатор,900000,72000.0,2017,0,0,1
3249,Toyota Prius Alpha,гибрид,вариатор,1280000,208000.0,2016,0,0,1
3250,Toyota Prius,гибрид,вариатор,1000000,142300.0,2010,0,0,1
3251,Toyota iQ,бензин,вариатор,650000,120000.0,2009,0,0,1
3252,Toyota Alphard,гибрид,вариатор,4350000,120000.0,2018,0,0,1
3253,Toyota Hiace,бензин,АКПП,4700000,104000.0,2019,0,0,1
3254,Toyota Camry Prominent,бензин,механика,340000,125000.0,1991,0,0,1
3255,Toyota Vitz,бензин,вариатор,1000000,138000.0,2012,0,0,1
3256,Toyota Prius,гибрид,вариатор,850000,277000.0,2010,0,0,1
3257,Toyota Camry,бензин,АКПП,130000,250000.0,1994,0,0,1
3258,Toyota Vitz,бензин,вариатор,995000,90000.0,2018,0,0,1
3259,Toyota Isis,бензин,вариатор,1095000,150000.0,2012,0,0,1
3260,Toyota Prius,гибрид,вариатор,1100000,83000.0,2012,0,0,1
3261,Toyota Lite Ace Noah,дизель,АКПП,350000,300000.0,1998,0,0,1
3262,Toyota Funcargo,бензин,АКПП,450000,150000.0,2001,0,0,1
3263,Toyota Camry,бензин,АКПП,1600000,152000.0,2012,0,0,1
3264,Toyota Prius Alpha,гибрид,вариатор,1150000,134000.0,2014,0,0,1
3265,Toyota Vitz,бензин,вариатор,815000,80000.0,2015,0,0,1
3266,Toyota Land Cruiser Prado,бензин,АКПП,3250000,142000.0,2012,0,0,1
3267,Toyota Land Cruiser Prado,дизель,АКПП,5655000,167755.0,2020,0,0,1
3268,Toyota Camry,бензин,АКПП,2730000,78000.0,2017,0,0,1
3269,Toyota ist,бензин,вариатор,620000,235036.0,2007,0,0,1
3270,Toyota Probox,бензин,вариатор,1250000,155000.0,2018,0,0,1
3271,Toyota Belta,бензин,вариатор,530000,180000.0,2010,0,0,1
3272,Toyota Voxy,гибрид,вариатор,1850000,214000.0,2015,0,0,1
3273,Toyota Premio,бензин,вариатор,1140000,193000.0,2010,0,0,1
3274,Toyota RAV4,бензин,вариатор,3500000,33500.0,2021,0,0,1
3275,Toyota Allion,бензин,АКПП,650000,271000.0,2005,0,0,1
3276,Toyota Crown,бензин,АКПП,350000,434000.0,1992,0,0,1
3277,Toyota Vitz,бензин,вариатор,950000,71077.0,2018,0,0,1
3278,Toyota Land Cruiser,дизель,АКПП,2500000,328.0,1995,0,0,1
3279,Toyota Vitz,бензин,вариатор,510000,120000.0,2005,0,0,1
3280,Toyota Cresta,бензин,АКПП,175000,500000.0,1995,0,0,1
3281,Toyota Ipsum,бензин,АКПП,355000,197000.0,1997,0,0,1
3282,Toyota Crown,бензин,АКПП,1135000,500000.0,2002,0,0,1
3283,Toyota C-HR,гибрид,вариатор,2150000,84000.0,2017,0,0,1
3284,Toyota Land Cruiser Prado,бензин,АКПП,2900000,279000.0,2011,0,0,1
3285,Toyota Harrier,бензин,АКПП,2220000,199000.0,2008,0,0,1
3286,Toyota Land Cruiser Prado,бензин,АКПП,2610000,186201.0,2011,0,0,1
3287,Toyota Land Cruiser,бензин,АКПП,2450000,135000.0,1998,0,0,1
3288,Toyota Vellfire,бензин,вариатор,3190000,134000.0,2019,0,0,1
3289,Toyota Corolla Spacio,бензин,АКПП,620000,225000.0,2001,0,0,1
3290,Toyota Vitz,бензин,механика,1500000,21000.0,2019,0,0,1
3291,Toyota Alphard,гибрид,вариатор,3300000,140000.0,2015,0,0,1
3292,Toyota Vitz,гибрид,вариатор,1250000,77000.0,2017,0,0,1
3293,Toyota Auris,бензин,вариатор,725000,200000.0,2010,0,0,1
3294,Toyota Caldina,бензин,АКПП,330000,272653.0,1997,0,0,1
3295,Toyota Cresta,бензин,механика,290000,258000.0,1992,0,0,1
3296,Toyota Premio,бензин,вариатор,1550000,80000.0,2013,0,0,1
3297,Toyota Corolla Axio,бензин,механика,1205000,157000.0,2012,0,0,1
3298,Toyota RAV4,бензин,АКПП,749000,220953.0,2001,0,0,1
3299,Toyota Corolla Axio,бензин,вариатор,750000,150000.0,2008,0,0,1
3300,Toyota Hiace,бензин,автомат,4050000,92000.0,2021,0,0,1
3301,Toyota Corolla Axio,гибрид,вариатор,1290000,139947.0,2017,0,0,1
3302,Toyota C-HR,гибрид,вариатор,2000000,120000.0,2017,0,0,1
3303,Toyota Prius,гибрид,вариатор,485000,175000.0,2008,0,0,1
3304,Toyota Vista,бензин,АКПП,370000,200000.0,1992,0,0,1
3305,Toyota RAV4,гибрид,вариатор,4150000,40000.0,2020,0,0,1
3306,Toyota Corolla,бензин,вариатор,1625000,89000.0,2019,0,0,1
3307,Toyota Crown,гибрид,вариатор,3290000,36000.0,2019,0,0,1
3308,Toyota Land Cruiser Prado,бензин,АКПП,2100000,220000.0,2004,0,0,1
3309,Toyota Harrier,гибрид,вариатор,3550000,71000.0,2017,0,0,1
3310,Toyota Noah,гибрид,вариатор,2250000,73851.0,2019,0,0,1
3311,Toyota Camry,бензин,АКПП,1010000,205000.0,2008,0,0,1
3312,Toyota Esquire,бензин,вариатор,2050000,163500.0,2014,0,0,1
3313,Toyota Land Cruiser,бензин,АКПП,5500000,170000.0,2016,0,0,1
3314,Toyota Wish,автомат,передний,1150000,176700.0,2012,0,0,1
3315,Toyota Alphard,гибрид,вариатор,5900000,98000.0,2020,0,0,1
3316,Toyota C-HR,гибрид,автомат,2150000,95000.0,2018,0,0,1
3317,Toyota Aqua,гибрид,вариатор,950000,120000.0,2017,0,0,1
3318,Toyota Land Cruiser,бензин,АКПП,4500000,242000.0,2012,0,0,1
3319,Toyota Rush,бензин,АКПП,1100000,55000.0,2012,0,0,1
3320,Toyota Corolla Fielder,бензин,автомат,1060000,142500.0,2011,0,0,1
3321,Toyota Mark X,бензин,АКПП,1100000,317000.0,2005,0,0,1
3322,Toyota Platz,бензин,АКПП,405000,208000.0,2003,0,0,1
3323,Toyota Chaser,бензин,АКПП,810000,269999.0,1998,0,0,1
3324,Toyota Wish,бензин,вариатор,1550000,129000.0,2013,0,0,1
3325,Toyota Land Cruiser Prado,бензин,АКПП,4200000,70000.0,2016,0,0,1
3326,Toyota Corolla Axio,бензин,вариатор,1100000,138000.0,2015,0,0,1
3327,Toyota Wish,бензин,вариатор,1685000,64000.0,2013,0,0,1
3328,Toyota Chaser,бензин,автомат,875000,286571.0,1986,0,0,1
3329,Toyota Allion,бензин,АКПП,700000,280000.0,2005,0,0,1
3330,Toyota Vitz,бензин,вариатор,715000,104270.0,2015,0,0,1
3331,Toyota Corona SF,бензин,механика,150000,200000.0,1984,0,0,1
3332,Toyota Chaser,бензин,АКПП,650000,388000.0,1993,0,0,1
3333,Toyota Wish,бензин,вариатор,1110000,92000.0,2012,0,0,1
3334,Toyota Land Cruiser,бензин,АКПП,1550000,356000.0,1999,0,0,1
3335,Toyota Land Cruiser Prado,бензин,АКПП,2600000,244000.0,2010,0,0,1
3336,Toyota Hiace,бензин,АКПП,329999,300000.0,1990,0,0,1
3337,Toyota Prius,гибрид,вариатор,1170000,220000.0,2012,0,0,1
3338,Toyota Vitz,бензин,вариатор,550000,111.0,2009,0,0,1
3339,Toyota Verossa,бензин,АКПП,700000,362031.0,2001,0,0,1
3340,Toyota Land Cruiser,дизель,АКПП,2620000,283551.0,1995,0,0,1
3341,Toyota RAV4,бензин,вариатор,1500000,149000.0,2012,0,0,1
3342,Toyota Succeed,бензин,АКПП,700000,294000.0,2008,0,0,1
3343,Toyota Corolla Axio,бензин,автомат,1070000,140000.0,2017,0,0,1
3344,Toyota Mark II,бензин,АКПП,160000,500000.0,1994,0,0,1
3345,Toyota Corolla,бензин,АКПП,850000,177.0,2006,0,0,1
3346,Toyota Ractis,бензин,вариатор,750000,190000.0,2012,0,0,1
3347,Toyota Allion,бензин,вариатор,910000,248000.0,2008,0,0,1
3348,Toyota C-HR,бензин,вариатор,1850000,38200.0,2018,0,0,1
3349,Toyota Land Cruiser Prado,бензин,автомат,2850000,161000.0,2012,0,0,1
3350,Toyota Vitz,бензин,АКПП,700000,130000.0,2009,0,0,1
3351,Toyota Allion,бензин,вариатор,900000,247116.0,2007,0,0,1
3352,Toyota Voxy,гибрид,вариатор,1970000,180000.0,2014,0,0,1
3353,Toyota Premio,бензин,АКПП,720000,229000.0,2006,0,0,1
3354,Toyota Corolla,бензин,АКПП,570000,170000.0,2004,0,0,1
3355,Toyota Corolla,бензин,вариатор,1850000,120000.0,2020,0,0,1
3356,Toyota Cresta,бензин,АКПП,450000,250000.0,1992,0,0,1
3357,Toyota Land Cruiser Prado,бензин,АКПП,5000000,68000.0,2020,0,0,1
3358,Toyota Passo,бензин,АКПП,490000,257450.0,2009,0,0,1
3359,Toyota Land Cruiser,дизель,АКПП,2550000,197000.0,1996,0,0,1
3360,Toyota Prius,гибрид,вариатор,650000,266000.0,2008,0,0,1
3361,Toyota Vitz,гибрид,вариатор,1180000,117500.0,2017,0,0,1
3362,Toyota C-HR,бензин,вариатор,1580000,125322.0,2016,0,0,1
3363,Toyota Premio,бензин,вариатор,1400000,63000.0,2013,0,0,1
3364,Toyota Wish,бензин,АКПП,675000,260000.0,2004,0,0,1
3365,Toyota Prius,гибрид,вариатор,1050000,175000.0,2013,0,0,1
3366,Toyota Noah,бензин,АКПП,1000000,218000.0,2002,0,0,1
3367,Toyota Prius,гибрид,вариатор,900000,350000.0,2011,0,0,1
3368,Toyota Vitz,бензин,вариатор,650000,156585.0,2011,0,0,1
3369,Toyota Corolla,автомат,4WD,75000,160000.0,1988,0,0,1
3370,Toyota Allion,бензин,вариатор,1500000,160000.0,2018,0,0,1
3371,Toyota Crown,гибрид,вариатор,2310000,167000.0,2013,0,0,1
3372,Toyota Land Cruiser Prado,бензин,АКПП,6500000,114276.0,2018,0,0,1
3373,Toyota Kluger V,бензин,АКПП,1250000,325000.0,2001,0,0,1
3374,Toyota Crown,бензин,АКПП,700000,230000.0,1998,0,0,1
3375,Toyota Wish,бензин,вариатор,1250000,84000.0,2010,0,0,1
3376,Toyota Cresta,бензин,АКПП,750000,305000.0,1994,0,0,1
3377,Toyota Voxy,бензин,вариатор,1350000,162000.0,2009,0,0,1
3378,Toyota Land Cruiser Prado,бензин,АКПП,2220000,221843.0,2004,0,0,1
3379,Toyota Corolla Fielder,бензин,автомат,1120000,180000.0,2013,0,0,1
3380,Toyota Wish,бензин,вариатор,1445000,144000.0,2014,0,0,1
3381,Toyota Wish,бензин,АКПП,950000,254000.0,2004,0,0,1
3382,Toyota Crown,гибрид,вариатор,3750000,103000.0,2020,0,0,1
3383,Toyota Lite Ace Noah,бензин,АКПП,775000,202000.0,1996,0,0,1
3384,Toyota Yaris,бензин,вариатор,1120000,53184.0,2020,0,0,1
3385,Toyota Corona SF,автомат,передний,300000,320120.0,1992,0,0,1
3386,Toyota Premio,бензин,АКПП,850000,136000.0,2005,0,0,1
3387,Toyota Crown,бензин,АКПП,410000,388000.0,1996,0,0,1
3388,Toyota Chaser,бензин,АКПП,400000,13000.0,1990,0,0,1
3389,Toyota Premio,бензин,вариатор,900000,140000.0,2010,0,0,1
3390,Toyota C-HR,бензин,вариатор,2350000,9700.0,2020,0,0,1
3391,Toyota Vitz,бензин,вариатор,780000,65000.0,2015,0,0,1
3392,Toyota Harrier,бензин,вариатор,2600000,150000.0,2015,0,0,1
3393,Toyota Raize,бензин,вариатор,1690000,55200.0,2020,0,0,1
3394,Toyota Corolla Fielder,бензин,вариатор,1020000,146422.0,2014,0,0,1
3395,Toyota Allion,бензин,вариатор,1220000,117000.0,2012,0,0,1
3396,Toyota Wish,бензин,АКПП,650000,254000.0,2007,0,0,1
3397,Toyota Passo,бензин,вариатор,200000,100000.0,2016,0,0,1
3398,Toyota Mark II,бензин,механика,900000,212000.0,1996,0,0,1
3399,Toyota Prius,гибрид,вариатор,1250000,181000.0,2012,0,0,1
3400,Toyota Hilux,дизель,АКПП,4600000,30646.0,2020,0,0,1
3401,Toyota Prius Alpha,гибрид,вариатор,1250000,160000.0,2014,0,0,1
3402,Toyota Prius Alpha,гибрид,вариатор,1470000,160000.0,2013,0,0,1
3403,Toyota Sai,гибрид,вариатор,1700000,92345.0,2014,0,0,1
3404,Toyota Roomy,бензин,вариатор,1000000,93000.0,2018,0,0,1
3405,Toyota Crown,бензин,АКПП,2950000,117500.0,2016,0,0,1
3406,Toyota Corolla Fielder,бензин,вариатор,780000,210000.0,2008,0,0,1
3407,Toyota Isis,бензин,вариатор,910000,228000.0,2009,0,0,1
3408,Toyota Vitz,бензин,вариатор,1350000,56000.0,2018,0,0,1
3409,Toyota Land Cruiser Prado,бензин,АКПП,2900000,278222.0,2010,0,0,1
3410,Toyota Funcargo,бензин,АКПП,620000,238.0,2003,0,0,1
3411,Toyota Voxy,бензин,вариатор,1175000,163000.0,2008,0,0,1
3412,Toyota Wish,бензин,АКПП,660000,271500.0,2004,0,0,1
3413,Toyota Harrier,бензин,вариатор,2200000,130000.0,2014,0,0,1
3414,Toyota Aristo,бензин,АКПП,800000,350000.0,1997,0,0,1
3415,Toyota C-HR,бензин,вариатор,1590000,61000.0,2017,0,0,1
3416,Toyota Town Ace,бензин,автомат,110000,300000.0,1993,0,0,1
3417,Toyota Prius,гибрид,вариатор,1050000,197500.0,2009,0,0,1
3418,Toyota Prius,гибрид,вариатор,1560000,172000.0,2017,0,0,1
3419,Toyota Harrier,гибрид,вариатор,2900000,64000.0,2015,0,0,1
3420,Toyota Land Cruiser Prado,бензин,АКПП,12900000,,2024,0,0,1
3421,Toyota Camry,бензин,вариатор,4299000,,2024,0,0,1
3422,Toyota Corolla,бензин,АКПП,370000,274300.0,1998,0,0,1
3423,Toyota Prius,гибрид,автомат,2100000,36700.0,2021,0,0,1
3424,Toyota Belta,бензин,вариатор,430000,321261.0,2006,0,0,1
3425,Toyota Mark II,бензин,АКПП,480000,215000.0,2001,0,0,1
3426,Toyota Vitz,бензин,вариатор,600000,55000.0,2008,0,0,1
3427,Toyota Cresta,бензин,автомат,500000,175000.0,1998,0,0,1
3428,Toyota Prius,гибрид,вариатор,1199000,195000.0,2015,0,0,1
3429,Toyota Allion,бензин,вариатор,1250000,118000.0,2009,0,0,1
3430,Toyota Crown,бензин,АКПП,400000,262674.0,1995,0,0,1
3431,Toyota Voxy,бензин,вариатор,1700000,142000.0,2016,0,0,1
3432,Toyota Vitz,бензин,вариатор,780000,100710.0,2014,0,0,1
3433,Toyota Ipsum,бензин,АКПП,433000,211190.0,1996,0,0,1
3434,Toyota Vitz,бензин,вариатор,755000,97900.0,2014,0,0,1
3435,Toyota Land Cruiser,бензин,АКПП,9100000,168000.0,2019,0,0,1
3436,Toyota Wish,бензин,АКПП,755000,299999.0,2004,0,0,1
3437,Toyota Kluger V,бензин,АКПП,900000,200000.0,2001,0,0,1
3438,Toyota Vitz,гибрид,вариатор,1255000,40000.0,2019,0,0,1
3439,Toyota Rush,бензин,механика,1385000,65000.0,2007,0,0,1
3440,Toyota Estima,гибрид,вариатор,675000,250000.0,2005,0,0,1
3441,Toyota Land Cruiser Prado,дизель,АКПП,1045000,170000.0,1996,0,0,1
3442,Toyota Alphard,бензин,АКПП,1335000,295000.0,2005,0,0,1
3443,Toyota Mark X,бензин,АКПП,835000,250000.0,2006,0,0,1
3444,Toyota Ipsum,бензин,АКПП,525000,250000.0,1999,0,0,1
3445,Toyota Caldina,бензин,АКПП,800000,215000.0,2003,0,0,1
3446,Toyota Voxy,бензин,вариатор,2150000,135000.0,2018,0,0,1
3447,Toyota Premio,бензин,вариатор,1250000,162000.0,2015,0,0,1
3448,Toyota Mark II,бензин,АКПП,650000,115000.0,1995,0,0,1
3449,Toyota Harrier,бензин,АКПП,950000,600000.0,2000,0,0,1
3450,Toyota Camry,бензин,АКПП,1850000,230000.0,2014,0,0,1
3451,Toyota Lite Ace,дизель,механика,250000,280000.0,1990,0,0,1
3452,Toyota Probox,бензин,вариатор,1600000,69500.0,2020,0,0,1
3453,Toyota Prius,гибрид,вариатор,770000,306000.0,2012,0,0,1
3454,Toyota Prius,гибрид,вариатор,1570000,161109.0,2018,0,0,1
3455,Toyota Vitz,бензин,вариатор,795000,83000.0,2012,0,0,1
3456,Toyota Alphard,гибрид,вариатор,5350000,54000.0,2022,0,0,1
3457,Toyota Corolla Fielder,бензин,вариатор,1350000,79000.0,2018,0,0,1
3458,Toyota Prius,гибрид,вариатор,1450000,210000.0,2016,0,0,1
3459,Toyota Corolla Spacio,бензин,АКПП,355000,110000.0,1997,0,0,1
3460,Toyota Raize,бензин,вариатор,1750000,25400.0,2020,0,0,1
3461,Toyota Vitz,бензин,вариатор,590000,154000.0,2009,0,0,1
3462,Toyota Yaris,бензин,вариатор,1000000,91000.0,2020,0,0,1
3463,Toyota Land Cruiser,дизель,АКПП,2050000,250000.0,2004,0,0,1
3464,Toyota Prius,гибрид,вариатор,1050000,233000.0,2010,0,0,1
3465,Toyota Mark II,бензин,АКПП,1000000,10000.0,2001,0,0,1
3466,Toyota Raize,бензин,вариатор,1720000,57300.0,2020,0,0,1
3467,Toyota Caldina,бензин,АКПП,795000,250000.0,2005,0,0,1
3468,Toyota Sienta,гибрид,вариатор,1700000,88000.0,2017,0,0,1
3469,Toyota Land Cruiser,бензин,АКПП,2399999,100000.0,2000,0,0,1
3470,Toyota Prius,гибрид,вариатор,850000,110000.0,2008,0,0,1
3471,Toyota Wish,бензин,вариатор,1345000,70000.0,2011,0,0,1
3472,Toyota Prius PHV,гибрид,вариатор,2050000,126000.0,2017,0,0,1
3473,Toyota Land Cruiser Prado,бензин,АКПП,1900000,265000.0,2003,0,0,1
3474,Toyota Allion,бензин,вариатор,850000,196000.0,2010,0,0,1
3475,Toyota Noah,бензин,вариатор,1520000,196000.0,2012,0,0,1
3476,Toyota Crown,бензин,автомат,1980000,194000.0,2010,0,0,1
3477,Toyota Ipsum,бензин,АКПП,800000,206000.0,2001,0,0,1
3478,Toyota Caldina,бензин,АКПП,500000,350000.0,1999,0,0,1
3479,Toyota RAV4,бензин,вариатор,1400000,168000.0,2011,0,0,1
3480,Toyota Prius,гибрид,вариатор,1300000,221000.0,2014,0,0,1
3481,Toyota Probox,бензин,вариатор,900000,140000.0,2015,0,0,1
3482,Toyota Land Cruiser,дизель,АКПП,4340000,160000.0,2013,0,0,1
3483,Toyota Crown,бензин,АКПП,415000,394781.0,1995,0,0,1
3484,Toyota Yaris Cross,бензин,вариатор,1950000,50000.0,2020,0,0,1
3485,Toyota Ractis,бензин,вариатор,1050000,67000.0,2015,0,0,1
3486,Toyota Allion,бензин,АКПП,700000,250000.0,2001,0,0,1
3487,Toyota Crown,гибрид,вариатор,2575000,172.0,2014,0,0,1
3488,Toyota Harrier,бензин,вариатор,2500000,101000.0,2015,0,0,1
3489,Toyota Allion,бензин,вариатор,1500000,129657.0,2008,0,0,1
3490,Toyota Kluger V,бензин,АКПП,980000,226456.0,2001,0,0,1
3491,Toyota Passo,бензин,вариатор,460000,141200.0,2010,0,0,1
3492,Toyota Camry,бензин,АКПП,2700000,81000.0,2018,0,0,1
3493,Toyota Land Cruiser Prado,бензин,АКПП,2250000,265000.0,2006,0,0,1
3494,Toyota Vitz,бензин,вариатор,950000,48000.0,2019,0,0,1
3495,Toyota Caldina,бензин,АКПП,350000,294000.0,2001,0,0,1
3496,Toyota Allion,бензин,вариатор,1100000,100000.0,2007,0,0,1
3497,Toyota Allion,бензин,вариатор,1550000,129000.0,2013,0,0,1
3498,Toyota C-HR,бензин,вариатор,1600000,125000.0,2016,0,0,1
3499,Toyota Corolla Fielder,бензин,вариатор,1650000,164000.0,2017,0,0,1
3500,Toyota Premio,бензин,вариатор,1100000,195.0,2010,0,0,1
3501,Toyota Verossa,бензин,АКПП,650000,306380.0,2001,0,0,1
3502,Toyota Harrier,гибрид,вариатор,1750000,240000.0,2005,0,0,1
3503,Toyota Corolla,бензин,робот,750000,163000.0,2008,0,0,1
3504,Toyota C-HR,бензин,вариатор,1930000,50000.0,2020,0,0,1
3505,Toyota Corolla Spacio,бензин,АКПП,400000,269000.0,1997,0,0,1
3506,Toyota Probox,бензин,АКПП,495000,220000.0,2007,0,0,1
3507,Toyota Land Cruiser Prado,бензин,АКПП,2950000,207000.0,2011,0,0,1
3508,Toyota Premio,бензин,АКПП,720000,280000.0,2003,0,0,1
3509,Toyota Cresta,бензин,автомат,270000,398200.0,1996,0,0,1
3510,Toyota Corolla Fielder,бензин,АКПП,800000,178000.0,2005,0,0,1
3511,Toyota Land Cruiser,дизель,АКПП,4800000,221629.0,2013,0,0,1
3512,Toyota Ractis,бензин,вариатор,580000,278000.0,2006,0,0,1
3513,Toyota Probox,бензин,АКПП,730000,179431.0,2011,0,0,1
3514,Toyota Crown,бензин,АКПП,250000,562000.0,1992,0,0,1
3515,Toyota Camry,бензин,АКПП,800000,257000.0,2002,0,0,1
3516,Toyota Camry Gracia,бензин,АКПП,280000,200000.0,1998,0,0,1
3517,Toyota Prius,гибрид,вариатор,1890000,75000.0,2019,0,0,1
3518,Toyota Land Cruiser Prado,бензин,АКПП,1880000,184000.0,1999,0,0,1
3519,Toyota Sai,гибрид,вариатор,1900000,160000.0,2016,0,0,1
3520,Toyota Prius,гибрид,вариатор,1600000,176000.0,2016,0,0,1
3521,Toyota Vanguard,бензин,вариатор,1050000,212000.0,2012,0,0,1
3522,Toyota Land Cruiser,дизель,АКПП,4100000,50000.0,2012,0,0,1
3523,Toyota Prius,гибрид,вариатор,540000,300000.0,2004,0,0,1
3524,Toyota Estima,гибрид,вариатор,1950000,155000.0,2013,0,0,1
3525,Toyota Vitz,бензин,вариатор,495000,155000.0,2010,0,0,1
3526,Toyota Prius,гибрид,вариатор,1200000,225000.0,2012,0,0,1
3527,Toyota Corolla,бензин,АКПП,355000,270000.0,1999,0,0,1
3528,Toyota Land Cruiser Prado,бензин,АКПП,2450000,319000.0,2003,0,0,1
3529,Toyota Passo,бензин,вариатор,850000,97000.0,2019,0,0,1
3530,Toyota Corolla Fielder,гибрид,вариатор,1330000,100000.0,2015,0,0,1
3531,Toyota Land Cruiser,бензин,АКПП,5200000,115000.0,2013,0,0,1
3532,Toyota Land Cruiser,бензин,АКПП,3500000,170000.0,1994,0,0,1
3533,Toyota Cresta,бензин,АКПП,2200000,131000.0,1998,0,0,1
3534,Toyota Mark X,бензин,АКПП,2000000,100000.0,2010,0,0,1
3535,Toyota Camry,гибрид,вариатор,1950000,180000.0,2012,0,0,1
3536,Toyota Allion,бензин,АКПП,640000,243500.0,2003,0,0,1
3537,Toyota Crown,бензин,АКПП,2100000,270000.0,2008,0,0,1
3538,Toyota Land Cruiser,дизель,АКПП,3300000,360000.0,2013,0,0,1
3539,Toyota Harrier,бензин,АКПП,880000,270000.0,1998,0,0,1
3540,Toyota Caldina,бензин,автомат,650000,200000.0,1990,0,0,1
3541,Toyota Vitz,бензин,вариатор,500000,180000.0,2010,0,0,1
3542,Toyota Land Cruiser,бензин,автомат,2700000,530000.0,2008,0,0,1
3543,Toyota Crown Majesta,бензин,АКПП,1200000,330000.0,2003,0,0,1
3544,Toyota Mark II,бензин,АКПП,900000,201000.0,1999,0,0,1
3545,Toyota Hilux Surf,дизель,АКПП,730000,248400.0,1993,0,0,1
3546,Toyota Probox,бензин,АКПП,790000,135000.0,2013,0,0,1
3547,Toyota Camry,бензин,АКПП,1200000,203000.0,2009,0,0,1
3548,Toyota Vista Ardeo,бензин,АКПП,550000,300000.0,2003,0,0,1
3549,Toyota Prius,гибрид,вариатор,1160000,198000.0,2009,0,0,1
3550,Toyota Land Cruiser Prado,бензин,АКПП,5300000,19000.0,2021,0,0,1
3551,Toyota Auris,бензин,вариатор,700000,290000.0,2008,0,0,1
3552,Toyota Prius,гибрид,вариатор,930000,151200.0,2009,0,0,1
3553,Toyota Hilux,дизель,механика,1300000,263000.0,1994,0,0,1
3554,Toyota Crown,бензин,АКПП,930000,200000.0,2001,0,0,1
3555,Toyota Land Cruiser,бензин,АКПП,2400000,240000.0,2005,0,0,1
3556,Toyota Premio,бензин,вариатор,1435000,60000.0,2010,0,0,1
3557,Toyota Land Cruiser Prado,бензин,АКПП,3815000,285000.0,2014,0,0,1
3558,Toyota Harrier,гибрид,вариатор,5300000,10000.0,2022,0,0,1
3559,Toyota Corolla,бензин,механика,290000,200000.0,2002,0,0,1
3560,Toyota Prius,гибрид,вариатор,820000,301000.0,2012,0,0,1
3561,Toyota Corolla Fielder,бензин,АКПП,550000,193446.0,2004,0,0,1
3562,Toyota C-HR,гибрид,вариатор,2100000,114400.0,2018,0,0,1
3563,Toyota Land Cruiser,бензин,АКПП,2200000,400000.0,2004,0,0,1
3564,Toyota Land Cruiser,дизель,механика,3000000,185000.0,1995,0,0,1
3565,Toyota Land Cruiser,дизель,механика,2850000,268000.0,1997,0,0,1
3566,Toyota Hiace,бензин,АКПП,670000,327000.0,1999,0,0,1
3567,Toyota Hilux Surf,дизель,механика,700000,174000.0,1989,0,0,1
3568,Toyota Succeed,бензин,вариатор,930000,134000.0,2017,0,0,1
3569,Toyota Allion,бензин,вариатор,1250000,185300.0,2013,0,0,1
3570,Toyota Aqua,гибрид,вариатор,850000,166.0,2014,0,0,1
3571,Toyota Celica,бензин,механика,800000,220000.0,1997,0,0,1
3572,Toyota Roomy,бензин,вариатор,1050000,32000.0,2020,0,0,1
3573,Toyota RAV4,бензин,вариатор,1600000,140000.0,2010,0,0,1
3574,Toyota Noah,бензин,вариатор,2235000,137000.0,2020,0,0,1
3575,Toyota Harrier,бензин,АКПП,1450000,250000.0,2003,0,0,1
3576,Toyota Camry,гибрид,вариатор,3300000,100000.0,2017,0,0,1
3577,Toyota Prius,гибрид,вариатор,1300000,115000.0,2012,0,0,1
3578,Toyota Probox,бензин,АКПП,350000,300000.0,2002,0,0,1
3579,Toyota Probox,бензин,вариатор,885000,170000.0,2016,0,0,1
3580,Toyota Prius,гибрид,вариатор,720000,225000.0,2011,0,0,1
3581,Toyota Land Cruiser Prado,бензин,АКПП,1850000,230000.0,2003,0,0,1
3582,Toyota Vitz,бензин,вариатор,795000,40000.0,2012,0,0,1
3583,Toyota Probox,бензин,вариатор,1390000,90000.0,2021,0,0,1
3584,Toyota Succeed,бензин,вариатор,1390000,98000.0,2019,0,0,1
3585,Toyota Premio,бензин,вариатор,2159000,89000.0,2019,0,0,1
3586,Toyota Passo,бензин,вариатор,700000,100000.0,2017,0,0,1
3587,Toyota Land Cruiser Prado,бензин,автомат,2990000,100000.0,1993,0,0,1
3588,Toyota Allion,бензин,вариатор,840000,226000.0,2007,0,0,1
3589,Toyota Corolla,дизель,автомат,200000,100000.0,1989,0,0,1
3590,Toyota Allion,бензин,вариатор,1499000,32500.0,2010,0,0,1
3591,Toyota Mark II,бензин,АКПП,700000,230504.0,2001,0,0,1
3592,Toyota Mark II,бензин,АКПП,550000,291000.0,1999,0,0,1
3593,Toyota Auris,бензин,вариатор,850000,55000.0,2010,0,0,1
3594,Toyota Chaser,бензин,АКПП,500000,270000.0,1996,0,0,1
3595,Toyota Harrier,бензин,вариатор,3900000,34000.0,2020,0,0,1
3596,Toyota Premio,бензин,вариатор,1150000,175000.0,2010,0,0,1
3597,Toyota Allion,бензин,вариатор,1450000,110000.0,2011,0,0,1
3598,Toyota Passo,бензин,АКПП,600000,67000.0,2009,0,0,1
3599,Toyota Wish,бензин,АКПП,870000,193000.0,2008,0,0,1
3600,Toyota Prius,гибрид,вариатор,1050007,280000.0,2009,0,0,1
3601,Toyota Wish,бензин,вариатор,1250000,95000.0,2012,0,0,1
3602,Toyota Land Cruiser Prado,бензин,АКПП,4300000,88700.0,2018,0,0,1
3603,Toyota Wish,бензин,вариатор,980000,270000.0,2010,0,0,1
3604,Toyota RAV4,бензин,АКПП,1450000,201827.0,2012,0,0,1
3605,Toyota Aqua,гибрид,вариатор,860000,117000.0,2014,0,0,1
3606,Toyota Prius,гибрид,вариатор,900000,200000.0,2014,0,0,1
3607,Toyota Land Cruiser,дизель,АКПП,3050000,265000.0,1995,0,0,1
3608,Toyota Crown,бензин,АКПП,2970000,88000.0,2016,0,0,1
3609,Toyota Vitz,бензин,вариатор,850000,149000.0,2016,0,0,1
3610,Toyota Wish,бензин,АКПП,800000,190000.0,2003,0,0,1
3611,Toyota C-HR,бензин,вариатор,1700000,110000.0,2018,0,0,1
3612,Toyota Allion,бензин,вариатор,1410000,120000.0,2017,0,0,1
3613,Toyota Harrier,бензин,вариатор,2800000,88000.0,2019,0,0,1
3614,Toyota Corolla Fielder,бензин,вариатор,800000,221816.0,2010,0,0,1
3615,Toyota Caldina,бензин,АКПП,270000,229755.0,1999,0,0,1
3616,Toyota Corolla Fielder,бензин,вариатор,970000,157000.0,2015,0,0,1
3617,Toyota Alphard,гибрид,вариатор,5690000,20000.0,2021,0,0,1
3618,Toyota Corolla Fielder,бензин,вариатор,740000,70000.0,2010,0,0,1
3619,Toyota Vitz,бензин,вариатор,620000,176000.0,2008,0,0,1
3620,Toyota Hilux Surf,бензин,АКПП,1350000,245000.0,2001,0,0,1
3621,Toyota Land Cruiser Cygnus,бензин,АКПП,2300000,86000.0,2000,0,0,1
3622,Toyota Progres,автомат,задний,1050000,260000.0,1990,0,0,1
3623,Toyota Corolla Fielder,бензин,вариатор,1365000,58000.0,2016,0,0,1
3624,Toyota Aqua,гибрид,вариатор,760000,196000.0,2012,0,0,1
3625,Toyota Wish,бензин,вариатор,1300000,111000.0,2009,0,0,1
3626,Toyota Corolla Spacio,бензин,АКПП,650000,320000.0,2001,0,0,1
3627,Toyota Cresta,бензин,АКПП,550000,140000.0,1998,0,0,1
3628,Toyota Hilux,дизель,механика,4500000,165000.0,2016,0,0,1
3629,Toyota Esquire,бензин,вариатор,3190000,122000.0,2018,0,0,1
3630,Toyota Corolla,гибрид,вариатор,2100000,130000.0,2019,0,0,1
3631,Toyota Allion,бензин,АКПП,950000,150000.0,2004,0,0,1
3632,Toyota Prius Alpha,гибрид,вариатор,1219000,172000.0,2013,0,0,1
3633,Toyota Crown,гибрид,вариатор,2950000,170000.0,2017,0,0,1
3634,Toyota Town Ace Noah,дизель,АКПП,600000,188000.0,1998,0,0,1
3635,Toyota Prius,гибрид,вариатор,1250000,177000.0,2013,0,0,1
3636,Toyota Fortuner,бензин,АКПП,3850000,61000.0,2018,0,0,1
3637,Toyota Sienta,бензин,вариатор,1260000,93483.0,2019,0,0,1
3638,Toyota Ractis,бензин,вариатор,670000,158000.0,2008,0,0,1
3639,Toyota Land Cruiser Prado,бензин,АКПП,3100000,125000.0,2010,0,0,1
3640,Toyota Vitz,бензин,вариатор,880000,94000.0,2016,0,0,1
3641,Toyota C-HR,бензин,вариатор,1800000,47000.0,2019,0,0,1
3642,Toyota RAV4,бензин,вариатор,1375000,250000.0,2006,0,0,1
3643,Toyota Land Cruiser,дизель,АКПП,6499000,209000.0,2017,0,0,1
3644,Toyota Voxy,гибрид,вариатор,1850000,190000.0,2014,0,0,1
3645,Toyota Crown,бензин,АКПП,700000,220000.0,1995,0,0,1
3646,Toyota Ractis,бензин,вариатор,800000,153000.0,2011,0,0,1
3647,Toyota Allion,бензин,вариатор,1050000,138000.0,2008,0,0,1
3648,Toyota Sequoia,бензин,АКПП,5900000,111111.0,2015,0,0,1
3649,Toyota Carina,бензин,АКПП,250000,253000.0,1992,0,0,1
3650,Toyota Harrier,бензин,вариатор,2270000,135000.0,2017,0,0,1
3651,Toyota ist,бензин,АКПП,420000,307591.0,2005,0,0,1
3652,Toyota Aristo,бензин,АКПП,600000,200000.0,1997,0,0,1
3653,Toyota Hilux Surf,дизель,АКПП,1599000,215000.0,1992,0,0,1
3654,Toyota Corolla Axio,бензин,вариатор,1400000,31000.0,2019,0,0,1
3655,Toyota Caldina,бензин,АКПП,200000,240000.0,2000,0,0,1
3656,Toyota Noah,бензин,вариатор,1100000,178000.0,2007,0,0,1
3657,Toyota Crown,бензин,АКПП,1700000,138000.0,2010,0,0,1
3658,Toyota Alphard,гибрид,вариатор,2510000,186000.0,2012,0,0,1
3659,Toyota RAV4,бензин,вариатор,2930000,32000.0,2019,0,0,1
3660,Toyota Mark II,бензин,АКПП,550000,200000.0,1999,0,0,1
3661,Toyota Corona Premio,бензин,АКПП,375000,200000.0,1997,0,0,1
3662,Toyota Raum,бензин,АКПП,365000,190000.0,2000,0,0,1
3663,Toyota Cresta,бензин,АКПП,420000,200000.0,1994,0,0,1
3664,Toyota Funcargo,бензин,АКПП,400000,200000.0,2000,0,0,1
3665,Toyota Hiace,дизель,АКПП,660000,200000.0,1995,0,0,1
3666,Toyota Corona Premio,бензин,АКПП,470000,190000.0,1998,0,0,1
3667,Toyota Mark II,бензин,АКПП,600000,200000.0,1996,0,0,1
3668,Toyota Prius,гибрид,вариатор,700000,180000.0,2007,0,0,1
3669,Toyota Corolla,бензин,механика,210000,200000.0,1990,0,0,1
3670,Toyota Kluger V,бензин,АКПП,1000000,180000.0,2001,0,0,1
3671,Toyota Carina,бензин,АКПП,320000,200000.0,1993,0,0,1
3672,Toyota Carina,бензин,АКПП,250000,200000.0,1991,0,0,1
3673,Toyota Mark II,бензин,АКПП,620000,200000.0,1998,0,0,1
3674,Toyota Harrier,бензин,АКПП,950000,182000.0,2001,0,0,1
3675,Toyota Tundra,бензин,АКПП,4200000,300000.0,2012,0,0,1
3676,Toyota Land Cruiser,бензин,АКПП,8050000,97000.0,2019,0,0,1
3677,Toyota Harrier,бензин,вариатор,3050000,61000.0,2018,0,0,1
3678,Toyota RAV4,бензин,АКПП,800000,215.0,2003,0,0,1
3679,Toyota Aqua,гибрид,вариатор,885000,156500.0,2015,0,0,1
3680,Toyota Corolla Rumion,бензин,вариатор,1050000,107600.0,2010,0,0,1
3681,Toyota Allion,бензин,вариатор,1700000,52000.0,2020,0,0,1
3682,Toyota Hilux Surf,бензин,АКПП,1220000,276000.0,1999,0,0,1
3683,Toyota Lite Ace,бензин,АКПП,730000,186000.0,2008,0,0,1
3684,Toyota C-HR,гибрид,вариатор,2355000,75300.0,2019,0,0,1
3685,Toyota Harrier,бензин,АКПП,1650000,225000.0,2009,0,0,1
3686,Toyota Corolla Fielder,гибрид,вариатор,1250000,289716.0,2015,0,0,1
3687,Toyota Estima,бензин,вариатор,1450000,240000.0,2006,0,0,1
3688,Toyota Crown,бензин,АКПП,650000,223000.0,1997,0,0,1
3689,Toyota Corolla Axio,бензин,вариатор,850000,247680.0,2012,0,0,1
3690,Toyota Corolla,бензин,АКПП,425000,205000.0,1998,0,0,1
3691,Toyota Caldina,дизель,АКПП,265000,320000.0,1998,0,0,1
3692,Toyota Auris,бензин,вариатор,1150000,84500.0,2014,0,0,1
3693,Toyota Vitz,бензин,вариатор,600000,223298.0,2013,0,0,1
3694,Toyota Probox,бензин,вариатор,1250000,54000.0,2022,0,0,1
3695,Toyota RAV4,бензин,вариатор,2400000,86000.0,2018,0,0,1
3696,Toyota RAV4,бензин,АКПП,675000,220000.0,2000,0,0,1
3697,Toyota Ipsum,бензин,АКПП,505000,215000.0,1998,0,0,1
3698,Toyota Aqua,гибрид,вариатор,850000,10000.0,2014,0,0,1
3699,Toyota Corolla,бензин,механика,200000,342500.0,1993,0,0,1
3700,Toyota Rush,бензин,АКПП,999999,130000.0,2009,0,0,1
3701,Toyota Land Cruiser Prado,дизель,АКПП,1200000,250000.0,1998,0,0,1
3702,Toyota Camry Gracia,бензин,АКПП,505000,253000.0,1999,0,0,1
3703,Toyota Raum,бензин,АКПП,325000,198000.0,1997,0,0,1
3704,Toyota Succeed,бензин,вариатор,1300000,48029.0,2020,0,0,1
3705,Toyota Corolla Fielder,бензин,механика,1400000,125000.0,2019,0,0,1
3706,Toyota Allion,бензин,вариатор,1200000,78000.0,2010,0,0,1
3707,Toyota Auris,бензин,вариатор,950000,135000.0,2010,0,0,1
3708,Toyota Harrier,бензин,АКПП,1380000,220000.0,2003,0,0,1
3709,Toyota Vanguard,бензин,вариатор,1750000,110000.0,2012,0,0,1
3710,Toyota Yaris,бензин,вариатор,1350000,58000.0,2020,0,0,1
3711,Toyota Land Cruiser Prado,дизель,АКПП,1500000,250000.0,2000,0,0,1
3712,Toyota Allion,бензин,вариатор,925000,176000.0,2007,0,0,1
3713,Toyota Cresta,бензин,АКПП,550000,270000.0,1995,0,0,1
3714,Toyota Corolla Fielder,гибрид,вариатор,1165000,162000.0,2017,0,0,1
3715,Toyota Land Cruiser,дизель,АКПП,13777777,3877.0,2016,0,0,1
3716,Toyota RAV4,бензин,вариатор,1998000,99000.0,2013,0,0,1
3717,Toyota Chaser,бензин,АКПП,430000,100000.0,1999,0,0,1
3718,Toyota Caldina,бензин,АКПП,750000,200000.0,2004,0,0,1
3719,Toyota Land Cruiser Prado,бензин,АКПП,3350000,123000.0,2014,0,0,1
3720,Toyota Opa,бензин,АКПП,510000,232000.0,2003,0,0,1
3721,Toyota Land Cruiser,дизель,АКПП,10000000,90000.0,2021,0,0,1
3722,Toyota Harrier,бензин,вариатор,3150000,46700.0,2019,0,0,1
3723,Toyota Passo Sette,бензин,АКПП,685000,1000.0,2008,0,0,1
3724,Toyota Isis,бензин,АКПП,760000,260000.0,2006,0,0,1
3725,Toyota Cresta,бензин,механика,800000,200000.0,1993,0,0,1
3726,Toyota ist,бензин,АКПП,500000,250000.0,2003,0,0,1
3727,Toyota Aqua,гибрид,автомат,1130000,97000.0,2017,0,0,1
3728,Toyota Prius,гибрид,вариатор,980000,36000.0,2006,0,0,1
3729,Toyota Cresta,бензин,АКПП,435000,265000.0,1993,0,0,1
3730,Toyota Camry,бензин,механика,75000,90000.0,1986,0,0,1
3731,Toyota Wish,бензин,вариатор,1210000,139000.0,2009,0,0,1
3732,Toyota Allion,бензин,вариатор,1230000,142000.0,2010,0,0,1
3733,Toyota Allion,бензин,вариатор,1200000,116700.0,2009,0,0,1
3734,Toyota Wish,бензин,АКПП,790000,200000.0,2003,0,0,1
3735,Toyota Wish,бензин,вариатор,1450000,158000.0,2012,0,0,1
3736,Toyota Town Ace,дизель,АКПП,400000,290000.0,2000,0,0,1
3737,Toyota Land Cruiser Prado,бензин,АКПП,4350000,51000.0,2018,0,0,1
3738,Toyota Vitz,бензин,вариатор,765000,122000.0,2011,0,0,1
3739,Toyota Corolla Fielder,бензин,АКПП,470000,330000.0,2001,0,0,1
3740,Toyota Land Cruiser,дизель,АКПП,6500000,142000.0,2016,0,0,1
3741,Toyota Prius Alpha,гибрид,вариатор,900000,208114.0,2011,0,0,1
3742,Toyota Esquire,гибрид,вариатор,2300000,120000.0,2017,0,0,1
3743,Toyota Carina,бензин,АКПП,700000,443147.0,2001,0,0,1
3744,Toyota Mark II,бензин,АКПП,950000,128000.0,2003,0,0,1
3745,Toyota Duet,бензин,АКПП,240000,204365.0,2002,0,0,1
3746,Toyota Land Cruiser Prado,бензин,АКПП,2600000,240000.0,2010,0,0,1
3747,Toyota Raum,бензин,АКПП,310000,150000.0,2005,0,0,1
3748,Toyota Wish,бензин,вариатор,1100000,182000.0,2009,0,0,1
3749,Toyota Aqua,гибрид,вариатор,1500000,75000.0,2016,0,0,1
3750,Toyota Chaser,бензин,АКПП,550000,389000.0,1996,0,0,1
3751,Toyota Chaser,бензин,механика,435000,400000.0,1989,0,0,1
3752,Toyota Prius Alpha,гибрид,вариатор,1280000,161000.0,2014,0,0,1
3753,Toyota Aristo,бензин,АКПП,1600000,97000.0,2003,0,0,1
3754,Toyota Allion,бензин,вариатор,1450000,138725.0,2012,0,0,1
3755,Toyota C-HR,гибрид,вариатор,2050000,135000.0,2017,0,0,1
3756,Toyota Land Cruiser,дизель,АКПП,7350000,99000.0,2016,0,0,1
3757,Toyota Land Cruiser,дизель,АКПП,5900000,195000.0,2016,0,0,1
3758,Toyota Vellfire,бензин,вариатор,2300000,166000.0,2010,0,0,1
3759,Toyota Prius,гибрид,вариатор,370000,50000.0,1999,0,0,1
3760,Toyota Hilux,дизель,механика,1300000,243000.0,1990,0,0,1
3761,Toyota Corolla Axio,бензин,вариатор,650000,220000.0,2009,0,0,1
3762,Toyota ist,бензин,АКПП,520000,201000.0,2005,0,0,1
3763,Toyota Camry,бензин,АКПП,3000000,80000.0,2018,0,0,1
3764,Toyota Premio,бензин,вариатор,1100000,200000.0,2009,0,0,1
3765,Toyota Wish,бензин,вариатор,1100000,207000.0,2009,0,0,1
3766,Toyota Corolla Fielder,бензин,вариатор,1229000,162000.0,2017,0,0,1
3767,Toyota Corolla,бензин,вариатор,1680000,99675.0,2021,0,0,1
3768,Toyota Allion,бензин,вариатор,1200000,147000.0,2010,0,0,1
3769,Toyota Prius,гибрид,вариатор,1000000,184000.0,2010,0,0,1
3770,Toyota Roomy,бензин,вариатор,1000000,91000.0,2019,0,0,1
3771,Toyota Mark II,бензин,автомат,790000,220000.0,1993,0,0,1
3772,Toyota Prius,гибрид,вариатор,710000,299000.0,2008,0,0,1
3773,Toyota Vitz,бензин,вариатор,650000,95000.0,2012,0,0,1
3774,Toyota Corolla Rumion,бензин,вариатор,1150000,165000.0,2010,0,0,1
3775,Toyota Corolla Levin,бензин,механика,600000,300000.0,1991,0,0,1
3776,Toyota Mark II,бензин,автомат,380000,235000.0,1997,0,0,1
3777,Toyota RAV4,бензин,АКПП,699000,190000.0,2000,0,0,1
3778,Toyota Probox,бензин,вариатор,900000,120000.0,2016,0,0,1
3779,Toyota Harrier,гибрид,вариатор,3350000,71000.0,2017,0,0,1
3780,Toyota Progres,бензин,автомат,1100000,150000.0,1992,0,0,1
3781,Toyota Ractis,бензин,вариатор,600000,200000.0,2006,0,0,1
3782,Toyota Allion,бензин,вариатор,2200000,96000.0,2018,0,0,1
3783,Toyota Aristo,бензин,АКПП,900000,120000.0,2000,0,0,1
3784,Toyota Land Cruiser,бензин,АКПП,2500000,290000.0,2006,0,0,1
3785,Toyota Sienta,бензин,вариатор,1150000,161978.0,2015,0,0,1
3786,Toyota Wish,бензин,вариатор,1199999,200000.0,2012,0,0,1
3787,Toyota Crown,бензин,АКПП,300000,360000.0,1992,0,0,1
3788,Toyota RAV4,бензин,АКПП,2350000,185000.0,2016,0,0,1
3789,Toyota Crown,бензин,АКПП,300000,,1992,0,0,1
3790,Toyota ist,бензин,АКПП,485000,190000.0,2003,0,0,1
3791,Toyota Vista Ardeo,бензин,АКПП,444000,290000.0,2000,0,0,1
3792,Toyota Ractis,бензин,вариатор,865000,127000.0,2011,0,0,1
3793,Toyota Harrier,гибрид,вариатор,4075000,40691.0,2021,0,1,0
3794,Toyota Voxy,бензин,вариатор,3550000,28751.0,2022,0,1,0
3795,Toyota Noah,бензин,вариатор,2690000,114801.0,2021,0,1,0
3796,Toyota Ractis,бензин,АКПП,405000,250000.0,2009,0,1,0
3797,Toyota Harrier,гибрид,вариатор,4350000,33000.0,2021,0,1,0
3798,Toyota Harrier,гибрид,вариатор,4400000,21000.0,2022,0,1,0
3799,Toyota Corolla Fielder,бензин,вариатор,1150000,255000.0,2015,0,1,0
3800,Toyota Camry,бензин,АКПП,1700000,273000.0,2012,0,1,0
3801,Toyota Caldina,дизель,механика,350000,340985.0,1996,0,1,0
3802,Toyota Corolla,бензин,АКПП,355000,400000.0,2000,0,1,0
3803,Toyota Lite Ace,бензин,АКПП,1595000,142000.0,2017,0,1,0
3804,Toyota Hiace Regius,бензин,автомат,650000,298576.0,1992,0,1,0
3805,Toyota Harrier,гибрид,вариатор,4450000,44500.0,2021,0,1,0
3806,Toyota Harrier,гибрид,вариатор,4750000,28940.0,2022,0,1,0
3807,Toyota Corona Premio,бензин,механика,400000,200.0,1996,0,1,0
3808,Toyota Passo,бензин,вариатор,520000,91000.0,2012,0,1,0
3809,Toyota Land Cruiser,бензин,АКПП,12000000,,2024,0,1,0
3810,Toyota Vitz,бензин,автомат,920000,140000.0,2017,0,1,0
3811,Toyota Land Cruiser,бензин,АКПП,2550000,300000.0,2007,0,1,0
3812,Toyota Esquire,бензин,вариатор,2265000,104000.0,2021,0,1,0
3813,Toyota Ipsum,бензин,АКПП,560000,253000.0,2001,0,1,0
3814,Toyota Porte,бензин,АКПП,410000,184000.0,2009,0,1,0
3815,Toyota Crown,гибрид,вариатор,4950000,30000.0,2024,0,1,0
3816,Toyota Corolla Fielder,гибрид,вариатор,1080000,169831.0,2017,0,1,0
3817,Toyota Tundra,бензин,АКПП,7490000,47305.0,2020,0,1,0
3818,Toyota Land Cruiser Prado,бензин,АКПП,4500000,183000.0,2018,0,1,0
3819,Toyota Esquire,бензин,вариатор,1585000,101000.0,2016,0,1,0
3820,Toyota Yaris Cross,бензин,вариатор,2100000,24000.0,2021,0,1,0
3821,Toyota Voxy,бензин,вариатор,3400000,12300.0,2022,0,1,0
3822,Toyota Aqua,гибрид,вариатор,1150000,127355.0,2015,0,1,0
3823,Toyota Land Cruiser,дизель,АКПП,9600000,80000.0,2021,0,1,0
3824,Toyota Land Cruiser,дизель,АКПП,2650000,299135.0,1989,0,1,0
3825,Toyota Land Cruiser Prado,дизель,АКПП,5100000,61600.0,2021,0,1,0
3826,Toyota Prius Alpha,гибрид,вариатор,1160000,115000.0,2014,0,1,0
3827,Toyota Land Cruiser Prado,бензин,АКПП,2950000,200092.0,2009,0,1,0
3828,Toyota Vitz,бензин,вариатор,790000,27000.0,2019,0,1,0
3829,Toyota Vitz,бензин,вариатор,680000,73000.0,2016,0,1,0
3830,Toyota Pixis Van,бензин,АКПП,810000,119000.0,2019,0,1,0
3831,Toyota Hilux Surf,дизель,АКПП,1350000,250000.0,1998,0,1,0
3832,Toyota Vitz,бензин,вариатор,790000,37000.0,2017,0,1,0
3833,Toyota Isis,бензин,вариатор,960000,128000.0,2010,0,1,0
3834,Toyota Corolla Axio,бензин,вариатор,815000,105000.0,2009,0,1,0
3835,Toyota C-HR,бензин,вариатор,1600000,83000.0,2018,0,1,0
3836,Toyota Vitz,бензин,вариатор,745000,111000.0,2015,0,1,0
3837,Toyota Succeed,бензин,вариатор,970000,128000.0,2018,0,1,0
3838,Toyota Izoa,электро,АКПП,2340000,47000.0,2020,0,1,0
3839,Toyota Corolla,гибрид,вариатор,1590000,232000.0,2020,0,1,0
3840,Toyota Land Cruiser Prado,дизель,АКПП,6130000,32000.0,2020,0,1,0
3841,Toyota Vitz,бензин,вариатор,930000,98000.0,2017,0,1,0
3842,Toyota Land Cruiser,дизель,АКПП,4665000,189000.0,2016,0,1,0
3843,Toyota Aqua,гибрид,вариатор,890000,99000.0,2016,0,1,0
3844,Toyota Hilux,дизель,АКПП,4000000,120000.0,2018,0,1,0
3845,Toyota Corolla Rumion,бензин,вариатор,635000,146000.0,2014,0,1,0
3846,Toyota Prius,гибрид,вариатор,820000,316000.0,2009,0,1,0
3847,Toyota Land Cruiser,бензин,АКПП,5350000,309000.0,2015,0,1,0
3848,Toyota C-HR,бензин,вариатор,1980000,64000.0,2017,0,1,0
3849,Toyota ist,бензин,вариатор,630000,286000.0,2009,0,1,0
3850,Toyota Land Cruiser Prado,бензин,АКПП,2290000,320000.0,2002,0,1,0
3851,Toyota Aqua,гибрид,вариатор,860000,160000.0,2014,0,1,0
3852,Toyota Allion,бензин,вариатор,1990000,34500.0,2018,0,1,0
3853,Toyota Allion,бензин,вариатор,1990000,34500.0,2018,0,1,0
3854,Toyota Aqua,гибрид,вариатор,1170000,24000.0,2018,0,1,0
3855,Toyota Sienta,бензин,вариатор,1350000,83563.0,2017,0,1,0
3856,Toyota Land Cruiser Prado,дизель,АКПП,1350000,276000.0,1995,0,1,0
3857,Toyota C-HR,бензин,вариатор,1800000,88716.0,2019,0,1,0
3858,Toyota Corolla,бензин,вариатор,1750000,73000.0,2020,0,1,0
3859,Toyota Corolla Fielder,бензин,вариатор,1085000,100000.0,2014,0,1,0
3860,Toyota RAV4,бензин,вариатор,2150000,75800.0,2016,0,1,0
3861,Toyota Land Cruiser Prado,дизель,АКПП,5600000,69000.0,2020,0,1,0
3862,Toyota Prius Alpha,гибрид,вариатор,1500000,215000.0,2015,0,1,0
3863,Toyota RAV4,гибрид,вариатор,3080000,145000.0,2019,0,1,0
3864,Toyota Carina,дизель,АКПП,310000,184924.0,1993,0,1,0
3865,Toyota Ractis,бензин,вариатор,690000,198000.0,2012,0,1,0
3866,Toyota Corolla Axio,бензин,вариатор,550000,250000.0,2008,0,1,0
3867,Toyota Corolla,бензин,АКПП,315000,135000.0,2000,0,1,0
3868,Toyota Hilux Surf,бензин,АКПП,2100000,246000.0,2008,0,1,0
3869,Toyota Funcargo,бензин,АКПП,380000,80000.0,2003,0,1,0
3870,Toyota Porte,бензин,АКПП,329000,161000.0,2005,0,1,0
3871,Toyota RAV4,бензин,вариатор,4155000,,2024,0,1,0
3872,Toyota Passo,бензин,вариатор,675000,66000.0,2010,0,1,0
3873,Toyota Premio,бензин,вариатор,1700000,59800.0,2018,0,1,0
3874,Toyota Sprinter Marino,бензин,автомат,165000,210000.0,1993,0,1,0
3875,Toyota Allex,бензин,АКПП,125000,150000.0,2001,0,1,0
3876,Toyota Crown,бензин,АКПП,270000,180000.0,1992,0,1,0
3877,Toyota Corolla Axio,бензин,вариатор,570000,180000.0,2009,0,1,0
3878,Toyota Rush,бензин,АКПП,880000,112000.0,2009,0,1,0
3879,Toyota Wish,бензин,АКПП,495000,130000.0,2007,0,1,0
3880,Toyota Isis,бензин,вариатор,800000,217000.0,2006,0,1,0
3881,Toyota C-HR,бензин,вариатор,1650000,50000.0,2016,0,1,0
3882,Toyota Camry,бензин,АКПП,3348000,19000.0,2022,0,1,0
3883,Toyota Land Cruiser Prado,дизель,АКПП,3450000,141000.0,2016,0,1,0
3884,Toyota Allex,бензин,АКПП,380000,162912.0,2001,0,1,0
3885,Toyota Probox,бензин,АКПП,560000,128000.0,2008,0,1,0
3886,Toyota Probox,бензин,АКПП,430000,253000.0,2006,0,1,0
3887,Toyota Town Ace Noah,дизель,АКПП,420000,326450.0,1998,0,1,0
3888,Toyota Prius,гибрид,вариатор,1030000,258000.0,2014,0,1,0
3889,Toyota Ipsum,бензин,АКПП,550000,275000.0,1999,0,1,0
3890,Toyota Noah,бензин,автомат,1885000,117000.0,2015,0,1,0
3891,Toyota Corona,бензин,АКПП,600000,92000.0,1991,0,1,0
3892,Toyota RAV4,бензин,вариатор,3100000,58000.0,2019,0,1,0
3893,Toyota Prius,гибрид,вариатор,1255000,134000.0,2013,0,1,0
3894,Toyota Isis,бензин,вариатор,1345000,120000.0,2011,0,1,0
3895,Toyota Venza,гибрид,вариатор,4700000,39000.0,2021,0,1,0
3896,Toyota Yaris Cross,бензин,вариатор,1750000,69000.0,2022,0,1,0
3897,Toyota Land Cruiser,дизель,АКПП,10500000,20493.0,2019,0,1,0
3898,Toyota Allion,бензин,АКПП,580000,221795.0,2004,0,1,0
3899,Toyota Crown Kluger,гибрид,вариатор,4850000,30000.0,2021,0,1,0
3900,Toyota Corona Premio,бензин,АКПП,620000,210000.0,1998,0,1,0
3901,Toyota Corolla,гибрид,вариатор,2380000,33000.0,2020,0,1,0
3902,Toyota Land Cruiser,дизель,АКПП,8888888,112000.0,2016,0,1,0
3903,Toyota Corolla Fielder,бензин,вариатор,870000,123867.0,2010,0,1,0
3904,Toyota Land Cruiser Prado,дизель,АКПП,1500000,250000.0,1994,0,1,0
3905,Toyota Prius,гибрид,вариатор,650000,160150.0,2008,0,1,0
3906,Toyota Land Cruiser,дизель,АКПП,4495000,251000.0,2014,0,1,0
3907,Toyota Yaris Cross,бензин,вариатор,1985000,37000.0,2020,0,1,0
3908,Toyota Corolla Axio,бензин,вариатор,900000,87500.0,2013,0,1,0
3909,Toyota Prius,гибрид,вариатор,1654000,178000.0,2020,0,1,0
3910,Toyota Highlander,бензин,АКПП,3050000,145000.0,2014,0,1,0
3911,Toyota Aqua,гибрид,вариатор,665000,156000.0,2013,0,1,0
3912,Toyota Harrier,гибрид,вариатор,2350000,185000.0,2014,0,1,0
3913,Toyota Vitz,бензин,вариатор,830000,150445.0,2016,0,1,0
3914,Toyota Sienta,бензин,вариатор,1499000,21000.0,2021,0,1,0
3915,Toyota Allex,бензин,АКПП,499000,317600.0,2002,0,1,0
3916,Toyota Ipsum,бензин,АКПП,705000,256672.0,2005,0,1,0
3917,Toyota Hilux,бензин,АКПП,2800000,197916.0,2012,0,1,0
3918,Toyota Vanguard,бензин,вариатор,1200000,180300.0,2008,0,1,0
3919,Toyota Vitz,бензин,вариатор,590000,219000.0,2008,0,1,0
3920,Toyota Aqua,гибрид,вариатор,1000000,92000.0,2015,0,1,0
3921,Toyota Prius,гибрид,вариатор,1049000,131000.0,2010,0,1,0
3922,Toyota Alphard,бензин,вариатор,2250000,240000.0,2008,0,1,0
3923,Toyota Probox,бензин,АКПП,275000,230936.0,2006,0,1,0
3924,Toyota Land Cruiser,дизель,АКПП,1500000,520000.0,1998,0,1,0
3925,Toyota Camry,гибрид,вариатор,2740000,105500.0,2018,0,1,0
3926,Toyota Vitz,гибрид,вариатор,785000,166000.0,2017,0,1,0
3927,Toyota Succeed,бензин,вариатор,1200000,176000.0,2017,0,1,0
3928,Toyota Vitz,бензин,вариатор,1130000,111267.0,2015,0,1,0
3929,Toyota Passo,бензин,вариатор,850000,82000.0,2016,0,1,0
3930,Toyota C-HR,гибрид,вариатор,2000000,122000.0,2018,0,1,0
3931,Toyota Raum,бензин,АКПП,560000,226000.0,2007,0,1,0
3932,Toyota Harrier,гибрид,вариатор,2950000,140000.0,2018,0,1,0
3933,Toyota Corolla,бензин,АКПП,600000,332.0,2004,0,1,0
3934,Toyota Premio,бензин,вариатор,1190000,218500.0,2010,0,1,0
3935,Toyota Corolla Axio,бензин,вариатор,780000,190000.0,2010,0,1,0
3936,Toyota Sprinter,бензин,АКПП,155000,238000.0,1989,0,1,0
3937,Toyota Corolla,бензин,АКПП,320000,292000.0,2003,0,1,0
3938,Toyota Hiace,дизель,автомат,350000,287000.0,2000,0,1,0
3939,Toyota Vellfire,бензин,вариатор,1650000,186000.0,2009,0,1,0
3940,Toyota Sai,гибрид,вариатор,1380000,151000.0,2010,0,1,0
3941,Toyota Prius,гибрид,вариатор,1130000,200412.0,2014,0,1,0
3942,Toyota RAV4,бензин,вариатор,4000000,31000.0,2021,0,1,0
3943,Toyota Prius Alpha,гибрид,вариатор,1500000,128000.0,2015,0,1,0
3944,Toyota Crown,бензин,АКПП,800000,320000.0,2005,0,1,0
3945,Toyota Aqua,гибрид,вариатор,925000,98888.0,2016,0,1,0
3946,Toyota Windom,бензин,АКПП,800000,350000.0,2003,0,1,0
3947,Toyota Corolla Fielder,гибрид,вариатор,850000,276000.0,2014,0,1,0
3948,Toyota Wish,бензин,вариатор,980000,210000.0,2010,0,1,0
3949,Toyota Land Cruiser Prado,бензин,АКПП,2300000,160000.0,2008,0,1,0
3950,Toyota Hiace,дизель,АКПП,500000,265000.0,1996,0,1,0
3951,Toyota Caldina,бензин,АКПП,390000,200000.0,2002,0,1,0
3952,Toyota Blade,бензин,вариатор,1050000,320000.0,2006,0,1,0
3953,Toyota RAV4,бензин,вариатор,1700000,200000.0,2014,0,1,0
3954,Toyota RAV4,бензин,АКПП,1700000,155306.0,2011,0,1,0
3955,Toyota Corolla,бензин,механика,220000,450000.0,1991,0,1,0
3956,Toyota RAV4,бензин,вариатор,1350000,163321.0,2011,0,1,0
3957,Toyota Vitz,гибрид,вариатор,930000,192000.0,2017,0,1,0
3958,Toyota Ractis,бензин,вариатор,580000,180000.0,2005,0,1,0
3959,Toyota Mark II,бензин,механика,1400000,200000.0,1993,0,1,0
3960,Toyota Tank,бензин,вариатор,749000,137000.0,2017,0,1,0
3961,Toyota Noah,гибрид,вариатор,2150000,65000.0,2018,0,1,0
3962,Toyota Vanguard,бензин,вариатор,1200000,235000.0,2009,0,1,0
3963,Toyota Mark X Zio,бензин,вариатор,930000,219000.0,2008,0,1,0
3964,Toyota C-HR,бензин,вариатор,2000000,83712.0,2017,0,1,0
3965,Toyota Corolla Fielder,бензин,вариатор,1350000,110000.0,2015,0,1,0
3966,Toyota Corolla Fielder,бензин,вариатор,1155000,177000.0,2015,0,1,0
3967,Toyota Corolla Axio,бензин,вариатор,960000,160000.0,2014,0,1,0
3968,Toyota Corolla,бензин,вариатор,1800000,92500.0,2020,0,1,0
3969,Toyota Lite Ace,дизель,АКПП,240000,285250.0,1991,0,1,0
3970,Toyota Vitz,бензин,вариатор,849000,96000.0,2019,0,1,0
3971,Toyota Corolla II,бензин,механика,200000,230000.0,1993,0,1,0
3972,Toyota Harrier,гибрид,вариатор,2580000,169000.0,2016,0,1,0
3973,Toyota Passo,бензин,АКПП,300000,247000.0,2004,0,1,0
3974,Toyota Hilux Surf,бензин,АКПП,2330000,168000.0,2002,0,1,0
3975,Toyota Passo,бензин,вариатор,490000,214000.0,2010,0,1,0
3976,Toyota Ractis,бензин,вариатор,620000,178000.0,2009,0,1,0
3977,Toyota Land Cruiser Prado,бензин,АКПП,1850000,410000.0,1998,0,1,0
3978,Toyota Premio,бензин,вариатор,820000,230000.0,2008,0,1,0
3979,Toyota Ractis,бензин,вариатор,650000,167000.0,2008,0,1,0
3980,Toyota Land Cruiser Prado,бензин,АКПП,3100000,157500.0,2009,0,1,0
3981,Toyota Harrier,бензин,вариатор,2450000,98000.0,2016,0,1,0
3982,Toyota Ipsum,бензин,АКПП,520000,250000.0,1998,0,1,0
3983,Toyota Crown,бензин,АКПП,2100000,256666.0,2011,0,1,0
3984,Toyota Succeed,бензин,АКПП,820000,203000.0,2013,0,1,0
3985,Toyota Auris,бензин,вариатор,770000,270000.0,2010,0,1,0
3986,Toyota Harrier,гибрид,вариатор,3450000,65000.0,2018,0,1,0
3987,Toyota Mark X,бензин,АКПП,2500000,110000.0,2019,0,1,0
3988,Toyota C-HR,бензин,вариатор,2000000,102000.0,2020,0,1,0
3989,Toyota Ractis,бензин,вариатор,840000,105000.0,2011,0,1,0
3990,Toyota RAV4,бензин,АКПП,2800000,168600.0,2019,0,1,0
3991,Toyota Mark X,бензин,АКПП,1200000,150000.0,2008,0,1,0
3992,Toyota Ipsum,бензин,АКПП,450000,197000.0,1999,0,1,0
3993,Toyota Mark II,бензин,АКПП,680000,325690.0,1999,0,1,0
3994,Toyota Prius,гибрид,вариатор,950000,230000.0,2010,0,1,0
3995,Toyota 4Runner,бензин,АКПП,3600000,136000.0,2011,0,1,0
3996,Toyota Land Cruiser Prado,бензин,АКПП,3580000,101000.0,2017,0,1,0
3997,Toyota Corolla Fielder,бензин,вариатор,1650000,138000.0,2018,0,1,0
3998,Toyota Lite Ace Noah,дизель,АКПП,540000,192500.0,1996,0,1,0
3999,Toyota Prius,гибрид,вариатор,820000,188034.0,2011,0,1,0
4000,Toyota Voxy,гибрид,вариатор,1725000,285000.0,2015,0,1,0
4001,Toyota Prius,гибрид,вариатор,930000,234700.0,2010,0,1,0
4002,Toyota Allion,бензин,АКПП,710000,274000.0,2003,0,1,0
4003,Toyota Prius,гибрид,вариатор,1000000,318219.0,2011,0,1,0
4004,Toyota RAV4,бензин,вариатор,3100000,65500.0,2019,0,1,0
4005,Toyota Aristo,бензин,АКПП,999999,240000.0,2003,0,1,0
4006,Toyota Allion,бензин,вариатор,900000,201600.0,2007,0,1,0
4007,Toyota Noah,бензин,вариатор,2350000,109000.0,2017,0,1,0
4008,Toyota C-HR,бензин,вариатор,1700000,105000.0,2020,0,1,0
4009,Toyota Noah,бензин,вариатор,1550000,240000.0,2013,0,1,0
4010,Toyota Windom,бензин,автомат,650000,299000.0,1991,0,1,0
4011,Toyota Corolla Fielder,гибрид,вариатор,1200000,173000.0,2017,0,1,0
4012,Toyota Harrier,бензин,АКПП,2515000,56850.0,2017,0,1,0
4013,Toyota Passo,бензин,вариатор,550000,179000.0,2010,0,1,0
4014,Toyota Soarer,бензин,АКПП,1350000,25000.0,1991,0,1,0
4015,Toyota Prius,гибрид,вариатор,800000,200000.0,2009,0,1,0
4016,Toyota Auris,бензин,вариатор,800000,215000.0,2011,0,1,0
4017,Toyota Harrier,гибрид,вариатор,3200000,80000.0,2019,0,1,0
4018,Toyota Harrier,гибрид,вариатор,2550000,178600.0,2015,0,1,0
4019,Toyota Isis,бензин,вариатор,1100000,158000.0,2011,0,1,0
4020,Toyota Caldina,бензин,АКПП,350000,230000.0,2000,0,1,0
4021,Toyota Corona,бензин,механика,260000,250000.0,1991,0,1,0
4022,Toyota Camry,бензин,АКПП,1250000,250000.0,2013,0,1,0
4023,Toyota Vitz,бензин,вариатор,1350000,95000.0,2019,0,1,0
4024,Toyota Land Cruiser Prado,дизель,АКПП,1400000,292000.0,1998,0,1,0
4025,Toyota Corolla Fielder,гибрид,вариатор,1400000,100000.0,2015,0,1,0
4026,Toyota bB,бензин,АКПП,380000,338000.0,2005,0,1,0
4027,Toyota Camry,гибрид,вариатор,1700000,210000.0,2012,0,1,0
4028,Toyota Mark II,бензин,АКПП,600000,2.0,2000,0,1,0
4029,Toyota Land Cruiser Prado,бензин,АКПП,1700000,300000.0,2001,0,1,0
4030,Toyota Prius,гибрид,вариатор,465000,240000.0,2006,0,1,0
4031,Toyota Land Cruiser,бензин,АКПП,2050000,210000.0,1998,0,1,0
4032,Toyota Cresta,бензин,АКПП,340000,420000.0,1989,0,1,0
4033,Toyota Ipsum,бензин,АКПП,460000,354194.0,1998,0,1,0
4034,Toyota Vitz,бензин,вариатор,1050000,49735.0,2017,0,1,0
4035,Toyota Vitz,бензин,вариатор,675000,76000.0,2014,0,1,0
4036,Toyota Sienta,бензин,вариатор,1500000,113000.0,2017,0,1,0
4037,Toyota Premio,бензин,вариатор,980000,155505.0,2010,0,1,0
4038,Toyota Harrier,бензин,вариатор,4000000,14000.0,2022,0,1,0
4039,Toyota Prius Alpha,гибрид,вариатор,2000000,104000.0,2015,0,1,0
4040,Toyota Vitz,бензин,вариатор,580000,124000.0,2009,0,1,0
4041,Toyota Prius,гибрид,вариатор,1690000,100000.0,2018,0,1,0
4042,Toyota Land Cruiser Prado,дизель,АКПП,4000000,170000.0,2015,0,1,0
4043,Toyota Prius,гибрид,вариатор,855000,455000.0,2011,0,1,0
4044,Toyota RAV4,бензин,АКПП,3955000,77000.0,2021,0,1,0
4045,Toyota Hiace,дизель,автомат,970000,320000.0,2001,0,1,0
4046,Toyota Grand Hiace,бензин,АКПП,1150000,320000.0,2002,0,1,0
4047,Toyota Prius,гибрид,вариатор,850000,293000.0,2010,0,1,0
4048,Toyota RAV4,бензин,вариатор,3358000,63000.0,2020,0,1,0
4049,Toyota Land Cruiser Prado,дизель,АКПП,4800000,51000.0,2020,0,1,0
4050,Toyota ist,бензин,вариатор,270000,150000.0,2010,0,1,0
4051,Toyota Raum,бензин,АКПП,450000,160000.0,2003,0,1,0
4052,Toyota Chaser,бензин,АКПП,975000,281560.0,1997,0,1,0
4053,Toyota Aqua,гибрид,вариатор,580000,291000.0,2012,0,1,0
4054,Toyota Corolla,гибрид,вариатор,1925000,60000.0,2020,0,1,0
4055,Toyota Corolla Axio,бензин,вариатор,1275000,51000.0,2019,0,1,0
4056,Toyota Chaser,бензин,АКПП,450000,155111.0,1997,0,1,0
4057,Toyota Noah,бензин,вариатор,2699000,99361.0,2021,0,1,0
4058,Toyota Ipsum,бензин,АКПП,545000,195000.0,1998,0,1,0
4059,Toyota Hilux Surf,дизель,АКПП,930000,200000.0,1999,0,1,0
4060,Toyota Corolla Spacio,бензин,АКПП,410000,240000.0,1999,0,1,0
4061,Toyota Land Cruiser Prado,бензин,АКПП,5500000,60900.0,2022,0,1,0
4062,Toyota RAV4,бензин,вариатор,3300000,25100.0,2022,0,1,0
4063,Toyota Land Cruiser Prado,бензин,АКПП,4250000,58000.0,2020,0,1,0
4064,Toyota Yaris Cross,бензин,вариатор,1700000,22.0,2022,0,1,0
4065,Toyota Prius,гибрид,вариатор,1670000,181000.0,2016,0,1,0
4066,Toyota Mark II,дизель,механика,150000,307000.0,1987,0,1,0
4067,Toyota Yaris Cross,бензин,автомат,2100000,70000.0,2021,0,1,0
4068,Toyota Noah,бензин,вариатор,2290000,11575.0,2021,0,1,0
4069,Toyota Crown,гибрид,вариатор,2070000,111000.0,2016,0,1,0
4070,Toyota Harrier,бензин,АКПП,1190000,170000.0,2003,0,1,0
4071,Toyota Fortuner,дизель,АКПП,3950000,126000.0,2020,0,1,0
4072,Toyota Harrier,гибрид,вариатор,3900000,51000.0,2020,0,1,0
4073,Toyota ist,бензин,АКПП,425000,250000.0,2003,0,1,0
4074,Toyota Land Cruiser Prado,дизель,АКПП,5200000,125000.0,2020,0,1,0
4075,Toyota Corolla Axio,бензин,вариатор,820000,122100.0,2013,0,1,0
4076,Toyota Hilux,дизель,АКПП,5300000,9300.0,2024,0,1,0
4077,Toyota Probox,бензин,вариатор,909000,160000.0,2018,0,1,0
4078,Toyota RAV4,бензин,вариатор,3400000,8600.0,2022,0,1,0
4079,Toyota Vista,бензин,АКПП,300000,265.0,1993,0,1,0
4080,Toyota Sienta,бензин,вариатор,930000,125000.0,2016,0,1,0
4081,Toyota Crown,гибрид,вариатор,2700000,170000.0,2017,0,1,0
4082,Toyota Hiace,бензин,АКПП,7000000,,2025,0,1,0
4083,Toyota Pixis Joy,бензин,вариатор,465000,200000.0,2017,0,1,0
4084,Toyota Raize,бензин,вариатор,985000,150000.0,2021,0,1,0
4085,Toyota Harrier,гибрид,вариатор,2400000,108000.0,2015,0,1,0
4086,Toyota Corolla Axio,бензин,вариатор,730000,140500.0,2010,0,1,0
4087,Toyota RAV4,бензин,АКПП,200000,298000.0,2002,0,1,0
4088,Toyota Premio,бензин,вариатор,1525000,27000.0,2016,0,1,0
4089,Toyota Hiace,дизель,АКПП,800000,247700.0,1996,0,1,0
4090,Toyota RAV4,бензин,вариатор,3090000,65000.0,2021,0,1,0
4091,Toyota Funcargo,бензин,АКПП,295000,220522.0,2001,0,1,0
4092,Toyota Corolla Axio,бензин,механика,905000,153000.0,2015,0,1,0
4093,Toyota Corolla Fielder,бензин,вариатор,620000,186522.0,2007,0,1,0
4094,Toyota Corolla Axio,бензин,автомат,850000,170000.0,2016,0,1,0
4095,Toyota Noah,бензин,АКПП,699000,347442.0,2004,0,1,0
4096,Toyota Vitz,бензин,вариатор,790000,26000.0,2015,0,1,0
4097,Toyota Camry,гибрид,вариатор,2440000,221358.0,2017,0,1,0
4098,Toyota Caldina,бензин,АКПП,320000,155000.0,1996,0,1,0
4099,Toyota Vellfire,гибрид,автомат,7700000,12500.0,2024,0,1,0
4100,Toyota Wish,бензин,вариатор,1435000,96000.0,2016,0,1,0
4101,Toyota Land Cruiser Prado,бензин,АКПП,2100000,275000.0,2007,0,1,0
4102,Toyota ist,бензин,АКПП,345000,147000.0,2004,0,1,0
4103,Toyota Corolla Rumion,бензин,вариатор,750000,281130.0,2009,0,1,0
4104,Toyota Passo,бензин,вариатор,380000,220000.0,2014,0,1,0
4105,Toyota Corolla Fielder,бензин,вариатор,985000,129100.0,2013,0,1,0
4106,Toyota Crown,бензин,АКПП,420000,350000.0,1997,0,1,0
4107,Toyota Corolla Spacio,бензин,АКПП,550000,362000.0,2004,0,1,0
4108,Toyota Corolla,бензин,автомат,1475000,21000.0,2021,0,1,0
4109,Toyota Tundra,бензин,АКПП,7000000,17708.0,2021,0,1,0
4110,Toyota Ractis,бензин,вариатор,345000,250000.0,2009,0,1,0
4111,Toyota Noah,бензин,вариатор,2650000,103000.0,2017,0,1,0
4112,Toyota Noah,бензин,вариатор,2650000,103000.0,2017,0,1,0
4113,Toyota Yaris Cross,бензин,вариатор,1710000,20000.0,2021,0,1,0
4114,Toyota Corona,бензин,АКПП,130000,262000.0,1994,0,1,0
4115,Toyota Raize,бензин,вариатор,1249000,23000.0,2019,0,1,0
4116,Toyota Corolla,бензин,АКПП,590000,318000.0,2006,0,1,0
4117,Toyota Land Cruiser Prado,бензин,АКПП,1600000,280000.0,2002,0,1,0
4118,Toyota C-HR,бензин,вариатор,1850000,72000.0,2017,0,1,0
4119,Toyota Passo,бензин,вариатор,565000,77000.0,2012,0,1,0
4120,Toyota Voxy,бензин,вариатор,2150000,140000.0,2012,0,1,0
4121,Toyota Succeed,бензин,АКПП,700000,270000.0,2006,0,1,0
4122,Toyota Harrier,бензин,АКПП,750000,282000.0,1998,0,1,0
4123,Toyota Raize,бензин,вариатор,1500000,40000.0,2022,0,1,0
4124,Toyota Probox,бензин,вариатор,980000,111560.0,2018,0,1,0
4125,Toyota Hilux Surf,бензин,АКПП,1899900,215000.0,2005,0,1,0
4126,Toyota Lite Ace Noah,дизель,механика,249000,299000.0,1998,0,1,0
4127,Toyota Land Cruiser Prado,бензин,АКПП,6000000,38000.0,2022,0,1,0
4128,Toyota Vitz,бензин,вариатор,450000,135000.0,2010,0,1,0
4129,Toyota Sienta,бензин,вариатор,1220000,117681.0,2015,0,1,0
4130,Toyota Crown,бензин,АКПП,3000000,79000.0,2019,0,1,0
4131,Toyota Sienta,бензин,вариатор,890000,91500.0,2013,0,1,0
4132,Toyota Vellfire,бензин,вариатор,5120000,48000.0,2019,0,1,0
4133,Toyota Camry,бензин,АКПП,121000,300111.0,1992,0,1,0
4134,Toyota Ractis,бензин,вариатор,515000,270000.0,2008,0,1,0
4135,Toyota Sienta,бензин,вариатор,862000,162000.0,2015,0,1,0
4136,Toyota RAV4,бензин,АКПП,1750000,190000.0,2013,0,1,0
4137,Toyota Passo,бензин,вариатор,550000,65000.0,2012,0,1,0
4138,Toyota Mark II,бензин,АКПП,1110000,1.0,1999,0,1,0
4139,Toyota Crown,бензин,АКПП,550000,244000.0,1998,0,1,0
4140,Toyota Prius,гибрид,вариатор,1400000,200000.0,2016,0,1,0
4141,Toyota Alphard,бензин,вариатор,2900000,196000.0,2016,0,1,0
4142,Toyota C-HR,бензин,вариатор,935000,125000.0,2019,0,1,0
4143,Toyota Wish,бензин,вариатор,1250000,149000.0,2014,0,1,0
4144,Toyota Land Cruiser,бензин,АКПП,7350000,114000.0,2020,0,1,0
4145,Toyota Ractis,бензин,вариатор,835000,188000.0,2011,0,1,0
4146,Toyota Mark II,бензин,АКПП,950000,230000.0,2001,0,1,0
4147,Toyota Passo,бензин,вариатор,570000,43000.0,2012,0,1,0
4148,Toyota Hilux,дизель,АКПП,5350000,18.0,2023,0,1,0
4149,Toyota Mark II,бензин,АКПП,525000,220000.0,1993,0,1,0
4150,Toyota Prius,гибрид,вариатор,1300000,230000.0,2016,0,1,0
4151,Toyota Vitz,бензин,АКПП,325000,299999.0,2001,0,1,0
4152,Toyota Corolla Fielder,бензин,вариатор,710000,216000.0,2008,0,1,0
4153,Toyota Roomy,бензин,вариатор,698000,150000.0,2017,0,1,0
4154,Toyota Corolla Axio,бензин,вариатор,1150000,90250.0,2017,0,1,0
4155,Toyota Vellfire,гибрид,вариатор,4920000,36000.0,2018,0,1,0
4156,Toyota Crown,бензин,АКПП,950000,200000.0,2006,0,1,0
4157,Toyota RAV4,гибрид,вариатор,3700000,46000.0,2020,0,1,0
4158,Toyota Hiace,дизель,АКПП,150000,300000.0,1990,0,1,0
4159,Toyota Passo,бензин,АКПП,193000,215000.0,2004,0,1,0
4160,Toyota Roomy,бензин,вариатор,930000,153236.0,2017,0,1,0
4161,Toyota Harrier,гибрид,вариатор,2850000,107807.0,2018,0,1,0
4162,Toyota Roomy,бензин,вариатор,870000,91075.0,2022,0,1,0
4163,Toyota Land Cruiser,бензин,АКПП,12200000,42000.0,2023,0,1,0
4164,Toyota Roomy,бензин,вариатор,770000,123341.0,2022,0,1,0
4165,Toyota Alphard,гибрид,вариатор,5990000,35000.0,2021,0,1,0
4166,Toyota Land Cruiser Prado,бензин,АКПП,4899000,33970.0,2022,0,1,0
4167,Toyota Premio,бензин,вариатор,1200000,111000.0,2011,0,1,0
4168,Toyota Caldina,дизель,механика,120000,400001.0,1995,0,1,0
4169,Toyota Land Cruiser Prado,бензин,АКПП,4799000,35060.0,2021,0,1,0
4170,Toyota Corolla,бензин,АКПП,180000,320000.0,1997,0,1,0
4171,Toyota Corolla,бензин,АКПП,180000,320000.0,1997,0,1,0
4172,Toyota Corolla Axio,бензин,вариатор,729000,166000.0,2010,0,1,0
4173,Toyota Highlander,бензин,АКПП,1550000,193539.0,2007,0,1,0
4174,Toyota Allion,бензин,вариатор,1350000,80000.0,2015,0,1,0
4175,Toyota Land Cruiser Prado,бензин,АКПП,4999000,35413.0,2022,0,1,0
4176,Toyota Yaris,бензин,вариатор,925000,85000.0,2021,0,1,0
4177,Toyota Land Cruiser,бензин,АКПП,2180000,150000.0,2003,0,1,0
4178,Toyota Land Cruiser,дизель,АКПП,4070000,265000.0,2013,0,1,0
4179,Toyota Vitz,бензин,вариатор,570000,188000.0,2011,0,1,0
4180,Toyota Land Cruiser Prado,дизель,АКПП,5550000,75000.0,2021,0,1,0
4181,Toyota Hiace,дизель,автомат,3670000,145000.0,2019,0,1,0
4182,Toyota Probox,бензин,вариатор,1070000,189000.0,2019,0,1,0
4183,Toyota Land Cruiser,дизель,АКПП,3620000,220000.0,2011,0,1,0
4184,Toyota Harrier,бензин,АКПП,1150000,185000.0,2003,0,1,0
4185,Toyota Isis,бензин,вариатор,970000,175000.0,2010,0,1,0
4186,Toyota Roomy,бензин,вариатор,885000,107000.0,2018,0,1,0
4187,Toyota Corolla Fielder,бензин,вариатор,950000,180000.0,2010,0,1,0
4188,Toyota Land Cruiser Prado,бензин,АКПП,2580000,202000.0,2010,0,1,0
4189,Toyota Harrier,бензин,АКПП,3260000,73860.0,2019,0,1,0
4190,Toyota Harrier,гибрид,вариатор,2200000,170000.0,2014,0,1,0
4191,Toyota Prius Alpha,гибрид,вариатор,1049000,190000.0,2011,0,1,0
4192,Toyota Isis,бензин,вариатор,1500000,150000.0,2013,0,1,0
4193,Toyota Vellfire,гибрид,вариатор,12100000,1500.0,2023,0,1,0
4194,Toyota Land Cruiser Prado,дизель,АКПП,2750000,200000.0,2014,0,1,0
4195,Toyota C-HR,бензин,вариатор,1580000,147000.0,2017,0,1,0
4196,Toyota Roomy,бензин,вариатор,680000,145000.0,2017,0,1,0
4197,Toyota C-HR,бензин,вариатор,1675000,85000.0,2020,0,1,0
4198,Toyota Vitz,бензин,вариатор,665000,148000.0,2013,0,1,0
4199,Toyota Aqua,гибрид,вариатор,1100000,50000.0,2017,0,1,0
4200,Toyota Wish,бензин,вариатор,1150000,180000.0,2012,0,1,0
4201,Toyota Voxy,бензин,вариатор,1460000,222800.0,2010,0,1,0
4202,Toyota Passo,бензин,вариатор,680000,79820.0,2015,0,1,0
4203,Toyota Passo,бензин,вариатор,550000,75000.0,2015,0,1,0
4204,Toyota Mark II,бензин,АКПП,1400000,190000.0,1997,0,1,0
4205,Toyota Mark II,бензин,АКПП,750000,430000.0,2000,0,1,0
4206,Toyota RAV4,бензин,вариатор,1900000,148000.0,2013,0,1,0
4207,Toyota C-HR,бензин,автомат,1550000,95417.0,2017,0,1,0
4208,Toyota Camry,бензин,АКПП,3350000,29000.0,2021,0,1,0
4209,Toyota Crown,гибрид,вариатор,3500000,28500.0,2019,0,1,0
4210,Toyota Harrier,бензин,АКПП,780000,294300.0,2001,0,1,0
4211,Toyota Corolla Axio,бензин,вариатор,580000,102004.0,2010,0,1,0
4212,Toyota Rush,бензин,АКПП,900000,163212.0,2010,0,1,0
4213,Toyota Land Cruiser Prado,бензин,АКПП,5000000,70000.0,2020,0,1,0
4214,Toyota Land Cruiser Prado,бензин,АКПП,4300000,76000.0,2017,0,1,0
4215,Toyota Aristo,бензин,АКПП,2500000,100000.0,2002,0,1,0
4216,Toyota Land Cruiser,бензин,АКПП,10400000,70000.0,2021,0,1,0
4217,Toyota Brevis,бензин,АКПП,650000,100000.0,2003,0,1,0
4218,Toyota Hilux Surf,дизель,АКПП,900000,230000.0,1996,0,1,0
4219,Toyota Cresta,бензин,автомат,280000,347600.0,1993,0,1,0
4220,Toyota Vitz,бензин,вариатор,660000,195000.0,2013,0,1,0
4221,Toyota Corolla Axio,бензин,вариатор,530000,363132.0,2009,0,1,0
4222,Toyota RAV4,бензин,вариатор,2750000,25897.0,2020,0,1,0
4223,Toyota Land Cruiser,бензин,АКПП,2950000,173352.0,2007,0,1,0
4224,Toyota Sienta,бензин,вариатор,1350000,64230.0,2019,0,1,0
4225,Toyota Land Cruiser Prado,дизель,АКПП,3220000,240000.0,2014,0,1,0
4226,Toyota Lite Ace Noah,дизель,АКПП,185000,290000.0,1998,0,1,0
4227,Toyota Rush,бензин,АКПП,850000,140.0,2007,0,1,0
4228,Toyota C-HR,бензин,вариатор,2400000,38800.0,2020,0,1,0
4229,Toyota Vitz,бензин,вариатор,780000,127765.0,2013,0,1,0
4230,Toyota Vitz,бензин,вариатор,780000,127765.0,2013,0,1,0
4231,Toyota Land Cruiser,бензин,АКПП,2400000,313000.0,2007,0,1,0
4232,Toyota FJ Cruiser,бензин,АКПП,3100000,115709.0,2010,0,1,0
4233,Toyota Roomy,бензин,вариатор,680000,107000.0,2021,0,1,0
4234,Toyota Caldina,бензин,АКПП,560000,303970.0,1997,0,1,0
4235,Toyota Mark II Wagon Blit,бензин,АКПП,599999,150000.0,2006,0,1,0
4236,Toyota Ractis,бензин,вариатор,515000,200000.0,2007,0,1,0
4237,Toyota Harrier,гибрид,вариатор,3950000,103000.0,2020,0,1,0
4238,Toyota C-HR,бензин,вариатор,1750000,77000.0,2017,0,1,0
4239,Toyota Crown,бензин,АКПП,610000,300000.0,1998,0,1,0
4240,Toyota Mark II,бензин,АКПП,750000,416997.0,1994,0,1,0
4241,Toyota Corolla Fielder,гибрид,вариатор,949000,182000.0,2013,0,1,0
4242,Toyota C-HR,гибрид,вариатор,1900000,117800.0,2017,0,1,0
4243,Toyota Land Cruiser Prado,бензин,АКПП,5100000,37000.0,2021,0,1,0
4244,Toyota Prius,гибрид,вариатор,1250000,185444.0,2015,0,1,0
4245,Toyota Wish,бензин,вариатор,555000,103000.0,2010,0,1,0
4246,Toyota Land Cruiser Prado,бензин,АКПП,2570000,179000.0,2009,0,1,0
4247,Toyota Celica,бензин,механика,1000000,100000.0,1981,0,1,0
4248,Toyota Caldina,бензин,механика,650000,288.0,1997,0,1,0
4249,Toyota Land Cruiser Prado,бензин,АКПП,3850000,163000.0,2014,0,1,0
4250,Toyota Land Cruiser Prado,бензин,АКПП,3850000,163000.0,2014,0,1,0
4251,Toyota Land Cruiser Prado,дизель,АКПП,4500000,62000.0,2019,0,1,0
4252,Toyota Yaris,бензин,вариатор,1150000,67000.0,2020,0,1,0
4253,Toyota Vitz,бензин,вариатор,980000,120000.0,2017,0,1,0
4254,Toyota ist,бензин,АКПП,470000,220000.0,2005,0,1,0
4255,Toyota Prius,гибрид,вариатор,870000,282000.0,2010,0,1,0
4256,Toyota Land Cruiser Prado,бензин,АКПП,7399000,215.0,2024,0,1,0
4257,Toyota Regius Ace,дизель,автомат,3870000,87000.0,2020,0,1,0
4258,Toyota Allion,бензин,вариатор,1700000,128000.0,2018,0,1,0
4259,Toyota Hiace,бензин,АКПП,5170000,49000.0,2021,0,1,0
4260,Toyota Hiace,бензин,АКПП,4970000,23.0,2020,0,1,0
4261,Toyota Hiace,бензин,АКПП,5070000,29000.0,2021,0,1,0
4262,Toyota Hiace,бензин,АКПП,5070000,15000.0,2021,0,1,0
4263,Toyota Hiace,дизель,автомат,3970000,61000.0,2020,0,1,0
4264,Toyota Regius Ace,дизель,автомат,3670000,78000.0,2019,0,1,0
4265,Toyota Kluger V,бензин,АКПП,745000,278000.0,2001,0,1,0
4266,Toyota Corolla Fielder,бензин,вариатор,850000,173000.0,2010,0,1,0
4267,Toyota Prius,гибрид,вариатор,650000,244000.0,2008,0,1,0
4268,Toyota C-HR,бензин,вариатор,1655000,115000.0,2020,0,1,0
4269,Toyota Prius,гибрид,вариатор,995000,189000.0,2013,0,1,0
4270,Toyota Platz,бензин,АКПП,355000,225000.0,2002,0,1,0
4271,Toyota Corolla Axio,бензин,вариатор,645000,198000.0,2009,0,1,0
4272,Toyota Corolla,бензин,АКПП,270000,376825.0,1996,0,1,0
4273,Toyota Camry,гибрид,вариатор,3150000,82000.0,2021,0,1,0
4274,Toyota Alphard,гибрид,вариатор,3700000,103000.0,2017,0,1,0
4275,Toyota Crown,гибрид,вариатор,2225000,184000.0,2016,0,1,0
4276,Toyota RAV4,бензин,вариатор,1750000,178300.0,2016,0,1,0
4277,Toyota Prius,гибрид,вариатор,777000,172000.0,2009,0,1,0
4278,Toyota Land Cruiser Prado,бензин,АКПП,4650000,84950.0,2021,0,1,0
4279,Toyota Premio,бензин,АКПП,650000,287000.0,2005,0,1,0
4280,Toyota Land Cruiser Prado,бензин,АКПП,1670000,142000.0,2008,0,1,0
4281,Toyota Corolla Axio,бензин,вариатор,870000,187000.0,2016,0,1,0
4282,Toyota Ipsum,бензин,АКПП,425000,142000.0,1998,0,1,0
4283,Toyota Passo,бензин,вариатор,520000,123000.0,2012,0,1,0
4284,Toyota Passo,бензин,АКПП,280000,200000.0,2005,0,1,0
4285,Toyota Roomy,бензин,вариатор,899000,44000.0,2019,0,1,0
4286,Toyota Corolla,гибрид,вариатор,1850000,7087.0,2022,0,1,0
4287,Toyota Succeed,бензин,вариатор,940000,122000.0,2018,0,1,0
4288,Toyota Sienta,бензин,вариатор,1415000,70000.0,2017,0,1,0
4289,Toyota Sienta,бензин,вариатор,1415000,94000.0,2019,0,1,0
4290,Toyota Wish,бензин,вариатор,1375000,167000.0,2013,0,1,0
4291,Toyota Roomy,бензин,вариатор,680000,115000.0,2021,0,1,0
4292,Toyota Carina,бензин,АКПП,330000,250000.0,1997,0,1,0
4293,Toyota Land Cruiser,дизель,АКПП,10300000,,2025,0,1,0
4294,Toyota Premio,бензин,вариатор,1480000,68600.0,2015,0,1,0
4295,Toyota RAV4,бензин,вариатор,1750000,93000.0,2014,0,1,0
4296,Toyota Spade,бензин,вариатор,780000,143000.0,2012,0,1,0
4297,Toyota Land Cruiser,бензин,АКПП,6450000,156000.0,2016,0,1,0
4298,Toyota Tank,бензин,вариатор,685000,127000.0,2017,0,1,0
4299,Toyota Tank,бензин,вариатор,685000,98000.0,2017,0,1,0
4300,Toyota Premio,бензин,вариатор,1430000,52000.0,2013,0,1,0
4301,Toyota Premio,бензин,вариатор,1425000,75000.0,2015,0,1,0
4302,Toyota Porte,бензин,вариатор,880000,70000.0,2015,0,1,0
4303,Toyota Premio,бензин,вариатор,1435000,55000.0,2013,0,1,0
4304,Toyota Isis,бензин,вариатор,1295000,185000.0,2013,0,1,0
4305,Toyota RAV4,бензин,вариатор,2930000,36000.0,2021,0,1,0
4306,Toyota Land Cruiser,дизель,АКПП,2570000,250000.0,2000,0,1,0
4307,Toyota Alphard,гибрид,вариатор,5570000,10700.0,2020,0,1,0
4308,Toyota Harrier,бензин,вариатор,2545000,112000.0,2018,0,1,0
4309,Toyota RAV4,бензин,вариатор,3500000,28127.0,2020,0,1,0
4310,Toyota Prius,гибрид,вариатор,1200000,147042.0,2013,0,1,0
4311,Toyota Prius PHV,гибрид,вариатор,950000,290000.0,2012,0,1,0
4312,Toyota Wish,бензин,вариатор,950000,102000.0,2011,0,1,0
4313,Toyota Harrier,бензин,вариатор,3800000,29450.0,2020,0,1,0
4314,Toyota Hilux,дизель,механика,1600000,283000.0,2010,0,1,0
4315,Toyota RAV4,бензин,вариатор,3350000,49240.0,2021,0,1,0
4316,Toyota Allion,бензин,вариатор,1960000,75000.0,2019,0,1,0
4317,Toyota Tank,бензин,вариатор,850000,122000.0,2016,0,1,0
4318,Toyota C-HR,бензин,вариатор,1650000,94980.0,2017,0,1,0
4319,Toyota Land Cruiser Prado,бензин,АКПП,4120000,83000.0,2019,0,1,0
4320,Toyota Corolla Fielder,бензин,вариатор,900000,,2014,0,1,0
4321,Toyota Prius,гибрид,вариатор,499000,185000.0,2007,0,1,0
4322,Toyota Funcargo,бензин,АКПП,320000,215455.0,2000,0,1,0
4323,Toyota Probox,бензин,вариатор,925000,156000.0,2021,0,1,0
4324,Toyota Premio,бензин,вариатор,799000,180000.0,2009,0,1,0
4325,Toyota RAV4,бензин,вариатор,899000,300000.0,2005,0,1,0
4326,Toyota RAV4,бензин,вариатор,3700000,58984.0,2022,0,1,0
4327,Toyota Mark X,бензин,АКПП,2000000,80000.0,2014,0,1,0
4328,Toyota Land Cruiser Prado,бензин,АКПП,3300000,100000.0,2016,0,1,0
4329,Toyota RAV4,гибрид,вариатор,3330000,129347.0,2020,0,1,0
4330,Toyota Corolla Fielder,гибрид,вариатор,1385000,129604.0,2019,0,1,0
4331,Toyota Corolla Fielder,гибрид,вариатор,1365000,115507.0,2018,0,1,0
4332,Toyota Probox,бензин,АКПП,295000,180000.0,2007,0,1,0
4333,Toyota Roomy,бензин,вариатор,1015000,116481.0,2017,0,1,0
4334,Toyota Vitz,бензин,вариатор,895000,96330.0,2018,0,1,0
4335,Toyota Corolla Fielder,гибрид,вариатор,1365000,109426.0,2018,0,1,0
4336,Toyota Corolla Fielder,гибрид,вариатор,1385000,111523.0,2019,0,1,0
4337,Toyota Camry,бензин,АКПП,1450000,315.0,2012,0,1,0
4338,Toyota Land Cruiser,дизель,АКПП,1958000,284000.0,1995,0,1,0
4339,Toyota Hilux Surf,дизель,АКПП,1278000,180500.0,1999,0,1,0
4340,Toyota Hilux Surf,дизель,АКПП,1248000,150000.0,1997,0,1,0
4341,Toyota Corolla Axio,бензин,вариатор,998000,162500.0,2017,0,1,0
4342,Toyota Corolla Fielder,бензин,вариатор,838000,188500.0,2012,0,1,0
4343,Toyota Raum,бензин,АКПП,278000,233000.0,1997,0,1,0
4344,Toyota Corolla Fielder,бензин,вариатор,838000,188500.0,2012,0,1,0
4345,Toyota Raum,бензин,АКПП,278000,233000.0,1997,0,1,0
4346,Toyota C-HR,бензин,вариатор,1950000,98000.0,2018,0,1,0
4347,Toyota Ractis,бензин,вариатор,1000000,77000.0,2013,0,1,0
4348,Toyota Harrier,гибрид,вариатор,1800000,250000.0,2011,0,1,0
4349,Toyota Corolla,бензин,АКПП,345000,280000.0,1996,0,1,0
4350,Toyota Probox,бензин,АКПП,435000,250000.0,2007,0,1,0
4351,Toyota C-HR,бензин,вариатор,1680000,128000.0,2020,0,1,0
4352,Toyota Land Cruiser Prado,дизель,АКПП,4900000,89000.0,2019,0,1,0
4353,Toyota Harrier,бензин,вариатор,3450000,91500.0,2021,0,1,0
4354,Toyota Yaris L,бензин,вариатор,1230000,48000.0,2021,0,1,0
4355,Toyota Passo,бензин,АКПП,420000,104670.0,2009,0,1,0
4356,Toyota Hilux,дизель,АКПП,4450000,24000.0,2022,0,1,0
4357,Toyota Corolla Fielder,бензин,вариатор,1150000,165000.0,2017,0,1,0
4358,Toyota RAV4,бензин,вариатор,2650000,60000.0,2020,0,1,0
4359,Toyota Prius,гибрид,вариатор,1200000,158000.0,2016,0,1,0
4360,Toyota Prius,гибрид,вариатор,680000,239000.0,2012,0,1,0
4361,Toyota Prius,гибрид,вариатор,670000,205158.0,2011,0,1,0
4362,Toyota Allion,бензин,вариатор,1100000,111000.0,2011,0,1,0
4363,Toyota Prius Alpha,гибрид,вариатор,1230000,174000.0,2012,0,1,0
4364,Toyota Corona Premio,бензин,АКПП,450000,278000.0,1996,0,1,0
4365,Toyota Prius,гибрид,вариатор,600000,264000.0,2011,0,1,0
4366,Toyota Land Cruiser Prado,дизель,АКПП,1100000,390000.0,2000,0,1,0
4367,Toyota Corolla Fielder,бензин,вариатор,1349500,135891.0,2019,0,1,0
4368,Toyota Rush,бензин,АКПП,370000,1.0,2007,0,1,0
4369,Toyota RAV4,бензин,вариатор,1550000,156528.0,2009,0,1,0
4370,Toyota Vista,бензин,АКПП,255000,370000.0,1992,0,1,0
4371,Toyota Corolla Fielder,гибрид,вариатор,1440000,72500.0,2018,0,1,0
4372,Toyota Vitz,бензин,вариатор,718000,56000.0,2010,0,1,0
4373,Toyota Alphard,бензин,АКПП,5950000,81735.0,2018,0,1,0
4374,Toyota Camry,бензин,АКПП,2950000,104115.0,2018,0,1,0
4375,Toyota Land Cruiser,бензин,АКПП,15300000,39809.0,2021,0,1,0
4376,Toyota Land Cruiser,дизель,механика,2900000,324998.0,2001,0,1,0
4377,Toyota Passo,бензин,вариатор,630000,67000.0,2013,0,1,0
4378,Toyota Camry,бензин,АКПП,2700000,68389.0,2018,0,1,0
4379,Toyota Prius,гибрид,вариатор,929999,225000.0,2014,0,1,0
4380,Toyota Corolla Fielder,бензин,вариатор,1175000,146000.0,2020,0,1,0
4381,Toyota Wish,бензин,вариатор,1500000,131484.0,2011,0,1,0
4382,Toyota Corolla Fielder,бензин,вариатор,1250000,98000.0,2019,0,1,0
4383,Toyota Corolla,бензин,вариатор,1545000,119000.0,2020,0,1,0
4384,Toyota Mark II,бензин,АКПП,450000,500000.0,1998,0,1,0
4385,Toyota C-HR,бензин,вариатор,2500000,55600.0,2020,0,1,0
4386,Toyota Corolla,бензин,АКПП,550000,134000.0,2005,0,1,0
4387,Toyota Yaris,бензин,вариатор,1150000,88000.0,2020,0,1,0
4388,Toyota Mark X,бензин,АКПП,2000000,120000.0,2017,0,1,0
4389,Toyota Land Cruiser Prado,бензин,АКПП,2560000,309000.0,2006,0,1,0
4390,Toyota Aristo,бензин,АКПП,600000,9999.0,1992,0,1,0
4391,Toyota C-HR,бензин,вариатор,1550000,115000.0,2017,0,1,0
4392,Toyota Voxy,гибрид,вариатор,1430000,216000.0,2015,0,1,0
4393,Toyota Succeed,бензин,АКПП,695000,230000.0,2002,0,1,0
4394,Toyota Voxy,бензин,вариатор,1850000,100000.0,2016,0,1,0
4395,Toyota Ractis,бензин,вариатор,690000,197000.0,2008,0,1,0
4396,Toyota Vitz,бензин,АКПП,250000,250000.0,2001,0,1,0
4397,Toyota Alphard,гибрид,вариатор,4100000,216000.0,2018,0,1,0
4398,Toyota Probox,бензин,вариатор,1000000,113000.0,2019,0,1,0
4399,Toyota Prius,гибрид,вариатор,880000,225000.0,2009,0,1,0
4400,Toyota Town Ace,бензин,АКПП,400000,203809.0,1989,0,1,0
4401,Toyota Harrier,бензин,вариатор,2500000,125000.0,2015,0,1,0
4402,Toyota Passo,бензин,вариатор,840000,28954.0,2021,0,1,0
4403,Toyota Chaser,бензин,АКПП,250000,235000.0,1994,0,1,0
4404,Toyota Corolla Axio,бензин,вариатор,1155000,27000.0,2015,0,1,0
4405,Toyota Probox,бензин,вариатор,800000,255.0,2017,0,1,0
4406,Toyota bB,бензин,АКПП,455000,231221.0,2007,0,1,0
4407,Toyota Kluger V,бензин,АКПП,950000,190000.0,2003,0,1,0
4408,Toyota Wish,бензин,АКПП,500000,280.0,2003,0,1,0
4409,Toyota Land Cruiser,бензин,АКПП,2200000,270000.0,2001,0,1,0
4410,Toyota RAV4,бензин,АКПП,600000,457000.0,1997,0,1,0
4411,Toyota Land Cruiser Prado,дизель,АКПП,4990000,53000.0,2019,0,1,0
4412,Toyota Corolla Axio,бензин,вариатор,1250000,99000.0,2017,0,1,0
4413,Toyota Land Cruiser Prado,бензин,АКПП,4299000,226771.0,2014,0,1,0
4414,Toyota Land Cruiser,дизель,АКПП,4800000,195000.0,2014,0,1,0
4415,Toyota Camry Prominent,бензин,АКПП,230000,220000.0,1991,0,1,0
4416,Toyota Land Cruiser Prado,бензин,АКПП,3050000,184800.0,2010,0,1,0
4417,Toyota C-HR,бензин,вариатор,1610000,123000.0,2017,0,1,0
4418,Toyota Aqua,гибрид,вариатор,600000,400000.0,2016,0,1,0
4419,Toyota Corolla,бензин,вариатор,1599000,71000.0,2020,0,1,0
4420,Toyota Sai,гибрид,вариатор,1650000,190000.0,2014,0,1,0
4421,Toyota Probox,бензин,АКПП,430000,395000.0,2006,0,1,0
4422,Toyota Land Cruiser Prado,дизель,АКПП,2150000,360000.0,2005,0,1,0
4423,Toyota Vitz,бензин,АКПП,350000,255000.0,2001,0,1,0
4424,Toyota Land Cruiser,дизель,АКПП,5000000,183350.0,2014,0,1,0
4425,Toyota C-HR,бензин,вариатор,1900000,112000.0,2016,0,1,0
4426,Toyota Prius Alpha,гибрид,вариатор,1550000,115300.0,2017,0,1,0
4427,Toyota Vitz,бензин,вариатор,675000,50000.0,2010,0,1,0
4428,Toyota Prius,гибрид,вариатор,700000,173000.0,2010,0,1,0
4429,Toyota Land Cruiser Prado,бензин,АКПП,2950000,111700.0,2012,0,1,0
4430,Toyota Camry,бензин,АКПП,2000000,150000.0,2017,0,1,0
4431,Toyota Land Cruiser,дизель,АКПП,5200000,95000.0,2016,0,1,0
4432,Toyota Fortuner,бензин,АКПП,2950000,80000.0,2012,0,1,0
4433,Toyota Land Cruiser Prado,бензин,АКПП,1800000,308000.0,2006,0,1,0
4434,Toyota Crown,гибрид,вариатор,3250000,102000.0,2020,0,1,0
4435,Toyota Ractis,бензин,автомат,1155000,51000.0,2016,0,1,0
4436,Toyota Harrier,бензин,АКПП,750000,160000.0,1998,0,1,0
4437,Toyota Harrier,бензин,вариатор,2500000,162733.0,2016,0,1,0
4438,Toyota Carina,бензин,механика,650000,177000.0,1997,0,1,0
4439,Toyota Premio,бензин,вариатор,850000,220000.0,2008,0,1,0
4440,Toyota Sai,гибрид,вариатор,1500000,160000.0,2014,0,1,0
4441,Toyota Passo,бензин,вариатор,800000,50000.0,2018,0,1,0
4442,Toyota Raize,бензин,вариатор,1390000,106000.0,2019,0,1,0
4443,Toyota Land Cruiser,бензин,АКПП,11500000,30000.0,2022,0,1,0
4444,Toyota Vitz,бензин,вариатор,610000,105000.0,2010,0,1,0
4445,Toyota Allion,бензин,вариатор,1250000,172.0,2012,0,1,0
4446,Toyota Corolla Fielder,бензин,вариатор,700000,155000.0,2006,0,1,0
4447,Toyota Harrier,бензин,вариатор,2420000,99000.0,2016,0,1,0
4448,Toyota Corolla Runx,бензин,АКПП,580000,190000.0,2005,0,1,0
4449,Toyota Premio,бензин,вариатор,1150000,101000.0,2008,0,1,0
4450,Toyota Vista,бензин,АКПП,200000,240000.0,1987,0,1,0
4451,Toyota Aqua,гибрид,вариатор,1000000,67000.0,2016,0,1,0
4452,Toyota Yaris Cross,бензин,вариатор,1950000,54000.0,2020,0,1,0
4453,Toyota C-HR,бензин,вариатор,1865000,80000.0,2017,0,1,0
4454,Toyota Rush,бензин,АКПП,1150000,115000.0,2013,0,1,0
4455,Toyota Succeed,бензин,вариатор,1310000,186000.0,2019,0,1,0
4456,Toyota Corolla Fielder,бензин,вариатор,1450000,103768.0,2020,0,1,0
4457,Toyota Vitz,бензин,механика,750000,252000.0,2008,0,1,0
4458,Toyota Prius,гибрид,вариатор,850000,270000.0,2010,0,1,0
4459,Toyota Corolla Fielder,бензин,АКПП,600000,253000.0,2005,0,1,0
4460,Toyota Vitz,бензин,вариатор,450000,155000.0,2009,0,1,0
4461,Toyota Vanguard,бензин,вариатор,1430000,136000.0,2010,0,1,0
4462,Toyota Mark II,бензин,АКПП,970000,200000.0,1996,0,1,0
4463,Toyota Harrier,бензин,вариатор,2070000,167000.0,2014,0,1,0
4464,Toyota Alphard,гибрид,вариатор,3700000,129000.0,2015,0,1,0
4465,Toyota C-HR,бензин,вариатор,1860000,112000.0,2018,0,1,0
4466,Toyota Vitz,бензин,АКПП,530000,308000.0,2006,0,1,0
4467,Toyota Duet,бензин,АКПП,150000,250000.0,2000,0,1,0
4468,Toyota RAV4,бензин,вариатор,2200000,96000.0,2017,0,1,0
4469,Toyota Cresta,бензин,АКПП,650000,280000.0,1999,0,1,0
4470,Toyota Cresta,дизель,АКПП,400000,307000.0,1989,0,1,0
4471,Toyota Harrier,бензин,АКПП,950000,400000.0,2001,0,1,0
4472,Toyota Crown,бензин,АКПП,590000,208000.0,1997,0,1,0
4473,Toyota Passo,бензин,вариатор,920000,41000.0,2019,0,1,0
4474,Toyota Vista,бензин,АКПП,250000,92106.0,1992,0,1,0
4475,Toyota Venza,гибрид,вариатор,5130000,30000.0,2022,0,1,0
4476,Toyota Land Cruiser,дизель,АКПП,2175530,300000.0,2006,0,1,0
4477,Toyota Harrier,бензин,АКПП,1550000,262500.0,2004,0,1,0
4478,Toyota Aqua,гибрид,вариатор,840000,173712.0,2013,0,1,0
4479,Toyota Sienta,бензин,вариатор,865000,152000.0,2012,0,1,0
4480,Toyota Corolla Fielder,гибрид,вариатор,900000,255000.0,2014,0,1,0
4481,Toyota Lite Ace,дизель,АКПП,270000,375000.0,1997,0,1,0
4482,Toyota C-HR,гибрид,вариатор,1750000,120000.0,2017,0,1,0
4483,Toyota Succeed,бензин,вариатор,950000,126000.0,2017,0,1,0
4484,Toyota Camry,бензин,АКПП,310000,300000.0,1993,0,1,0
4485,Toyota Vitz,бензин,АКПП,165000,198441.0,2002,0,1,0
4486,Toyota Prius,гибрид,автомат,1750000,181000.0,2019,0,1,0
4487,Toyota Mark II,бензин,АКПП,810000,289516.0,1997,0,1,0
4488,Toyota Aqua,гибрид,вариатор,1150000,92000.0,2018,0,1,0
4489,Toyota Land Cruiser,дизель,АКПП,4700000,245000.0,2013,0,1,0
4490,Toyota Corolla,бензин,АКПП,275000,278000.0,2001,0,1,0
4491,Toyota RAV4,бензин,вариатор,2050000,116000.0,2015,0,1,0
4492,Toyota Corolla Fielder,бензин,вариатор,800000,285000.0,2007,0,1,0
4493,Toyota Land Cruiser,бензин,АКПП,12500000,5300.0,2024,0,1,0
4494,Toyota Corolla,бензин,вариатор,1680000,20000.0,2019,0,1,0
4495,Toyota Hilux Surf,бензин,АКПП,1200000,205000.0,2001,0,1,0
4496,Toyota Cresta,бензин,автомат,350000,324000.0,1989,0,1,0
4497,Toyota Town Ace,бензин,АКПП,685000,233350.0,2005,0,1,0
4498,Toyota Voxy,бензин,вариатор,2320000,153000.0,2017,0,1,0
4499,Toyota Camry,бензин,АКПП,3250000,60000.0,2020,0,1,0
4500,Toyota C-HR,бензин,автомат,1550000,91000.0,2017,0,1,0
4501,Toyota Hilux Surf,бензин,АКПП,2800000,169000.0,2008,0,1,0
4502,Toyota Probox,бензин,АКПП,525000,172000.0,2010,0,1,0
4503,Toyota Regius Ace,бензин,АКПП,1420000,350000.0,2005,0,1,0
4504,Toyota Camry,бензин,АКПП,3250000,60000.0,2020,0,1,0
4505,Toyota Land Cruiser Prado,дизель,механика,2000000,276584.0,1994,0,1,0
4506,Toyota Hilux,дизель,АКПП,5950000,25000.0,2020,0,1,0
4507,Toyota Roomy,бензин,вариатор,838000,100000.0,2018,0,1,0
4508,Toyota Ipsum,бензин,АКПП,600000,300000.0,1999,0,1,0
4509,Toyota Tank,бензин,вариатор,1030000,75000.0,2019,0,1,0
4510,Toyota Crown,бензин,АКПП,840000,440000.0,1999,0,1,0
4511,Toyota ist,бензин,вариатор,810000,119602.0,2009,0,1,0
4512,Toyota Tank,бензин,вариатор,1090000,72000.0,2018,0,1,0
4513,Toyota Land Cruiser,дизель,АКПП,5125000,300000.0,2015,0,1,0
4514,Toyota Harrier,гибрид,вариатор,2000000,301000.0,2012,0,1,0
4515,Toyota Roomy,бензин,вариатор,680000,106000.0,2021,0,1,0
4516,Toyota Roomy,бензин,вариатор,660000,100000.0,2022,0,1,0
4517,Toyota Probox,бензин,вариатор,350000,367000.0,2015,0,1,0
4518,Toyota Yaris Cross,бензин,вариатор,2195000,18277.0,2021,0,1,0
4519,Toyota Hiace,дизель,автомат,4150000,171000.0,2019,0,1,0
4520,Toyota Hiace,дизель,автомат,4150000,160000.0,2021,0,1,0
4521,Toyota Regius Ace,дизель,АКПП,3650000,128000.0,2017,0,1,0
4522,Toyota Hiace,бензин,АКПП,6950000,1.0,2023,0,1,0
4523,Toyota Hiace,бензин,автомат,3650000,107000.0,2020,0,1,0
4524,Toyota Hiace,бензин,АКПП,11050000,19000.0,2023,0,1,0
4525,Toyota Hiace,дизель,автомат,3950000,200000.0,2018,0,1,0
4526,Toyota Hiace,бензин,АКПП,5750000,56000.0,2017,0,1,0
4527,Toyota Hiace,дизель,автомат,10550000,,2024,0,1,0
4528,Toyota Hiace,бензин,АКПП,4350000,91000.0,2019,0,1,0
4529,Toyota Hiace,дизель,автомат,3650000,128000.0,2017,0,1,0
4530,Toyota Hiace,дизель,автомат,3650000,214000.0,2017,0,1,0
4531,Toyota Hiace,дизель,автомат,4250000,174000.0,2018,0,1,0
4532,Toyota RAV4,бензин,АКПП,875000,190000.0,2004,0,1,0
4533,Toyota Prius,гибрид,вариатор,960000,270000.0,2012,0,1,0
4534,Toyota Roomy,бензин,вариатор,870000,43000.0,2017,0,1,0
4535,Toyota Corolla Axio,бензин,вариатор,1060000,28000.0,2014,0,1,0
4536,Toyota Land Cruiser,дизель,АКПП,15900000,,2025,0,1,0
4537,Toyota C-HR,бензин,механика,1850000,13000.0,2019,0,1,0
4538,Toyota Vitz,бензин,вариатор,800000,88000.0,2019,0,1,0
4539,Toyota Roomy,бензин,вариатор,695000,83000.0,2021,0,1,0
4540,Toyota Corolla,бензин,АКПП,220000,210000.0,1996,0,1,0
4541,Toyota Sai,гибрид,вариатор,1050000,247000.0,2011,0,1,0
4542,Toyota Corolla Fielder,бензин,вариатор,630000,320000.0,2008,0,1,0
4543,Toyota Crown,бензин,АКПП,2800000,129420.0,2018,0,1,0
4544,Toyota Land Cruiser Prado,бензин,АКПП,4750000,117000.0,2018,0,1,0
4545,Toyota Vitz,бензин,вариатор,460000,320.0,2007,0,1,0
4546,Toyota Caldina,дизель,АКПП,190000,360800.0,1996,0,1,0
4547,Toyota Venza,бензин,вариатор,4780000,15000.0,2022,0,1,0
4548,Toyota Harrier,гибрид,вариатор,2590000,160000.0,2014,0,1,0
4549,Toyota Corolla Fielder,бензин,вариатор,780000,198254.0,2009,0,1,0
4550,Toyota Chaser,бензин,АКПП,250000,200000.0,1992,0,1,0
4551,Toyota Passo,бензин,вариатор,620000,65000.0,2016,0,1,0
4552,Toyota Corolla,бензин,АКПП,250000,343210.0,2004,0,1,0
4553,Toyota Ractis,бензин,вариатор,850000,119405.0,2013,0,1,0
4554,Toyota Corolla Fielder,гибрид,вариатор,1250000,121000.0,2018,0,1,0
4555,Toyota RAV4,гибрид,автомат,5000000,27000.0,2021,0,1,0
4556,Toyota Aristo,бензин,АКПП,450000,195000.0,1994,0,1,0
4557,Toyota C-HR,бензин,вариатор,1600000,94974.0,2018,0,1,0
4558,Toyota Probox,бензин,вариатор,900000,202002.0,2016,0,1,0
4559,Toyota Noah,гибрид,вариатор,2190000,117000.0,2017,0,1,0
4560,Toyota Corolla Fielder,гибрид,вариатор,1200000,122000.0,2017,0,1,0
4561,Toyota Vitz,бензин,вариатор,740000,70000.0,2013,0,1,0
4562,Toyota Crown,гибрид,вариатор,2950000,152000.0,2018,0,1,0
4563,Toyota Roomy,бензин,вариатор,1125000,41900.0,2022,0,1,0
4564,Toyota Hilux Surf,дизель,АКПП,760000,430000.0,1998,0,1,0
4565,Toyota Mark II Wagon Qualis,бензин,АКПП,650000,315000.0,1998,0,1,0
4566,Toyota Hiace,бензин,АКПП,4450000,140000.0,2019,0,1,0
4567,Toyota Voxy,бензин,вариатор,2810000,120000.0,2019,0,1,0
4568,Toyota GR Yaris,бензин,вариатор,1790000,20000.0,2020,0,1,0
4569,Toyota Noah,бензин,вариатор,2810000,104000.0,2019,0,1,0
4570,Toyota Land Cruiser Prado,дизель,АКПП,4999999,98000.0,2019,0,1,0
4571,Toyota Noah,бензин,вариатор,2610000,120000.0,2018,0,1,0
4572,Toyota Vitz,бензин,вариатор,640000,59000.0,2012,0,1,0
4573,Toyota Prius,гибрид,вариатор,700000,320000.0,2008,0,1,0
4574,Toyota Yaris Cross,гибрид,вариатор,1885000,43000.0,2022,0,1,0
4575,Toyota Corona,бензин,АКПП,345000,258488.0,1993,0,1,0
4576,Toyota Yaris Cross,бензин,вариатор,1980000,19000.0,2021,0,1,0
4577,Toyota Chaser,бензин,АКПП,217000,100000.0,1994,0,1,0
4578,Toyota Prius Alpha,гибрид,вариатор,1250000,255000.0,2015,0,1,0
4579,Toyota Yaris,бензин,вариатор,990000,25000.0,2020,0,1,0
4580,Toyota Town Ace,дизель,АКПП,500000,275381.0,1993,0,1,0
4581,Toyota Tank,бензин,вариатор,1010000,59000.0,2019,0,1,0
4582,Toyota RAV4,бензин,АКПП,1789000,123000.0,2013,0,1,0
4583,Toyota Corolla Fielder,бензин,вариатор,1265000,118000.0,2020,0,1,0
4584,Toyota Yaris,бензин,вариатор,1260000,25000.0,2021,0,1,0
4585,Toyota Land Cruiser,дизель,АКПП,6900000,90000.0,2016,0,1,0
4586,Toyota Probox,бензин,вариатор,960000,31000.0,2021,0,1,0
4587,Toyota Sienta,бензин,вариатор,1497000,382.0,2022,0,1,0
4588,Toyota Prius,гибрид,вариатор,900000,215000.0,2015,0,1,0
4589,Toyota Probox,бензин,вариатор,1200000,120000.0,2022,0,1,0
4590,Toyota Mark II,бензин,АКПП,460000,200000.0,1990,0,1,0
4591,Toyota Corolla Axio,бензин,вариатор,1150000,71480.0,2015,0,1,0
4592,Toyota Wish,бензин,вариатор,1820000,72450.0,2017,0,1,0
4593,Toyota Corolla Axio,бензин,вариатор,555000,98000.0,2010,0,1,0
4594,Toyota Isis,бензин,вариатор,1299999,128000.0,2013,0,1,0
4595,Toyota Vitz,гибрид,вариатор,915000,139301.0,2017,0,1,0
4596,Toyota Vitz,бензин,вариатор,970000,118000.0,2018,0,1,0
4597,Toyota Land Cruiser Prado,дизель,АКПП,4450000,79000.0,2019,0,1,0
4598,Toyota Corolla,бензин,вариатор,1550000,95000.0,2020,0,1,0
4599,Toyota Corolla Fielder,бензин,АКПП,670000,192110.0,2005,0,1,0
4600,Toyota ist,бензин,АКПП,440000,238764.0,2004,0,1,0
4601,Toyota Town Ace,дизель,механика,450000,300000.0,1985,0,1,0
4602,Toyota Probox,бензин,АКПП,420000,200000.0,2006,0,1,0
4603,Toyota Harrier,бензин,вариатор,2465000,74000.0,2017,0,1,0
4604,Toyota Land Cruiser Prado,бензин,АКПП,3000000,170399.0,2010,0,1,0
4605,Toyota Sienta,бензин,АКПП,790000,116000.0,2013,0,1,0
4606,Toyota Prius,гибрид,вариатор,635000,348000.0,2008,0,1,0
4607,Toyota Roomy,бензин,вариатор,759000,43000.0,2020,0,1,0
4608,Toyota Raize,бензин,вариатор,1299000,71000.0,2021,0,1,0
4609,Toyota Sprinter Carib,бензин,АКПП,240000,175000.0,1991,0,1,0
4610,Toyota Crown,бензин,АКПП,260000,160000.0,1993,0,1,0
4611,Toyota Vitz,бензин,вариатор,580000,136000.0,2011,0,1,0
4612,Toyota Wish,бензин,вариатор,1195000,138000.0,2013,0,1,0
4613,Toyota Corolla Fielder,бензин,вариатор,1480000,97000.0,2016,0,1,0
4614,Toyota Prius,гибрид,вариатор,980000,248000.0,2012,0,1,0
4615,Toyota Land Cruiser Prado,бензин,АКПП,4800000,26000.0,2022,0,1,0
4616,Toyota Isis,бензин,вариатор,1090000,123000.0,2012,0,1,0
4617,Toyota Land Cruiser,бензин,АКПП,12000000,3000.0,2023,0,1,0
4618,Toyota Wish,бензин,вариатор,1050000,190000.0,2011,0,1,0
4619,Toyota Hilux,дизель,АКПП,5250000,23835.0,2022,0,1,0
4620,Toyota Vista Ardeo,бензин,АКПП,450000,290000.0,1998,0,1,0
4621,Toyota Rush,бензин,АКПП,915000,146000.0,2009,0,1,0
4622,Toyota Tank,бензин,вариатор,950000,110000.0,2018,0,1,0
4623,Toyota Corolla Fielder,бензин,вариатор,1120000,160000.0,2015,0,1,0
4624,Toyota C-HR,бензин,вариатор,2195000,33000.0,2020,0,1,0
4625,Toyota Camry,гибрид,вариатор,4950000,,2025,0,1,0
4626,Toyota Aqua,гибрид,вариатор,670000,178000.0,2014,0,1,0
4627,Toyota Voxy,бензин,вариатор,2300000,88000.0,2019,0,1,0
4628,Toyota Land Cruiser,бензин,АКПП,2370000,240000.0,2005,0,1,0
4629,Toyota Fortuner,дизель,АКПП,4900000,40424.0,2019,0,1,0
4630,Toyota Raize,бензин,вариатор,1747000,32000.0,2020,0,1,0
4631,Toyota Mark II,бензин,АКПП,510000,333500.0,1994,0,1,0
4632,Toyota Corolla Axio,бензин,вариатор,1100000,130000.0,2018,0,1,0
4633,Toyota Land Cruiser,дизель,АКПП,2450000,250000.0,1995,0,1,0
4634,Toyota Vitz,бензин,вариатор,600000,204000.0,2009,0,1,0
4635,Toyota Harrier,бензин,вариатор,2500000,70200.0,2016,0,1,0
4636,Toyota Passo,бензин,вариатор,695000,70000.0,2018,0,1,0
4637,Toyota Land Cruiser,дизель,АКПП,2200000,190000.0,2002,0,1,0
4638,Toyota Mark II,бензин,АКПП,525000,230000.0,1996,0,1,0
4639,Toyota Passo,бензин,вариатор,500000,155000.0,2012,0,1,0
4640,Toyota Corolla Fielder,бензин,вариатор,915000,123700.0,2014,0,1,0
4641,Toyota Passo,бензин,вариатор,548000,105000.0,2012,0,1,0
4642,Toyota Corolla Fielder,бензин,вариатор,910000,110000.0,2014,0,1,0
4643,Toyota Fortuner,дизель,АКПП,5800000,26000.0,2021,0,1,0
4644,Toyota Corolla Axio,бензин,вариатор,780000,258000.0,2010,0,1,0
4645,Toyota Raize,бензин,вариатор,1595000,59000.0,2020,0,1,0
4646,Toyota Raize,бензин,вариатор,1580000,53000.0,2021,0,1,0
4647,Toyota Prius Alpha,гибрид,вариатор,1400000,166000.0,2015,0,1,0
4648,Toyota Yaris Cross,бензин,вариатор,2100000,42000.0,2021,0,1,0
4649,Toyota Wish,бензин,вариатор,980000,150270.0,2010,0,1,0
4650,Toyota Prius,гибрид,вариатор,1020000,3100.0,2012,0,1,0
4651,Toyota Harrier,бензин,вариатор,2858000,153000.0,2018,0,1,0
4652,Toyota Land Cruiser Prado,бензин,АКПП,1670000,250000.0,1998,0,1,0
4653,Toyota Porte,бензин,вариатор,1190000,8080.0,2020,0,1,0
4654,Toyota Roomy,бензин,вариатор,990000,98000.0,2021,0,1,0
4655,Toyota Passo,бензин,вариатор,890000,63000.0,2019,0,1,0
4656,Toyota Corolla Axio,бензин,вариатор,500000,250000.0,2009,0,1,0
4657,Toyota Yaris Cross,бензин,вариатор,1700000,38000.0,2021,0,1,0
4658,Toyota Passo,бензин,вариатор,600000,157000.0,2016,0,1,0
4659,Toyota Corolla Cross,бензин,вариатор,2500000,23375.0,2022,0,1,0
4660,Toyota Roomy,бензин,вариатор,849000,117596.0,2017,0,1,0
4661,Toyota Isis,бензин,вариатор,978000,138000.0,2012,0,1,0
4662,Toyota Corolla Axio,бензин,вариатор,1200000,166500.0,2017,0,1,0
4663,Toyota Camry,бензин,АКПП,2650000,94000.0,2020,0,1,0
4664,Toyota Corolla Fielder,гибрид,вариатор,1350000,80000.0,2018,0,1,0
4665,Toyota Vitz,бензин,вариатор,598000,87000.0,2012,0,1,0
4666,Toyota Sienta,бензин,вариатор,1310000,230000.0,2019,0,1,0
4667,Toyota Prius,гибрид,вариатор,820000,249000.0,2010,0,1,0
4668,Toyota Land Cruiser Prado,бензин,АКПП,2250000,259000.0,2008,0,1,0
4669,Toyota Land Cruiser Prado,бензин,АКПП,2250000,259000.0,2008,0,1,0
4670,Toyota Prius,гибрид,вариатор,770000,294001.0,2014,0,1,0
4671,Toyota Land Cruiser Prado,бензин,АКПП,5900000,36000.0,2021,0,1,0
4672,Toyota Vitz,бензин,вариатор,500000,132840.0,2010,0,1,0
4673,Toyota Corolla Axio,бензин,вариатор,1050000,161646.0,2015,0,1,0
4674,Toyota Hilux Surf,дизель,механика,1400000,300000.0,1995,0,1,0
4675,Toyota Lite Ace,дизель,АКПП,155000,250000.0,1997,0,1,0
4676,Toyota Rush,бензин,АКПП,880000,115000.0,2009,0,1,0
4677,Toyota RAV4,бензин,вариатор,1390000,135200.0,2010,0,1,0
4678,Toyota Prius,гибрид,вариатор,1450000,128000.0,2016,0,1,0
4679,Toyota Corolla,бензин,вариатор,1650000,47000.0,2020,0,1,0
4680,Toyota Crown,гибрид,вариатор,4650000,67000.0,2018,0,1,0
4681,Toyota Land Cruiser Prado,дизель,АКПП,4600000,107000.0,2019,0,1,0
4682,Toyota Allion,бензин,вариатор,890000,191000.0,2010,0,1,0
4683,Toyota Rush,бензин,АКПП,690000,170000.0,2008,0,1,0
4684,Toyota RAV4,бензин,вариатор,2950000,80000.0,2019,0,1,0
4685,Toyota Land Cruiser Prado,бензин,АКПП,4200000,89000.0,2018,0,1,0
4686,Toyota C-HR,гибрид,вариатор,1450000,135000.0,2017,0,1,0
4687,Toyota Highlander,бензин,АКПП,3100000,119000.0,2014,0,1,0
4688,Toyota Raize,бензин,вариатор,1350000,105000.0,2019,0,1,0
4689,Toyota Land Cruiser Prado,бензин,АКПП,3990000,212000.0,2019,0,1,0
4690,Toyota Prius,гибрид,вариатор,770000,316000.0,2010,0,1,0
4691,Toyota Pixis Van,бензин,механика,555000,125000.0,2018,0,1,0
4692,Toyota Voxy,гибрид,вариатор,2500000,85000.0,2019,0,1,0
4693,Toyota Premio,бензин,вариатор,1699000,103000.0,2017,0,1,0
4694,Toyota Noah,бензин,вариатор,1600000,152000.0,2013,0,1,0
4695,Toyota Harrier,бензин,вариатор,4590000,40000.0,2021,0,1,0
4696,Toyota Corolla,бензин,механика,350000,200000.0,1997,0,1,0
4697,Toyota Aqua,гибрид,вариатор,870000,144000.0,2016,0,1,0
4698,Toyota Yaris Cross,бензин,вариатор,1730000,27000.0,2020,0,1,0
4699,Toyota Roomy,бензин,вариатор,675000,112000.0,2021,0,1,0
4700,Toyota Harrier,гибрид,вариатор,3500000,250000.0,2017,0,1,0
4701,Toyota Voxy,гибрид,вариатор,1900000,190000.0,2018,0,1,0
4702,Toyota Roomy,бензин,вариатор,679000,150000.0,2017,0,1,0
4703,Toyota Hilux Surf,бензин,АКПП,1650000,436587.0,2001,0,1,0
4704,Toyota Hilux,дизель,АКПП,5550000,,2024,0,1,0
4705,Toyota Prius,гибрид,вариатор,705000,269000.0,2012,0,1,0
4706,Toyota Prius,гибрид,вариатор,705000,269000.0,2012,0,1,0
4707,Toyota Mark II Wagon Blit,бензин,АКПП,659000,253000.0,2004,0,1,0
4708,Toyota Premio,бензин,вариатор,1125000,138000.0,2014,0,1,0
4709,Toyota Prius Alpha,гибрид,вариатор,959000,179000.0,2013,0,1,0
4710,Toyota Belta,бензин,вариатор,431000,237000.0,2006,0,1,0
4711,Toyota ist,бензин,вариатор,699000,186000.0,2008,0,1,0
4712,Toyota Land Cruiser,бензин,АКПП,3900000,164000.0,2010,0,1,0
4713,Toyota Isis,бензин,вариатор,665000,181000.0,2006,0,1,0
4714,Toyota Corona SF,бензин,АКПП,324999,221908.0,1993,0,1,0
4715,Toyota Land Cruiser,дизель,АКПП,6990000,170000.0,2017,0,1,0
4716,Toyota Spade,бензин,вариатор,625000,151000.0,2013,0,1,0
4717,Toyota Hilux,дизель,АКПП,3350000,80000.0,2015,0,1,0
4718,Toyota Corolla Fielder,бензин,вариатор,1950000,33000.0,2022,0,1,0
4719,Toyota Corolla Spacio,бензин,АКПП,377000,300000.0,2001,0,1,0
4720,Toyota Land Cruiser,дизель,АКПП,6650000,200348.0,2019,0,1,0
4721,Toyota Prius Alpha,гибрид,вариатор,1239000,109000.0,2017,0,1,0
4722,Toyota Corolla Cross,бензин,вариатор,2490000,50000.0,2022,0,1,0
4723,Toyota Camry,бензин,АКПП,2790000,162000.0,2018,0,1,0
4724,Toyota Corolla Fielder,гибрид,вариатор,1250000,95000.0,2015,0,1,0
4725,Toyota Harrier,бензин,вариатор,2300000,102000.0,2017,0,1,0
4726,Toyota Wish,бензин,вариатор,1130000,126148.0,2009,0,1,0
4727,Toyota Land Cruiser,дизель,АКПП,1600000,375518.0,1995,0,1,0
4728,Toyota Prius,гибрид,вариатор,660000,179000.0,2007,0,1,0
4729,Toyota Aristo,бензин,АКПП,695000,230000.0,1998,0,1,0
4730,Toyota Isis,бензин,вариатор,1055000,80000.0,2014,0,1,0
4731,Toyota C-HR,бензин,вариатор,1440000,142400.0,2017,0,1,0
4732,Toyota Roomy,бензин,вариатор,572000,319000.0,2017,0,1,0
4733,Toyota Passo,бензин,вариатор,750000,144400.0,2017,0,1,0
4734,Toyota Corolla,бензин,АКПП,455000,180000.0,2000,0,1,0
4735,Toyota Corolla Fielder,бензин,вариатор,1515000,69400.0,2018,0,1,0
4736,Toyota Land Cruiser Prado,бензин,АКПП,2980000,205000.0,2011,0,1,0
4737,Toyota Ractis,бензин,вариатор,600000,221639.0,2010,0,1,0
4738,Toyota C-HR,гибрид,вариатор,2300000,110000.0,2020,0,1,0
4739,Toyota Yaris Cross,бензин,вариатор,1990000,25000.0,2022,0,1,0
4740,Toyota Camry,бензин,АКПП,960000,270000.0,2007,0,1,0
4741,Toyota Land Cruiser Prado,дизель,АКПП,5750000,61000.0,2021,0,1,0
4742,Toyota Sienta,бензин,вариатор,1430000,43600.0,2020,0,1,0
4743,Toyota Land Cruiser Prado,дизель,АКПП,5750000,61000.0,2021,0,1,0
4744,Toyota Sienta,бензин,вариатор,1430000,43600.0,2020,0,1,0
4745,Toyota Probox,бензин,АКПП,460000,220000.0,2006,0,1,0
4746,Toyota ist,бензин,АКПП,510000,230846.0,2002,0,1,0
4747,Toyota Corolla Fielder,бензин,вариатор,900000,240000.0,2016,0,1,0
4748,Toyota Land Cruiser Prado,дизель,АКПП,6000000,50000.0,2020,0,1,0
4749,Toyota Corolla Fielder,бензин,вариатор,1050000,158496.0,2014,0,1,0
4750,Toyota Prius,гибрид,вариатор,1550000,114042.0,2018,0,1,0
4751,Toyota Harrier,бензин,вариатор,3500000,32000.0,2022,0,1,0
4752,Toyota Land Cruiser,бензин,АКПП,2148000,126000.0,2003,0,1,0
4753,Toyota Land Cruiser Prado,дизель,АКПП,1800000,290811.0,2000,0,1,0
4754,Toyota Aqua,гибрид,вариатор,848000,147000.0,2014,0,1,0
4755,Toyota Prius,гибрид,вариатор,538000,172000.0,2007,0,1,0
4756,Toyota Corolla Fielder,бензин,автомат,1500000,111000.0,2016,0,1,0
4757,Toyota Vitz,бензин,вариатор,690000,187717.0,2012,0,1,0
4758,Toyota Crown Majesta,гибрид,вариатор,1400000,151000.0,2013,0,1,0
4759,Toyota Hilux,дизель,механика,1300000,390000.0,2007,0,1,0
4760,Toyota Probox,бензин,АКПП,540000,320000.0,2009,0,1,0
4761,Toyota Harrier,бензин,АКПП,1300000,240000.0,2003,0,1,0
4762,Toyota Land Cruiser,дизель,АКПП,2550000,350000.0,1995,0,1,0
4763,Toyota Land Cruiser Prado,бензин,АКПП,1835000,325000.0,2003,0,1,0
4764,Toyota Lite Ace Noah,бензин,АКПП,620000,238000.0,2001,0,1,0
4765,Toyota Auris,бензин,вариатор,775000,146000.0,2010,0,1,0
4766,Toyota ist,бензин,вариатор,500000,239000.0,2009,0,1,0
4767,Toyota Town Ace,бензин,АКПП,765000,150000.0,2009,0,1,0
4768,Toyota Prius,гибрид,вариатор,1500000,165000.0,2015,0,1,0
4769,Toyota Mark X,бензин,АКПП,850000,273000.0,2004,0,1,0
4770,Toyota Yaris,бензин,вариатор,1200000,14760.0,2023,0,1,0
4771,Toyota Allion,бензин,вариатор,900000,165000.0,2010,0,1,0
4772,Toyota bB,бензин,АКПП,585000,113000.0,2011,0,1,0
4773,Toyota Land Cruiser,бензин,АКПП,1950000,250000.0,1997,0,1,0
4774,Toyota Probox,бензин,вариатор,1155000,142000.0,2022,0,1,0
4775,Toyota Premio,бензин,вариатор,1605000,124000.0,2018,0,1,0
4776,Toyota Wish,бензин,вариатор,1025000,145000.0,2010,0,1,0
4777,Toyota Yaris Cross,бензин,вариатор,1835000,6500.0,2022,0,1,0
4778,Toyota Wish,бензин,вариатор,1245000,122000.0,2012,0,1,0
4779,Toyota Corolla,бензин,вариатор,1695000,106000.0,2020,0,1,0
4780,Toyota Corolla Cross,бензин,вариатор,2645000,25000.0,2022,0,1,0
4781,Toyota Yaris Cross,бензин,вариатор,1895000,13400.0,2022,0,1,0
4782,Toyota Vanguard,бензин,вариатор,1300000,105000.0,2007,0,1,0
4783,Toyota Raize,бензин,вариатор,1400000,86000.0,2022,0,1,0
4784,Toyota Land Cruiser,дизель,АКПП,8700000,70000.0,2019,0,1,0
4785,Toyota Corolla,бензин,вариатор,1350000,92000.0,2022,0,1,0
4786,Toyota Prius,гибрид,вариатор,1150000,290000.0,2009,0,1,0
4787,Toyota ist,бензин,АКПП,450000,323326.0,2003,0,1,0
4788,Toyota Corolla Spacio,бензин,АКПП,499000,300.0,2003,0,1,0
4789,Toyota Ractis,бензин,вариатор,900000,155411.0,2014,0,1,0
4790,Toyota Corolla Fielder,бензин,вариатор,1150000,177123.0,2017,0,1,0
4791,Toyota Vitz,бензин,вариатор,530000,55000.0,2008,0,1,0
4792,Toyota Corolla Fielder,бензин,вариатор,680000,199591.0,2008,0,1,0
4793,Toyota Crown,бензин,АКПП,1425000,185000.0,2013,0,1,0
4794,Toyota Land Cruiser Prado,бензин,АКПП,1900000,278145.0,2005,0,1,0
4795,Toyota Allion,бензин,вариатор,849000,221000.0,2007,0,1,0
4796,Toyota Premio,бензин,вариатор,1150000,120000.0,2010,0,1,0
4797,Toyota Chaser,бензин,АКПП,1050000,196000.0,1998,0,1,0
4798,Toyota Premio,бензин,вариатор,1460000,130000.0,2015,0,1,0
4799,Toyota Auris,бензин,вариатор,900000,227314.0,2010,0,1,0
4800,Toyota Alphard,гибрид,вариатор,4000000,104000.0,2018,0,1,0
4801,Toyota Prius,гибрид,вариатор,1450000,201.0,2016,0,1,0
4802,Toyota Prius,гибрид,вариатор,1100000,150000.0,2011,0,1,0
4803,Toyota Hilux,бензин,АКПП,8899000,2500.0,2023,0,1,0
4804,Toyota Aqua,гибрид,автомат,850000,174000.0,2015,0,1,0
4805,Toyota RAV4,бензин,АКПП,2500000,92400.0,2016,0,1,0
4806,Toyota Corolla Rumion,бензин,вариатор,850000,203000.0,2008,0,1,0
4807,Toyota C-HR,гибрид,вариатор,1900000,90.0,2017,0,1,0
4808,Toyota Aqua,гибрид,вариатор,530000,246000.0,2015,0,1,0
4809,Toyota Harrier,бензин,АКПП,1780000,103.0,2011,0,1,0
4810,Toyota Prius,гибрид,вариатор,1500000,90000.0,2016,0,1,0
4811,Toyota Corolla Axio,бензин,вариатор,1000000,263600.0,2017,0,1,0
4812,Toyota RAV4,бензин,АКПП,435000,400000.0,1994,0,1,0
4813,Toyota Prius,гибрид,вариатор,1550000,141000.0,2015,0,1,0
4814,Toyota Prius,гибрид,вариатор,799000,310000.0,2008,0,1,0
4815,Toyota Vitz,бензин,вариатор,870000,70000.0,2019,0,1,0
4816,Toyota Ipsum,бензин,автомат,370000,213733.0,1996,0,1,0
4817,Toyota Mark II,бензин,АКПП,680000,390000.0,1998,0,1,0
4818,Toyota C-HR,гибрид,вариатор,2245000,56000.0,2018,0,1,0
4819,Toyota Crown,бензин,АКПП,1250000,289816.0,2004,0,1,0
4820,Toyota Allion,бензин,автомат,1250000,83000.0,2010,0,1,0
4821,Toyota ist,бензин,АКПП,450000,199000.0,2005,0,1,0
4822,Toyota ist,бензин,АКПП,450000,199000.0,2005,0,1,0
4823,Toyota Hilux Surf,бензин,АКПП,980000,130000.0,1996,0,1,0
4824,Toyota C-HR,бензин,вариатор,1900000,60500.0,2018,0,1,0
4825,Toyota Ipsum,бензин,АКПП,450000,270000.0,1996,0,1,0
4826,Toyota RAV4,бензин,вариатор,1050000,232692.0,2006,0,1,0
4827,Toyota Wish,бензин,АКПП,720000,192500.0,2003,0,1,0
4828,Toyota Land Cruiser Prado,бензин,АКПП,3450000,145000.0,2011,0,1,0
4829,Toyota Crown,гибрид,вариатор,2500000,195000.0,2017,0,1,0
4830,Toyota Hilux,дизель,механика,2550000,248000.0,2012,0,1,0
4831,Toyota Succeed,бензин,АКПП,610000,178000.0,2008,0,1,0
4832,Toyota Prius,гибрид,вариатор,950000,200000.0,2015,0,1,0
4833,Toyota Prius Alpha,гибрид,вариатор,870000,371000.0,2011,0,1,0
4834,Toyota Succeed,бензин,АКПП,670000,273000.0,2009,0,1,0
4835,Toyota Venza,гибрид,автомат,5990000,38000.0,2022,0,1,0
4836,Toyota Kluger V,бензин,АКПП,1100000,233500.0,2005,0,1,0
4837,Toyota Corsa,бензин,АКПП,250000,267265.0,1998,0,1,0
4838,Toyota Raum,бензин,автомат,320000,300000.0,1984,0,1,0
4839,Toyota Venza,бензин,АКПП,2000000,152000.0,2011,0,1,0
4840,Toyota Corolla Axio,бензин,вариатор,1310000,180000.0,2019,0,1,0
4841,Toyota Land Cruiser Prado,бензин,АКПП,2900000,255000.0,2012,0,1,0
4842,Toyota Vitz,бензин,вариатор,840000,60000.0,2013,0,1,0
4843,Toyota Allion,бензин,вариатор,1640000,128000.0,2016,0,1,0
4844,Toyota Yaris Cross,бензин,вариатор,2150000,25000.0,2020,0,1,0
4845,Toyota Land Cruiser,дизель,автомат,1450000,430000.0,1991,0,1,0
4846,Toyota Mark II,бензин,АКПП,540000,167000.0,1992,0,1,0
4847,Toyota Corolla,бензин,АКПП,220000,120000.0,2000,0,1,0
4848,Toyota Sprinter,бензин,АКПП,280000,150000.0,1994,0,1,0
4849,Toyota Vitz,бензин,вариатор,940000,95000.0,2019,0,1,0
4850,Toyota Voxy,гибрид,автомат,1600000,200000.0,2014,0,1,0
4851,Toyota Town Ace,дизель,автомат,400000,250000.0,2000,0,1,0
4852,Toyota bB,бензин,АКПП,680000,103000.0,2008,0,1,0
4853,Toyota Prius,гибрид,вариатор,900000,412100.0,2015,0,1,0
4854,Toyota Vitz,бензин,АКПП,650000,213000.0,2010,0,1,0
4855,Toyota Porte,бензин,АКПП,600000,155000.0,2010,0,1,0
4856,Toyota Hilux Surf,дизель,автомат,1500000,389242.0,1998,0,1,0
4857,Toyota Allion,бензин,вариатор,960000,153000.0,2011,0,1,0
4858,Toyota Corolla Axio,бензин,вариатор,670000,167952.0,2008,0,1,0
4859,Toyota Corolla Fielder,бензин,вариатор,900000,148000.0,2014,0,1,0
4860,Toyota Land Cruiser Prado,дизель,АКПП,1500000,239000.0,1999,0,1,0
4861,Toyota Yaris Cross,бензин,вариатор,1870000,42000.0,2021,0,1,0
4862,Toyota Yaris Cross,бензин,вариатор,1870000,42000.0,2021,0,1,0
4863,Toyota Crown,гибрид,вариатор,2000000,261200.0,2009,0,1,0
4864,Toyota Premio,бензин,АКПП,580000,180267.0,2002,0,1,0
4865,Toyota RAV4,бензин,вариатор,2100000,198556.0,2015,0,1,0
4866,Toyota Corolla Fielder,бензин,вариатор,1200000,77683.0,2010,0,1,0
4867,Toyota Land Cruiser Prado,бензин,АКПП,2100000,340000.0,2003,0,1,0
4868,Toyota Corolla Fielder,бензин,вариатор,1020000,179000.0,2013,0,1,0
4869,Toyota Caldina,бензин,АКПП,650000,376999.0,2007,0,1,0
4870,Toyota Land Cruiser,дизель,механика,2500000,270000.0,1994,0,1,0
4871,Toyota Corolla Fielder,гибрид,вариатор,1050000,112000.0,2014,0,1,0
4872,Toyota Land Cruiser Prado,бензин,АКПП,2720000,161000.0,2010,0,1,0
4873,Toyota Harrier,бензин,АКПП,820000,296000.0,1999,0,1,0
4874,Toyota Allion,бензин,вариатор,1400000,81600.0,2010,0,1,0
4875,Toyota Vanguard,бензин,вариатор,1550000,154000.0,2011,0,1,0
4876,Toyota Alphard,бензин,вариатор,2200000,170000.0,2013,0,1,0
4877,Toyota Yaris Cross,бензин,вариатор,2650000,90000.0,2020,0,1,0
4878,Toyota RAV4,бензин,вариатор,1990000,154000.0,2015,0,1,0
4879,Toyota Land Cruiser Prado,дизель,АКПП,2550000,333333.0,2010,0,1,0
4880,Toyota Sai,гибрид,вариатор,1300000,200000.0,2014,0,1,0
4881,Toyota Crown,бензин,АКПП,295000,300000.0,1990,0,1,0
4882,Toyota Land Cruiser,дизель,АКПП,7700000,104500.0,2018,0,1,0
4883,Toyota Crown Majesta,бензин,АКПП,2455000,3000.0,1999,0,1,0
4884,Toyota Blade,бензин,вариатор,950000,178000.0,2011,0,1,0
4885,Toyota Spade,бензин,вариатор,830000,92000.0,2015,0,1,0
4886,Toyota RAV4,бензин,АКПП,580000,150000.0,2001,0,1,0
4887,Toyota Corolla Fielder,бензин,вариатор,1045000,69000.0,2012,0,1,0
4888,Toyota Raize,бензин,вариатор,1715000,69000.0,2021,0,1,0
4889,Toyota Camry,бензин,автомат,3100000,140000.0,2020,0,1,0
4890,Toyota Harrier,бензин,вариатор,2350000,140.0,2016,0,1,0
4891,Toyota Succeed,бензин,АКПП,650000,174000.0,2012,0,1,0
4892,Toyota Vitz,бензин,механика,630000,100000.0,2004,0,1,0
4893,Toyota Allion,бензин,вариатор,1495000,34000.0,2013,0,1,0
4894,Toyota Wish,бензин,вариатор,1250000,91244.0,2011,0,1,0
4895,Toyota Prius,гибрид,автомат,1300000,128000.0,2014,0,1,0
4896,Toyota Passo,бензин,АКПП,365000,365000.0,2006,0,1,0
4897,Toyota Prius,гибрид,вариатор,1050000,340000.0,2014,0,1,0
4898,Toyota Roomy,бензин,вариатор,930000,87000.0,2021,0,1,0
4899,Toyota Corolla Axio,бензин,вариатор,590000,200000.0,2010,0,1,0
4900,Toyota Hiace,дизель,автомат,350000,344000.0,1991,0,1,0
4901,Toyota FJ Cruiser,бензин,АКПП,3750000,190857.0,2010,0,1,0
4902,Toyota Mark X,бензин,АКПП,1300000,354000.0,2007,0,1,0
4903,Toyota Wish,бензин,вариатор,1200000,140000.0,2012,0,1,0
4904,Toyota Corolla Fielder,бензин,АКПП,640000,310000.0,2005,0,1,0
4905,Toyota Alphard,гибрид,вариатор,3999000,125000.0,2017,0,1,0
4906,Toyota Wish,бензин,АКПП,850000,181500.0,2007,0,1,0
4907,Toyota Town Ace,бензин,АКПП,410000,200000.0,2001,0,1,0
4908,Toyota Vellfire,бензин,вариатор,800000,147800.0,2008,0,1,0
4909,Toyota Probox,бензин,АКПП,490000,250000.0,2006,0,1,0
4910,Toyota Estima,бензин,вариатор,750000,163200.0,2013,0,1,0
4911,Toyota Land Cruiser,бензин,АКПП,1960000,178000.0,2003,0,1,0
4912,Toyota Alphard,бензин,вариатор,800000,154500.0,2009,0,1,0
4913,Toyota Harrier,бензин,вариатор,2620000,101500.0,2018,0,1,0
4914,Toyota Harrier,бензин,вариатор,2720000,107500.0,2018,0,1,0
4915,Toyota Land Cruiser,дизель,АКПП,2150000,171000.0,1993,0,1,0
4916,Toyota Alphard,бензин,вариатор,800000,151300.0,2008,0,1,0
4917,Toyota Estima,бензин,вариатор,655000,142000.0,2010,0,1,0
4918,Toyota Alphard,бензин,вариатор,975000,143200.0,2008,0,1,0
4919,Toyota Alphard,бензин,вариатор,1700000,150610.0,2016,0,1,0
4920,Toyota Harrier,бензин,АКПП,2850000,127270.0,2018,0,1,0
4921,Toyota Vellfire,бензин,вариатор,825000,181000.0,2012,0,1,0
4922,Toyota Land Cruiser,дизель,АКПП,2150000,249000.0,1996,0,1,0
4923,Toyota Land Cruiser,бензин,АКПП,2325000,101000.0,1995,0,1,0
4924,Toyota Vellfire,бензин,вариатор,1700000,131800.0,2015,0,1,0
4925,Toyota Passo,бензин,вариатор,750000,57950.0,2016,0,1,0
4926,Toyota Isis,бензин,вариатор,1150000,150000.0,2012,0,1,0
4927,Toyota Lite Ace,дизель,механика,330000,210000.0,1995,0,1,0
4928,Toyota Vitz,бензин,вариатор,475000,174100.0,2009,0,1,0
4929,Toyota Hiace Regius,дизель,АКПП,820000,280000.0,1997,0,1,0
4930,Toyota Roomy,бензин,вариатор,675000,77565.0,2019,0,1,0
4931,Toyota Yaris Cross,бензин,вариатор,1590000,70000.0,2021,0,1,0
4932,Toyota Sienta,бензин,вариатор,1450000,72044.0,2019,0,1,0
4933,Toyota Cami,бензин,АКПП,300000,181000.0,2000,0,1,0
4934,Toyota Noah,бензин,вариатор,1550000,190000.0,2011,0,1,0
4935,Toyota Land Cruiser,дизель,АКПП,4200000,225000.0,2014,0,1,0
4936,Toyota Land Cruiser Prado,дизель,АКПП,4040000,120000.0,2018,0,1,0
4937,Toyota Vitz,гибрид,вариатор,720000,160000.0,2017,0,1,0
4938,Toyota Vanguard,бензин,вариатор,1480000,100213.0,2013,0,1,0
4939,Toyota Prius,гибрид,вариатор,1250000,17000.0,2013,0,1,0
4940,Toyota Allion,бензин,вариатор,950000,315.0,2008,0,1,0
4941,Toyota Carina,бензин,АКПП,150000,344766.0,1990,0,1,0
4942,Toyota Prius,гибрид,вариатор,850000,214000.0,2011,0,1,0
4943,Toyota Mark X,бензин,АКПП,830000,215000.0,2005,0,1,0
4944,Toyota Land Cruiser,дизель,АКПП,3350000,300000.0,2010,0,1,0
4945,Toyota Voxy,бензин,вариатор,1150000,263000.0,2007,0,1,0
4946,Toyota Corolla Axio,бензин,вариатор,1350000,74000.0,2021,0,1,0
4947,Toyota Corolla,бензин,механика,145000,200000.0,1994,0,1,0
4948,Toyota Prius,гибрид,вариатор,199999,273497.0,1998,0,1,0
4949,Toyota Ractis,бензин,вариатор,825000,120047.0,2011,0,1,0
4950,Toyota C-HR,бензин,вариатор,1750000,68468.0,2018,0,1,0
4951,Toyota RAV4,бензин,АКПП,800000,80000.0,2002,0,1,0
4952,Toyota Land Cruiser Prado,бензин,АКПП,2900000,63000.0,2012,0,1,0
4953,Toyota Vitz,бензин,вариатор,470000,66000.0,2008,0,1,0
4954,Toyota Sprinter,бензин,АКПП,295000,150000.0,1995,0,1,0
4955,Toyota FJ Cruiser,бензин,механика,3300000,102000.0,2010,0,1,0
4956,Toyota RAV4,бензин,вариатор,995000,146500.0,2008,0,1,0
4957,Toyota Land Cruiser,бензин,АКПП,3800000,289000.0,2007,0,1,0
4958,Toyota Rush,бензин,АКПП,1050000,161000.0,2012,0,1,0
4959,Toyota Voxy,бензин,вариатор,1850000,176000.0,2017,0,1,0
4960,Toyota Noah,гибрид,вариатор,1490000,124000.0,2014,0,1,0
4961,Toyota Vitz,гибрид,вариатор,915000,118623.0,2017,0,1,0
4962,Toyota Mark II,бензин,автомат,780000,317000.0,1997,0,1,0
4963,Toyota Roomy,бензин,вариатор,930000,60330.0,2018,0,1,0
4964,Toyota Passo,бензин,АКПП,360000,195.0,2008,0,1,0
4965,Toyota Premio,бензин,вариатор,850000,151000.0,2007,0,1,0
4966,Toyota Wish,бензин,АКПП,700000,183000.0,2003,0,1,0
4967,Toyota Vitz,бензин,вариатор,525000,193000.0,2009,0,1,0
4968,Toyota Land Cruiser Prado,дизель,АКПП,850000,340421.0,1994,0,1,0
4969,Toyota Alphard,гибрид,вариатор,5200000,77000.0,2022,0,1,0
4970,Toyota Crown,гибрид,вариатор,2300000,161000.0,2016,0,1,0
4971,Toyota Hiace,дизель,автомат,185000,300000.0,1992,0,1,0
4972,Toyota Prius,гибрид,вариатор,1055000,84500.0,2008,0,1,0
4973,Toyota Cami,бензин,АКПП,285000,185000.0,1999,0,1,0
4974,Toyota Hilux,дизель,механика,1470000,232000.0,1994,0,1,0
4975,Toyota Sprinter Carib,бензин,АКПП,125000,200000.0,1986,0,1,0
4976,Toyota Land Cruiser,бензин,АКПП,3250000,195000.0,2008,0,1,0
4977,Toyota Harrier,гибрид,вариатор,4170000,39000.0,2021,0,1,0
4978,Toyota Succeed,бензин,АКПП,220000,230000.0,2003,0,1,0
4979,Toyota Alphard,гибрид,вариатор,5400000,213000.0,2018,0,1,0
4980,Toyota Allion,бензин,вариатор,1800000,93000.0,2017,0,1,0
4981,Toyota Corolla Fielder,бензин,вариатор,520000,208000.0,2008,0,1,0
4982,Toyota Probox,бензин,вариатор,1030000,140000.0,2021,0,1,0
4983,Toyota C-HR,бензин,вариатор,1650000,60000.0,2018,0,1,0
4984,Toyota Land Cruiser Prado,бензин,АКПП,2900000,290000.0,2011,0,1,0
4985,Toyota Land Cruiser,дизель,АКПП,10700000,22000.0,2023,0,1,0
4986,Toyota Ractis,бензин,вариатор,1050000,114000.0,2015,0,1,0
4987,Toyota Vitz,бензин,вариатор,920000,87000.0,2019,0,1,0
4988,Toyota Mark X,бензин,АКПП,1100000,170000.0,2008,0,1,0
4989,Toyota Vitz,бензин,АКПП,630000,170000.0,2010,0,1,0
4990,Toyota Tank,бензин,вариатор,1000000,89000.0,2017,0,1,0
4991,Toyota Caldina,бензин,АКПП,355000,242000.0,1993,0,1,0
4992,Toyota Corolla Axio,бензин,вариатор,800000,290000.0,2013,0,1,0
4993,Toyota Caldina,бензин,АКПП,460000,330000.0,1997,0,1,0
4994,Toyota RAV4,бензин,вариатор,3500000,,2025,0,1,0
4995,Toyota RAV4,бензин,вариатор,2350000,155368.0,2017,0,1,0
4996,Toyota Carina,бензин,АКПП,299999,20000.0,1994,0,1,0
4997,Toyota Harrier,гибрид,вариатор,4390000,36000.0,2020,0,1,0
4998,Toyota Corolla Fielder,гибрид,вариатор,1415000,145677.0,2015,0,1,0
4999,Toyota Corolla Fielder,гибрид,вариатор,1435000,99576.0,2019,0,1,0
5000,Toyota Corolla Fielder,гибрид,вариатор,1420000,99714.0,2019,0,1,0
5001,Toyota Corolla Fielder,гибрид,вариатор,1385000,101342.0,2019,0,1,0
5002,Toyota Corolla Fielder,гибрид,вариатор,1355000,123712.0,2019,0,1,0
5003,Toyota C-HR,бензин,вариатор,1900000,52000.0,2021,0,1,0
5004,Toyota Prius,гибрид,вариатор,780000,109000.0,2011,0,1,0
5005,Toyota C-HR,гибрид,вариатор,2050000,67000.0,2019,0,1,0
5006,Toyota Land Cruiser,дизель,механика,1550000,,1992,0,1,0
5007,Toyota Roomy,бензин,вариатор,678000,90000.0,2022,0,1,0
5008,Toyota Chaser,бензин,механика,600000,326000.0,1996,0,1,0
5009,Toyota Premio,бензин,вариатор,740000,285000.0,2004,0,1,0
5010,Toyota Belta,бензин,АКПП,450000,209415.0,2008,0,1,0
5011,Toyota Rush,бензин,АКПП,1100000,121000.0,2011,0,1,0
5012,Toyota C-HR,бензин,вариатор,1490000,175000.0,2017,0,1,0
5013,Toyota Tercel,дизель,механика,150000,221000.0,1992,0,1,0
5014,Toyota Sienta,гибрид,вариатор,1300000,311737.0,2018,0,1,0
5015,Toyota Raize,бензин,вариатор,1399000,49000.0,2020,0,1,0
5016,Toyota Corolla Fielder,бензин,вариатор,1350000,122000.0,2019,0,1,0
5017,Toyota iQ,бензин,вариатор,660000,75000.0,2009,0,1,0
5018,Toyota Wish,бензин,вариатор,1300000,216258.0,2015,0,1,0
5019,Toyota C-HR,гибрид,вариатор,2240000,90000.0,2021,0,1,0
5020,Toyota Tank,бензин,вариатор,920000,54900.0,2019,0,1,0
5021,Toyota Cresta,бензин,АКПП,605000,200000.0,1990,0,1,0
5022,Toyota Tank,бензин,вариатор,695000,184000.0,2017,0,1,0
5023,Toyota Hilux,дизель,АКПП,6950000,30500.0,2021,0,1,0
5024,Toyota Harrier,бензин,АКПП,1100000,295000.0,2003,0,1,0
5025,Toyota Corolla Fielder,бензин,вариатор,1350000,78000.0,2020,0,1,0
5026,Toyota Noah,гибрид,вариатор,1470000,250.0,2016,0,1,0
5027,Toyota Alphard,бензин,АКПП,1550000,202000.0,2006,0,1,0
5028,Toyota Premio,бензин,вариатор,770000,270000.0,2007,0,1,0
5029,Toyota RAV4,бензин,вариатор,890000,189000.0,2007,0,1,0
5030,Toyota C-HR,бензин,вариатор,1500000,124734.0,2017,0,1,0
5031,Toyota Land Cruiser Prado,бензин,АКПП,4199000,15035.0,2022,0,1,0
5032,Toyota Land Cruiser Prado,бензин,АКПП,4299000,25458.0,2022,0,1,0
5033,Toyota Land Cruiser Prado,бензин,АКПП,3999000,44000.0,2022,0,1,0
5034,Toyota Land Cruiser Prado,бензин,АКПП,4799000,31388.0,2021,0,1,0
5035,Toyota Land Cruiser Prado,бензин,АКПП,4899000,31048.0,2021,0,1,0
5036,Toyota Land Cruiser Prado,бензин,АКПП,4899000,24533.0,2021,0,1,0
5037,Toyota Land Cruiser Prado,бензин,АКПП,7199000,11.0,2024,0,1,0
5038,Toyota Land Cruiser,дизель,АКПП,3600000,100000.0,2008,0,1,0
5039,Toyota C-HR,бензин,вариатор,2050000,46000.0,2017,0,1,0
5040,Toyota Harrier,гибрид,вариатор,1399000,253000.0,2008,0,1,0
5041,Toyota 4Runner,бензин,АКПП,1600000,256860.0,2001,0,1,0
5042,Toyota Yaris,бензин,вариатор,1300000,48000.0,2020,0,1,0
5043,Toyota Voxy,гибрид,вариатор,1485000,150000.0,2014,0,1,0
5044,Toyota Esquire,гибрид,вариатор,1495000,170000.0,2014,0,1,0
5045,Toyota Voxy,гибрид,вариатор,1485000,140000.0,2014,0,1,0
5046,Toyota Voxy,гибрид,вариатор,1495000,140000.0,2014,0,1,0
5047,Toyota Land Cruiser,бензин,АКПП,8649999,48000.0,2019,0,1,0
5048,Toyota C-HR,бензин,вариатор,2349999,21000.0,2021,0,1,0
5049,Toyota Alphard,гибрид,вариатор,4100000,123000.0,2021,0,1,0
5050,Toyota Raize,бензин,вариатор,1370000,113040.0,2020,0,1,0
5051,Toyota Land Cruiser,дизель,АКПП,6500000,150000.0,2017,0,1,0
5052,Toyota Land Cruiser,бензин,АКПП,7500000,126000.0,2019,0,1,0
5053,Toyota Crown,бензин,АКПП,950000,295000.0,1995,0,1,0
5054,Toyota Yaris L,бензин,вариатор,1270000,32000.0,2022,0,1,0
5055,Toyota Frontlander,бензин,вариатор,1900000,40000.0,2022,0,1,0
5056,Toyota Raize,бензин,вариатор,1600000,41000.0,2020,0,1,0
5057,Toyota Land Cruiser,бензин,АКПП,5500000,167000.0,2015,0,1,0
5058,Toyota Vitz,бензин,АКПП,510000,231000.0,2005,0,1,0
5059,Toyota Corolla,бензин,вариатор,1370000,26000.0,2020,0,1,0
5060,Toyota Corolla,бензин,автомат,1370000,23000.0,2021,0,1,0
5061,Toyota Levin,бензин,вариатор,1350000,35000.0,2022,0,1,0
5062,Toyota Allion,бензин,вариатор,1810000,8000.0,2021,0,1,0
5063,Toyota Levin,бензин,вариатор,1350000,31000.0,2021,0,1,0
5064,Toyota Frontlander,бензин,вариатор,2050000,64000.0,2022,0,1,0
5065,Toyota Raize,бензин,вариатор,1330000,55893.0,2021,0,1,0
5066,Toyota Corolla,бензин,автомат,1350000,32000.0,2021,0,1,0
5067,Toyota Yaris L,бензин,вариатор,1250000,43000.0,2021,0,1,0
5068,Toyota Levin,бензин,вариатор,1380000,38000.0,2021,0,1,0
5069,Toyota Corolla,бензин,автомат,1310000,38000.0,2021,0,1,0
5070,Toyota bB,бензин,АКПП,420000,185000.0,2009,0,1,0
5071,Toyota Esquire,гибрид,вариатор,1900000,131190.0,2017,0,1,0
5072,Toyota Frontlander,бензин,вариатор,1880000,31000.0,2022,0,1,0
5073,Toyota Raize,бензин,вариатор,1930000,22000.0,2020,0,1,0
5074,Toyota C-HR,бензин,вариатор,2000000,59700.0,2019,0,1,0
5075,Toyota Land Cruiser,бензин,АКПП,3770000,385800.0,2012,0,1,0
5076,Toyota Mark II,бензин,АКПП,700000,207000.0,2000,0,1,0
5077,Toyota Raize,бензин,вариатор,1750000,42000.0,2020,0,1,0
5078,Toyota Spade,бензин,вариатор,950000,107000.0,2013,0,1,0
5079,Toyota Vitz,бензин,вариатор,760000,56.0,2012,0,1,0
5080,Toyota Roomy,бензин,вариатор,630000,173000.0,2016,0,1,0
5081,Toyota Corolla Axio,бензин,вариатор,901000,260000.0,2015,0,1,0
5082,Toyota Land Cruiser Prado,бензин,АКПП,4800000,26000.0,2022,0,1,0
5083,Toyota Raize,бензин,вариатор,1700000,26055.0,2020,0,1,0
5084,Toyota Alphard,гибрид,вариатор,4150000,86000.0,2018,0,1,0
5085,Toyota Vellfire,бензин,вариатор,2220000,188000.0,2011,0,1,0
5086,Toyota RAV4,гибрид,вариатор,3800000,79000.0,2019,0,1,0
5087,Toyota Land Cruiser Prado,бензин,АКПП,12900000,,2024,0,1,0
5088,Toyota Vellfire,бензин,вариатор,750000,117000.0,2012,0,1,0
5089,Toyota Alphard,бензин,автомат,890000,156000.0,2011,0,1,0
5090,Toyota Vitz,бензин,вариатор,670000,98500.0,2016,0,1,0
5091,Toyota Hilux,дизель,АКПП,5900000,78000.0,2021,0,1,0
5092,Toyota Vitz,бензин,вариатор,670000,98500.0,2016,0,1,0
5093,Toyota Hilux,дизель,АКПП,5900000,78000.0,2021,0,1,0
5094,Toyota Roomy,бензин,вариатор,690000,119000.0,2021,0,1,0
5095,Toyota Land Cruiser Prado,бензин,АКПП,2700000,195000.0,2011,0,1,0
5096,Toyota Land Cruiser Prado,дизель,АКПП,1600000,1000.0,1996,0,1,0
5097,Toyota Harrier,гибрид,вариатор,4400000,53000.0,2021,0,1,0
5098,Toyota Kluger V,бензин,АКПП,780000,442225.0,2001,0,1,0
5099,Toyota Prius,гибрид,вариатор,2500000,48000.0,2021,0,1,0
5100,Toyota Alphard,гибрид,вариатор,4500000,105000.0,2018,0,1,0
5101,Toyota Hiace,дизель,автомат,4350000,118000.0,2019,0,1,0
5102,Toyota Prius Alpha,гибрид,вариатор,1000000,168000.0,2012,0,1,0
5103,Toyota Land Cruiser Prado,бензин,АКПП,2125000,170566.0,2006,0,1,0
5104,Toyota Corolla Axio,бензин,вариатор,830000,127896.0,2014,0,1,0
5105,Toyota Wish,бензин,вариатор,600000,117000.0,2009,0,1,0
5106,Toyota Mark X,бензин,АКПП,1470000,140000.0,2009,0,1,0
5107,Toyota ist,бензин,АКПП,580000,187435.0,2004,0,1,0
5108,Toyota Roomy,бензин,вариатор,937000,70000.0,2020,0,1,0
5109,Toyota Wish,бензин,вариатор,1680000,90000.0,2015,0,1,0
5110,Toyota Passo,бензин,вариатор,750000,50000.0,2020,0,1,0
5111,Toyota Town Ace,дизель,АКПП,110000,253000.0,1993,0,1,0
5112,Toyota Vitz,бензин,вариатор,840000,83000.0,2019,0,1,0
5113,Toyota Raize,бензин,вариатор,1270000,122000.0,2021,0,1,0
5114,Toyota Corolla,бензин,вариатор,1480000,72000.0,2019,0,1,0
5115,Toyota Rush,бензин,АКПП,680000,160230.0,2007,0,1,0
5116,Toyota Prius,гибрид,вариатор,1600000,135000.0,2016,0,1,0
5117,Toyota Esquire,гибрид,вариатор,1750000,175000.0,2017,0,1,0
5118,Toyota Harrier,гибрид,вариатор,2280000,116000.0,2014,0,1,0
5119,Toyota Passo,бензин,вариатор,557000,73000.0,2010,0,1,0
5120,Toyota Land Cruiser,дизель,автомат,1200000,150000.0,1993,0,1,0
5121,Toyota Cresta,бензин,АКПП,400000,300000.0,1993,0,1,0
5122,Toyota Prius,гибрид,вариатор,820000,156814.0,2010,0,1,0
5123,Toyota Aqua,гибрид,вариатор,745000,202000.0,2014,0,1,0
5124,Toyota Land Cruiser Prado,бензин,АКПП,1230000,315000.0,1998,0,1,0
5125,Toyota Passo,бензин,вариатор,717000,85000.0,2018,0,1,0
5126,Toyota Tank,бензин,вариатор,818000,85000.0,2017,0,1,0
5127,Toyota Roomy,бензин,вариатор,838000,120000.0,2019,0,1,0
5128,Toyota Mark II,бензин,АКПП,590000,250000.0,1999,0,1,0
5129,Toyota C-HR,бензин,вариатор,1700000,157000.0,2017,0,1,0
5130,Toyota Roomy,бензин,вариатор,640000,110000.0,2021,0,1,0
5131,Toyota Prius,гибрид,вариатор,1300000,347000.0,2016,0,1,0
5132,Toyota Crown,гибрид,вариатор,5280000,16000.0,2023,0,1,0
5133,Toyota Harrier,бензин,АКПП,1030000,193000.0,2004,0,1,0
5134,Toyota Ractis,бензин,вариатор,815000,138000.0,2015,0,1,0
5135,Toyota Passo,бензин,вариатор,600000,131000.0,2016,0,1,0
5136,Toyota Aqua,гибрид,вариатор,1050000,120000.0,2019,0,1,0
5137,Toyota Yaris,бензин,вариатор,755000,66900.0,2021,0,1,0
5138,Toyota Passo,бензин,вариатор,500000,237000.0,2013,0,1,0
5139,Toyota Caldina,дизель,АКПП,390000,122000.0,1993,0,1,0
5140,Toyota Hiace Regius,дизель,АКПП,1200000,180000.0,1999,0,1,0
5141,Toyota Prius,гибрид,вариатор,770000,380000.0,2006,0,1,0
5142,Toyota Harrier,бензин,вариатор,3810000,14500.0,2022,0,1,0
5143,Toyota Land Cruiser Prado,бензин,АКПП,3000000,226423.0,2011,0,1,0
5144,Toyota Ipsum,бензин,АКПП,820000,294000.0,2002,0,1,0
5145,Toyota Corolla Fielder,бензин,вариатор,940000,120000.0,2013,0,1,0
5146,Toyota RAV4,бензин,вариатор,4500000,,2024,0,1,0
5147,Toyota Wish,бензин,АКПП,750000,330000.0,2003,0,1,0
5148,Toyota Alphard,гибрид,вариатор,3600000,71520.0,2019,0,1,0
5149,Toyota C-HR,бензин,вариатор,2100000,39450.0,2019,0,1,0
5150,Toyota Allion,бензин,вариатор,1480000,51600.0,2014,0,1,0
5151,Toyota Prius,гибрид,вариатор,670000,290000.0,2008,0,1,0
5152,Toyota Probox,бензин,АКПП,560000,153000.0,2012,0,1,0
5153,Toyota Probox,бензин,АКПП,560000,175000.0,2006,0,1,0
5154,Toyota Town Ace,бензин,АКПП,570000,152000.0,2013,0,1,0
5155,Toyota Succeed,бензин,вариатор,590000,139000.0,2015,0,1,0
5156,Toyota Voxy,бензин,вариатор,2450000,165000.0,2017,0,1,0
5157,Toyota Probox,бензин,вариатор,590000,136000.0,2015,0,1,0
5158,Toyota Land Cruiser,бензин,АКПП,10990000,60000.0,2021,0,1,0
5159,Toyota Yaris Cross,бензин,вариатор,1999999,26000.0,2021,0,1,0
5160,Toyota Camry,бензин,АКПП,2170000,131900.0,2020,0,1,0
5161,Toyota bB,бензин,АКПП,850000,70000.0,2013,0,1,0
5162,Toyota Corolla Fielder,бензин,АКПП,520000,248000.0,2005,0,1,0
5163,Toyota ist,бензин,вариатор,850000,116000.0,2012,0,1,0
5164,Toyota Vitz,бензин,АКПП,600000,120000.0,2010,0,1,0
5165,Toyota Corolla,бензин,АКПП,235000,310000.0,1995,0,1,0
5166,Toyota Ipsum,бензин,АКПП,355000,250000.0,1998,0,1,0
5167,Toyota Vellfire,бензин,вариатор,699000,200.0,2011,0,1,0
5168,Toyota Crown,бензин,АКПП,700000,194000.0,2006,0,1,0
5169,Toyota Mark II,бензин,АКПП,695000,237112.0,1997,0,1,0
5170,Toyota Mark II,бензин,АКПП,830000,250000.0,2001,0,1,0
5171,Toyota Land Cruiser Prado,дизель,АКПП,3700000,256130.0,2016,0,1,0
5172,Toyota Land Cruiser,дизель,АКПП,11298000,23500.0,2021,0,1,0
5173,Toyota Sienta,бензин,вариатор,930000,65000.0,2017,0,1,0
5174,Toyota Ipsum,бензин,АКПП,635000,200000.0,2001,0,1,0
5175,Toyota Land Cruiser,дизель,АКПП,5000000,272000.0,2016,0,1,0
5176,Toyota Harrier,гибрид,вариатор,2199000,100000.0,2017,0,1,0
5177,Toyota Land Cruiser,дизель,механика,1648000,336000.0,1994,0,1,0
5178,Toyota Land Cruiser Prado,дизель,АКПП,6300000,90000.0,2021,0,1,0
5179,Toyota Mark II,бензин,механика,1148000,150000.0,1999,0,1,0
5180,Toyota Succeed,бензин,вариатор,778000,191000.0,2015,0,1,0
5181,Toyota Vanguard,бензин,вариатор,1550000,240000.0,2011,0,1,0
5182,Toyota Hiace,дизель,АКПП,480000,518000.0,1997,0,1,0
5183,Toyota Mark X,бензин,АКПП,1285000,145000.0,2009,0,1,0
5184,Toyota Vitz,бензин,вариатор,550000,140000.0,2012,0,1,0
5185,Toyota Succeed,бензин,АКПП,450000,195000.0,2003,0,1,0
5186,Toyota Belta,бензин,вариатор,420000,167372.0,2006,0,1,0
5187,Toyota C-HR,гибрид,вариатор,2450000,37000.0,2021,0,1,0
5188,Toyota Land Cruiser Prado,дизель,АКПП,1900000,300000.0,1999,0,1,0
5189,Toyota Mark X,бензин,автомат,2300000,128000.0,2018,0,1,0
5190,Toyota Wish,бензин,АКПП,685000,235000.0,2003,0,1,0
5191,Toyota Roomy,бензин,вариатор,845000,125000.0,2019,0,1,0
5192,Toyota Harrier,бензин,вариатор,2300000,109.0,2017,0,1,0
5193,Toyota Sienta,бензин,вариатор,1550000,54000.0,2021,0,1,0
5194,Toyota Prius Alpha,гибрид,вариатор,1470000,188000.0,2013,0,1,0
5195,Toyota Vista,бензин,механика,330000,150000.0,1996,0,1,0
5196,Toyota Cresta,бензин,АКПП,377777,120000.0,1992,0,1,0
5197,Toyota Raize,бензин,вариатор,1350000,69000.0,2020,0,1,0
5198,Toyota Passo,бензин,АКПП,515000,,2009,0,1,0
5199,Toyota Porte,бензин,АКПП,530000,162781.0,2007,0,1,0
5200,Toyota Rush,бензин,АКПП,770000,250000.0,2006,0,1,0
5201,Toyota Mark II Wagon Qualis,бензин,АКПП,495000,280000.0,2001,0,1,0
5202,Toyota Crown,гибрид,вариатор,1890000,213000.0,2013,0,1,0
5203,Toyota Corolla,бензин,АКПП,520000,256446.0,2004,0,1,0
5204,Toyota Vitz,бензин,вариатор,700000,190000.0,2013,0,1,0
5205,Toyota Prius,гибрид,вариатор,1199999,247000.0,2015,0,1,0
5206,Toyota Land Cruiser,дизель,АКПП,4800000,208500.0,2015,0,1,0
5207,Toyota Voxy,гибрид,вариатор,1850000,211000.0,2015,0,1,0
5208,Toyota Vitz,бензин,вариатор,550000,192000.0,2011,0,1,0
5209,Toyota Spade,бензин,вариатор,1150000,100500.0,2013,0,1,0
5210,Toyota Land Cruiser,дизель,АКПП,3600000,133000.0,2011,0,1,0
5211,Toyota RAV4,бензин,вариатор,1400000,208000.0,2010,0,1,0
5212,Toyota Prius Alpha,гибрид,вариатор,1150000,338000.0,2012,0,1,0
5213,Toyota Sprinter,бензин,АКПП,260000,290000.0,1998,0,1,0
5214,Toyota Aqua,гибрид,вариатор,780000,108000.0,2014,0,1,0
5215,Toyota Passo,бензин,вариатор,510000,176000.0,2014,0,1,0
5216,Toyota C-HR,бензин,вариатор,1660000,122760.0,2017,0,1,0
5217,Toyota Succeed,гибрид,вариатор,1050000,141000.0,2019,0,1,0
5218,Toyota Land Cruiser,дизель,АКПП,7700000,140000.0,2019,0,1,0
5219,Toyota Land Cruiser,бензин,АКПП,8700000,47000.0,2020,0,1,0
5220,Toyota Highlander,бензин,АКПП,1550000,234000.0,2008,0,1,0
5221,Toyota Corolla Spacio,бензин,АКПП,470000,249000.0,2001,0,1,0
5222,Toyota Land Cruiser Prado,бензин,АКПП,2200000,180000.0,2007,0,1,0
5223,Toyota Camry,бензин,АКПП,320000,300000.0,1997,0,1,0
5224,Toyota Probox,бензин,АКПП,400000,396.0,2002,0,1,0
5225,Toyota Sai,гибрид,вариатор,1800000,105000.0,2014,0,1,0
5226,Toyota Corolla Axio,бензин,вариатор,980000,98614.0,2016,0,1,0
5227,Toyota Passo,бензин,вариатор,650000,122000.0,2015,0,1,0
5228,Toyota Estima,гибрид,вариатор,1490000,290000.0,2009,0,1,0
5229,Toyota C-HR,бензин,вариатор,1840000,36000.0,2020,0,1,0
5230,Toyota Crown,гибрид,вариатор,3800000,99500.0,2020,0,1,0
5231,Toyota Wish,бензин,АКПП,730000,82000.0,2005,0,1,0
5232,Toyota Corolla,бензин,АКПП,510000,273000.0,2003,0,1,0
5233,Toyota Caldina,бензин,АКПП,710000,210000.0,2002,0,1,0
5234,Toyota Aqua,гибрид,вариатор,840000,183000.0,2016,0,1,0
5235,Toyota Corolla Axio,бензин,вариатор,1175000,99.0,2018,0,1,0
5236,Toyota Land Cruiser Prado,дизель,АКПП,4900000,55000.0,2020,0,1,0
5237,Toyota Aqua,гибрид,вариатор,990000,112000.0,2016,0,1,0
5238,Toyota Land Cruiser,дизель,АКПП,5950000,115000.0,2015,0,1,0
5239,Toyota Land Cruiser Prado,бензин,АКПП,2000000,139708.0,2008,0,1,0
5240,Toyota Touring Hiace,бензин,АКПП,250000,263000.0,2001,0,1,0
5241,Toyota Prius,гибрид,вариатор,450000,300000.0,2007,0,1,0
5242,Toyota Corolla,бензин,вариатор,1650000,25500.0,2020,0,1,0
5243,Toyota Sienta,бензин,АКПП,750000,131000.0,2013,0,1,0
5244,Toyota Vanguard,бензин,вариатор,1200000,194000.0,2008,0,1,0
5245,Toyota Sienta,бензин,вариатор,1200000,116640.0,2015,0,1,0
5246,Toyota RAV4,бензин,вариатор,2250000,150000.0,2017,0,1,0
5247,Toyota Town Ace Noah,бензин,АКПП,707000,230000.0,2000,0,1,0
5248,Toyota Prius,гибрид,вариатор,1100000,225000.0,2009,0,1,0
5249,Toyota Land Cruiser,дизель,АКПП,7600000,138200.0,2017,0,1,0
5250,Toyota Passo,бензин,АКПП,350000,180000.0,2006,0,1,0
5251,Toyota Prius,гибрид,вариатор,1800000,250000.0,2019,0,1,0
5252,Toyota Spade,бензин,вариатор,1050000,140000.0,2015,0,1,0
5253,Toyota Land Cruiser Prado,дизель,АКПП,680000,240.0,1998,0,1,0
5254,Toyota Harrier,бензин,АКПП,2050000,108000.0,2010,0,1,0
5255,Toyota Sienta,гибрид,вариатор,1400000,173000.0,2016,0,1,0
5256,Toyota Harrier,бензин,АКПП,3300000,134000.0,2018,0,1,0
5257,Toyota Aqua,гибрид,вариатор,740000,140000.0,2014,0,1,0
5258,Toyota Sienta,бензин,вариатор,1650000,130000.0,2019,0,1,0
5259,Toyota Vitz,бензин,вариатор,700000,120000.0,2008,0,1,0
5260,Toyota Sienta,бензин,вариатор,1650000,130000.0,2019,0,1,0
5261,Toyota Vitz,бензин,вариатор,700000,120000.0,2008,0,1,0
5262,Toyota Wish,бензин,АКПП,700000,159000.0,2004,0,1,0
5263,Toyota Allion,бензин,вариатор,1400000,82915.0,2016,0,1,0
5264,Toyota Land Cruiser Prado,дизель,АКПП,4090000,101500.0,2018,0,1,0
5265,Toyota Prius,гибрид,вариатор,1250000,145000.0,2014,0,1,0
5266,Toyota Vitz,бензин,вариатор,900000,89270.0,2019,0,1,0
5267,Toyota Kluger V,бензин,АКПП,880000,370000.0,2001,0,1,0
5268,Toyota Probox,бензин,АКПП,700000,200000.0,2012,0,1,0
5269,Toyota Vitz,бензин,АКПП,270000,300000.0,2001,0,1,0
5270,Toyota Aqua,гибрид,вариатор,670000,190000.0,2012,0,1,0
5271,Toyota Prius Alpha,гибрид,вариатор,650000,185000.0,2013,0,1,0
5272,Toyota Vitz,бензин,вариатор,675000,149000.0,2014,0,1,0
5273,Toyota Vitz,бензин,АКПП,630000,235000.0,2009,0,1,0
5274,Toyota Esquire,гибрид,вариатор,1860000,91000.0,2015,0,1,0
5275,Toyota Hilux Surf,дизель,механика,460000,500000.0,1990,0,1,0
5276,Toyota Probox,бензин,вариатор,850000,112000.0,2017,0,1,0
5277,Toyota Land Cruiser Prado,дизель,АКПП,3000000,225000.0,2011,0,1,0
5278,Toyota Nadia,бензин,АКПП,900000,999999.0,1999,0,1,0
5279,Toyota Grand Hiace,бензин,АКПП,900000,145000.0,1999,0,1,0
5280,Toyota Nadia,бензин,АКПП,900000,999999.0,1999,0,1,0
5281,Toyota Grand Hiace,бензин,АКПП,900000,145000.0,1999,0,1,0
5282,Toyota Corolla,бензин,АКПП,315000,315000.0,2000,0,1,0
5283,Toyota ist,бензин,АКПП,500000,304000.0,2005,0,1,0
5284,Toyota Auris,бензин,вариатор,650000,268000.0,2007,0,1,0
5285,Toyota Probox,бензин,АКПП,600000,204150.0,2008,0,1,0
5286,Toyota Corolla Axio,бензин,вариатор,670000,220000.0,2009,0,1,0
5287,Toyota Land Cruiser Prado,бензин,АКПП,6000000,91000.0,2018,0,1,0
5288,Toyota Highlander,бензин,АКПП,2090000,225000.0,2012,0,1,0
5289,Toyota Corolla,бензин,АКПП,220000,120000.0,2000,0,1,0
5290,Toyota Hilux Surf,бензин,АКПП,2450000,337000.0,2006,0,1,0
5291,Toyota Crown,гибрид,вариатор,4300000,101000.0,2018,0,1,0
5292,Toyota Hilux Surf,дизель,АКПП,550000,232000.0,1993,0,1,0
5293,Toyota Hiace,дизель,АКПП,260000,100000.0,1996,0,1,0
5294,Toyota Corolla Fielder,бензин,АКПП,450000,288000.0,2001,0,1,0
5295,Toyota Aristo,бензин,АКПП,900000,260000.0,1998,0,1,0
5296,Toyota Caldina,бензин,АКПП,350000,158000.0,1993,0,1,0
5297,Toyota Land Cruiser Prado,дизель,АКПП,4200000,101000.0,2019,0,1,0
5298,Toyota Wish,бензин,вариатор,1490000,106201.0,2014,0,1,0
5299,Toyota Wish,бензин,вариатор,1490000,106201.0,2014,0,1,0
5300,Toyota Caldina,бензин,АКПП,690000,263000.0,2006,0,1,0
5301,Toyota Land Cruiser Prado,дизель,АКПП,3100000,205000.0,2011,0,1,0
5302,Toyota Corolla Fielder,бензин,вариатор,850000,248000.0,2012,0,1,0
5303,Toyota Isis,бензин,вариатор,715000,175000.0,2005,0,1,0
5304,Toyota Prius,гибрид,вариатор,1059000,192000.0,2010,0,1,0
5305,Toyota C-HR,бензин,вариатор,1850000,12500.0,2021,0,1,0
5306,Toyota RAV4,гибрид,вариатор,3180000,130000.0,2019,0,1,0
5307,Toyota Chaser,бензин,АКПП,2950000,100000.0,1998,0,1,0
5308,Toyota Allion,бензин,вариатор,1800777,30000.0,2020,0,1,0
5309,Toyota Land Cruiser Prado,бензин,АКПП,4200000,60000.0,2019,0,1,0
5310,Toyota Vitz,бензин,АКПП,525000,146000.0,2009,0,1,0
5311,Toyota Prius,гибрид,вариатор,915000,307000.0,2010,0,1,0
5312,Toyota Auris,гибрид,вариатор,1130000,220000.0,2017,0,1,0
5313,Toyota Succeed,бензин,АКПП,395000,210000.0,2004,0,1,0
5314,Toyota Prius,гибрид,вариатор,1550000,70000.0,2015,0,1,0
5315,Toyota Prius,гибрид,вариатор,1100000,290000.0,2012,0,1,0
5316,Toyota Carina,бензин,АКПП,300000,400000.0,1993,0,1,0
5317,Toyota Land Cruiser Prado,дизель,АКПП,4600000,145000.0,2018,0,1,0
5318,Toyota Hilux,дизель,АКПП,5605000,19300.0,2022,0,1,0
5319,Toyota Nadia,бензин,АКПП,465000,135000.0,1999,0,1,0
5320,Toyota Raum,бензин,АКПП,630000,214000.0,2009,0,1,0
5321,Toyota Levin,бензин,вариатор,1475000,12000.0,2021,0,1,0
5322,Toyota Passo,бензин,вариатор,650000,146000.0,2015,0,1,0
5323,Toyota Land Cruiser Prado,бензин,АКПП,1350000,254000.0,2002,0,1,0
5324,Toyota C-HR,бензин,вариатор,1650000,165000.0,2018,0,1,0
5325,Toyota Aqua,гибрид,вариатор,750000,138000.0,2013,0,1,0
5326,Toyota Camry,бензин,АКПП,2000000,140000.0,2013,0,1,0
5327,Toyota Corolla,гибрид,вариатор,1550000,118000.0,2019,0,1,0
5328,Toyota Raum,бензин,АКПП,360000,200000.0,2000,0,1,0
5329,Toyota Vitz,бензин,вариатор,370000,205000.0,2006,0,1,0
5330,Toyota Land Cruiser Prado,дизель,АКПП,6300000,89000.0,2021,0,1,0
5331,Toyota C-HR,бензин,вариатор,1800000,40000.0,2017,0,1,0
5332,Toyota Allion,бензин,вариатор,1395000,108000.0,2015,0,1,0
5333,Toyota Prius,гибрид,вариатор,1685000,74000.0,2019,0,1,0
5334,Toyota Mark II,бензин,АКПП,1500000,340000.0,1995,0,1,0
5335,Toyota Aqua,гибрид,вариатор,850000,272573.0,2014,0,1,0
5336,Toyota Corolla Axio,бензин,вариатор,1150000,126000.0,2018,0,1,0
5337,Toyota Corolla Fielder,бензин,вариатор,1450000,226000.0,2016,0,1,0
5338,Toyota Corolla Axio,бензин,вариатор,1100000,133000.0,2016,0,1,0
5339,Toyota Aristo,бензин,АКПП,900000,200000.0,1997,0,1,0
5340,Toyota Belta,бензин,вариатор,475000,314000.0,2007,0,1,0
5341,Toyota Ractis,бензин,вариатор,485000,124000.0,2009,0,1,0
5342,Toyota Allion,бензин,вариатор,1220000,205000.0,2011,0,1,0
5343,Toyota Passo,бензин,вариатор,830000,42000.0,2020,0,1,0
5344,Toyota Mark II,бензин,АКПП,325555,777777.0,1991,0,1,0
5345,Toyota Harrier,гибрид,вариатор,2760000,160000.0,2019,0,1,0
5346,Toyota Hilux,дизель,механика,350000,300000.0,1992,0,1,0
5347,Toyota Rush,бензин,АКПП,1250000,178039.0,2015,0,1,0
5348,Toyota Corolla,дизель,АКПП,210000,328450.0,1997,0,1,0
5349,Toyota C-HR,бензин,вариатор,1950000,83000.0,2019,0,1,0
5350,Toyota Esquire,гибрид,вариатор,1770000,148000.0,2015,0,1,0
5351,Toyota Land Cruiser Prado,бензин,АКПП,3300000,148000.0,2011,0,1,0
5352,Toyota Vitz,бензин,вариатор,870000,20000.0,2015,0,1,0
5353,Toyota ist,бензин,вариатор,610000,258138.0,2008,0,1,0
5354,Toyota Isis,бензин,вариатор,1250000,126000.0,2012,0,1,0
5355,Toyota Yaris,бензин,вариатор,700000,70507.0,2021,0,1,0
5356,Toyota Land Cruiser Prado,дизель,АКПП,4500000,63000.0,2019,0,1,0
5357,Toyota Aqua,гибрид,вариатор,519000,250000.0,2012,0,1,0
5358,Toyota Vellfire,бензин,вариатор,899000,200.0,2011,0,1,0
5359,Toyota Alphard,гибрид,вариатор,2100000,235000.0,2012,0,1,0
5360,Toyota Vellfire,бензин,вариатор,689000,200.0,2009,0,1,0
5361,Toyota Alphard,бензин,АКПП,736500,135000.0,2008,0,1,0
5362,Toyota Ipsum,бензин,АКПП,575000,167000.0,2004,0,1,0
5363,Toyota Estima,бензин,вариатор,549000,200.0,2009,0,1,0
5364,Toyota Passo,бензин,вариатор,790000,63000.0,2016,0,1,0
5365,Toyota Passo,бензин,автомат,730000,91600.0,2016,0,1,0
5366,Toyota Crown,бензин,механика,175000,232900.0,1994,0,1,0
5367,Toyota Land Cruiser Prado,дизель,АКПП,1985000,70000.0,1992,0,1,0
5368,Toyota Yaris Cross,бензин,вариатор,2300000,20000.0,2020,0,1,0
5369,Toyota Prius,гибрид,вариатор,1150000,260000.0,2012,0,1,0
5370,Toyota Voltz,бензин,АКПП,650000,158000.0,2002,0,1,0
5371,Toyota Land Cruiser Prado,дизель,АКПП,1690000,290000.0,1999,0,1,0
5372,Toyota Corolla Axio,бензин,вариатор,1150000,77254.0,2011,0,1,0
5373,Toyota Ipsum,бензин,АКПП,460000,300000.0,1999,0,1,0
5374,Toyota Sprinter,бензин,АКПП,99000,232000.0,1991,0,1,0
5375,Toyota C-HR,бензин,вариатор,1750000,96000.0,2018,0,1,0
5376,Toyota Corolla Levin,бензин,АКПП,375000,156030.0,1996,0,1,0
5377,Toyota Sienta,бензин,вариатор,1360000,130000.0,2019,0,1,0
5378,Toyota Highlander,бензин,АКПП,1850000,255000.0,2011,0,1,0
5379,Toyota Mark II,бензин,АКПП,650000,89000.0,1996,0,1,0
5380,Toyota Harrier,бензин,АКПП,950000,148000.0,2010,0,1,0
5381,Toyota Raize,бензин,вариатор,1330000,46000.0,2020,0,1,0
5382,Toyota Crown,бензин,АКПП,1495000,169000.0,2008,0,1,0
5383,Toyota Roomy,бензин,вариатор,980000,21000.0,2021,0,1,0
5384,Toyota Crown,бензин,АКПП,1050000,297000.0,2000,0,1,0
5385,Toyota Prius,гибрид,вариатор,1019000,151000.0,2012,0,1,0
5386,Toyota Allion,бензин,вариатор,795000,172000.0,2008,0,1,0
5387,Toyota Yaris Cross,бензин,вариатор,2300000,25922.0,2020,0,1,0
5388,Toyota Sai,гибрид,вариатор,1575000,138000.0,2014,0,1,0
5389,Toyota Aqua,гибрид,вариатор,899000,115000.0,2017,0,1,0
5390,Toyota Premio,бензин,вариатор,850000,190000.0,2010,0,1,0
5391,Toyota Land Cruiser Cygnus,бензин,АКПП,1875000,227500.0,2003,0,1,0
5392,Toyota Voxy,бензин,вариатор,930000,309000.0,2005,0,1,0
5393,Toyota Vitz,бензин,вариатор,885000,75000.0,2018,0,1,0
5394,Toyota Passo,бензин,вариатор,520000,102000.0,2010,0,1,0
5395,Toyota Harrier,бензин,вариатор,2580000,66000.0,2018,0,1,0
5396,Toyota Land Cruiser,бензин,АКПП,3000000,180000.0,2000,0,1,0
5397,Toyota C-HR,бензин,вариатор,1700000,53000.0,2017,0,1,0
5398,Toyota Aqua,гибрид,вариатор,830000,250000.0,2017,0,1,0
5399,Toyota Hiace,дизель,автомат,900000,344180.0,1989,0,1,0
5400,Toyota Corolla Fielder,бензин,вариатор,750000,234330.0,2011,0,1,0
5401,Toyota Crown,гибрид,вариатор,3150000,148000.0,2018,0,1,0
5402,Toyota Alphard,гибрид,вариатор,7699999,51000.0,2023,0,1,0
5403,Toyota Corolla Spacio,бензин,АКПП,260000,231000.0,1997,0,1,0
5404,Toyota Duet,бензин,АКПП,99000,283000.0,2003,0,1,0
5405,Toyota Prius,гибрид,вариатор,580000,337468.0,2010,0,1,0
5406,Toyota Corolla Axio,бензин,вариатор,580000,201000.0,2009,0,1,0
5407,Toyota Land Cruiser,бензин,механика,1110000,323000.0,1997,0,1,0
5408,Toyota Probox,бензин,АКПП,400000,188000.0,2003,0,1,0
5409,Toyota Roomy,бензин,вариатор,1090000,103772.0,2019,0,1,0
5410,Toyota Corolla Axio,бензин,вариатор,600000,291800.0,2010,0,1,0
5411,Toyota Premio,бензин,вариатор,1150000,182000.0,2010,0,1,0
5412,Toyota Esquire,гибрид,вариатор,1600000,270000.0,2015,0,1,0
5413,Toyota Prius,гибрид,вариатор,780000,255000.0,2010,0,1,0
5414,Toyota Mark II,бензин,автомат,850000,320000.0,1990,0,1,0
5415,Toyota Carina,бензин,АКПП,80000,364330.0,1991,0,1,0
5416,Toyota RAV4,бензин,автомат,1600000,190000.0,2012,0,1,0
5417,Toyota Corolla Axio,бензин,вариатор,770000,162000.0,2013,0,1,0
5418,Toyota Land Cruiser Prado,дизель,АКПП,1800000,306000.0,1995,0,1,0
5419,Toyota Vitz,бензин,АКПП,485000,245000.0,2005,0,1,0
5420,Toyota Land Cruiser,бензин,АКПП,1850000,139000.0,2007,0,1,0
5421,Toyota Vitz,бензин,вариатор,595000,103000.0,2015,0,1,0
5422,Toyota Corolla Fielder,бензин,вариатор,1150000,188000.0,2011,0,1,0
5423,Toyota C-HR,бензин,вариатор,1900000,67000.0,2020,0,1,0
5424,Toyota Camry,бензин,АКПП,1550000,161000.0,2011,0,1,0
5425,Toyota Vitz,бензин,вариатор,759000,121000.0,2015,0,1,0
5426,Toyota Prius,гибрид,вариатор,549000,180000.0,2008,0,1,0
5427,Toyota ist,бензин,АКПП,500000,187000.0,2005,0,1,0
5428,Toyota Land Cruiser Prado,дизель,АКПП,6000000,10000.0,2021,0,1,0
5429,Toyota Camry,бензин,АКПП,2550000,61000.0,2020,0,1,0
5430,Toyota Corolla Fielder,бензин,вариатор,965000,179000.0,2013,0,1,0
5431,Toyota Roomy,бензин,вариатор,850000,100000.0,2017,0,1,0
5432,Toyota Land Cruiser,дизель,механика,2799999,265000.0,1995,0,1,0
5433,Toyota Sienta,бензин,АКПП,580000,215471.0,2007,0,1,0
5434,Toyota Tank,бензин,вариатор,670000,137000.0,2017,0,1,0
5435,Toyota Hilux Surf,бензин,АКПП,1869000,279000.0,2001,0,1,0
5436,Toyota Rush,бензин,АКПП,570000,130000.0,2006,0,1,0
5437,Toyota Crown,бензин,автомат,470000,84423.0,1992,0,1,0
5438,Toyota Funcargo,бензин,АКПП,300000,150000.0,2001,0,1,0
5439,Toyota Aqua,гибрид,вариатор,700000,193110.0,2013,0,1,0
5440,Toyota Land Cruiser,дизель,АКПП,7200000,120000.0,2019,0,1,0
5441,Toyota Corolla Axio,бензин,вариатор,1170000,104704.0,2020,0,1,0
5442,Toyota Corolla Axio,бензин,вариатор,1250000,76000.0,2019,0,1,0
5443,Toyota Harrier,гибрид,вариатор,2850000,130000.0,2017,0,1,0
5444,Toyota Alphard,гибрид,вариатор,6200000,70000.0,2020,0,1,0
5445,Toyota Voltz,бензин,АКПП,600000,299999.0,2002,0,1,0
5446,Toyota Land Cruiser Prado,бензин,АКПП,6800000,1000.0,2023,0,1,0
5447,Toyota Raize,бензин,автомат,1580000,47000.0,2020,0,1,0
5448,Toyota Auris,бензин,вариатор,750000,132000.0,2009,0,1,0
5449,Toyota Vitz,бензин,вариатор,785000,63000.0,2014,0,1,0
5450,Toyota Harrier,гибрид,вариатор,2650000,108000.0,2018,0,1,0
5451,Toyota Corolla Axio,бензин,вариатор,690000,216271.0,2009,0,1,0
5452,Toyota Prius,гибрид,вариатор,855000,202000.0,2013,0,1,0
5453,Toyota Camry,гибрид,вариатор,2800000,114000.0,2018,0,1,0
5454,Toyota Corolla Axio,бензин,вариатор,899999,160000.0,2013,0,1,0
5455,Toyota Corolla Spacio,бензин,АКПП,590000,276000.0,2003,0,1,0
5456,Toyota Harrier,бензин,вариатор,3700000,43000.0,2021,0,1,0
5457,Toyota Succeed,бензин,вариатор,900000,138000.0,2019,0,1,0
5458,Toyota Corolla Axio,бензин,вариатор,1260000,91000.0,2019,0,1,0
5459,Toyota Camry,бензин,АКПП,925000,155000.0,2007,0,1,0
5460,Toyota Probox,бензин,АКПП,450000,220000.0,2009,0,1,0
5461,Toyota C-HR,бензин,вариатор,1700000,53000.0,2016,0,1,0
5462,Toyota Prius,гибрид,вариатор,3150000,16000.0,2023,0,1,0
5463,Toyota Harrier,бензин,вариатор,3400000,66932.0,2021,0,1,0
5464,Toyota Vitz,бензин,АКПП,630000,203000.0,2009,0,1,0
5465,Toyota Prius,гибрид,вариатор,1250000,460000.0,2015,0,1,0
5466,Toyota Town Ace Noah,бензин,АКПП,540000,197568.0,1998,0,1,0
5467,Toyota Land Cruiser Prado,бензин,АКПП,6000000,39000.0,2021,0,1,0
5468,Toyota Crown,бензин,АКПП,1099000,350000.0,1999,0,1,0
5469,Toyota Prius,гибрид,вариатор,820000,314000.0,2010,0,1,0
5470,Toyota Noah,бензин,вариатор,1200000,200000.0,2011,0,1,0
5471,Toyota RAV4,бензин,АКПП,560000,420000.0,1996,0,1,0
5472,Toyota Corolla Cross,бензин,вариатор,2500000,18000.0,2023,0,1,0
5473,Toyota Caldina,бензин,АКПП,625000,100000.0,2002,0,1,0
5474,Toyota Probox,бензин,вариатор,960000,173000.0,2021,0,1,0
5475,Toyota Corolla Fielder,бензин,вариатор,955000,145000.0,2013,0,1,0
5476,Toyota Vitz,бензин,вариатор,728000,71000.0,2009,0,1,0
5477,Toyota Probox,бензин,АКПП,700000,145600.0,2014,0,1,0
5478,Toyota Town Ace,бензин,АКПП,1710000,124000.0,2018,0,1,0
5479,Toyota Town Ace,бензин,АКПП,1580000,129000.0,2018,0,1,0
5480,Toyota Corolla,бензин,механика,320000,233000.0,1999,0,1,0
5481,Toyota Corolla Fielder,бензин,вариатор,1200000,136000.0,2018,0,1,0
5482,Toyota Prius,гибрид,вариатор,1250000,156000.0,2013,0,1,0
5483,Toyota Sienta,бензин,вариатор,1300000,140000.0,2020,0,1,0
5484,Toyota RAV4,бензин,вариатор,955000,174628.0,2006,0,1,0
5485,Toyota RAV4,бензин,вариатор,2900000,32000.0,2019,0,1,0
5486,Toyota Land Cruiser,бензин,АКПП,12500000,9000.0,2023,0,1,0
5487,Toyota RAV4,бензин,вариатор,2850000,104000.0,2019,0,1,0
5488,Toyota Land Cruiser Prado,дизель,АКПП,1400000,180000.0,1995,0,1,0
5489,Toyota Hilux Surf,дизель,АКПП,1100000,218000.0,1998,0,1,0
5490,Toyota Land Cruiser Prado,дизель,АКПП,1200000,244000.0,1996,0,1,0
5491,Toyota Land Cruiser,бензин,АКПП,1450000,187000.0,2003,0,1,0
5492,Toyota Prius,гибрид,вариатор,1150000,377.0,2014,0,1,0
5493,Toyota Porte,бензин,автомат,745000,103000.0,2014,0,1,0
5494,Toyota Passo,бензин,вариатор,595000,42000.0,2011,0,1,0
5495,Toyota Auris,бензин,вариатор,1150000,91000.0,2016,0,1,0
5496,Toyota Isis,бензин,вариатор,1130000,151000.0,2016,0,1,0
5497,Toyota Crown,гибрид,вариатор,3499999,107000.0,2020,0,1,0
5498,Toyota Corolla Fielder,гибрид,вариатор,1100000,250000.0,2013,0,1,0
5499,Toyota Land Cruiser Prado,бензин,АКПП,1990000,228000.0,2004,0,1,0
5500,Toyota Premio,бензин,вариатор,1500000,94500.0,2011,0,1,0
5501,Toyota Corolla Axio,бензин,автомат,1045000,110000.0,2017,0,1,0
5502,Toyota Pronard,бензин,автомат,525000,300000.0,1988,0,1,0
5503,Toyota Prius Alpha,гибрид,вариатор,900000,313000.0,2014,0,1,0
5504,Toyota Hilux Surf,бензин,АКПП,2199000,174000.0,2003,0,1,0
5505,Toyota Corolla Fielder,гибрид,вариатор,999000,180000.0,2014,0,1,0
5506,Toyota Land Cruiser Prado,бензин,АКПП,4949000,35000.0,2021,0,1,0
5507,Toyota Voxy,гибрид,вариатор,1520000,247600.0,2014,0,1,0
5508,Toyota Corolla,бензин,АКПП,510000,270000.0,2003,0,1,0
5509,Toyota Sequoia,бензин,АКПП,1800000,244000.0,2004,0,1,0
5510,Toyota Probox,бензин,вариатор,939000,164000.0,2017,0,1,0
5511,Toyota Vitz,гибрид,вариатор,800000,210009.0,2017,0,1,0
5512,Toyota Wish,бензин,АКПП,750000,246000.0,2005,0,1,0
5513,Toyota Corolla Rumion,бензин,вариатор,650000,230000.0,2009,0,1,0
5514,Toyota Noah,гибрид,вариатор,2000000,123000.0,2018,0,1,0
5515,Toyota Hilux Surf,бензин,АКПП,1650000,287000.0,2002,0,1,0
5516,Toyota Harrier,бензин,АКПП,1590000,214000.0,2007,0,1,0
5517,Toyota Prius,гибрид,вариатор,1240000,170000.0,2014,0,1,0
5518,Toyota Ractis,бензин,вариатор,860000,160000.0,2015,0,1,0
5519,Toyota Premio,бензин,автомат,1150000,154.0,2010,0,1,0
5520,Toyota Corolla Axio,бензин,вариатор,780000,230000.0,2016,0,1,0
5521,Toyota Cresta,бензин,механика,500000,38000.0,1985,0,1,0
5522,Toyota Chaser,бензин,автомат,510000,186000.0,1988,0,1,0
5523,Toyota RAV4,бензин,АКПП,745000,250000.0,2001,0,1,0
5524,Toyota RAV4,бензин,вариатор,3050000,112000.0,2016,0,1,0
5525,Toyota Prius,гибрид,вариатор,1450000,140000.0,2016,0,1,0
5526,Toyota Fortuner,дизель,АКПП,4100000,210000.0,2020,0,1,0
5527,Toyota Land Cruiser Prado,бензин,АКПП,2700000,170000.0,2012,0,1,0
5528,Toyota Harrier,бензин,вариатор,2750000,142000.0,2018,0,1,0
5529,Toyota Corolla Fielder,бензин,вариатор,820000,215600.0,2012,0,1,0
5530,Toyota Prius,гибрид,вариатор,1999000,170000.0,2019,0,1,0
5531,Toyota Pixis Epoch,бензин,вариатор,685000,86000.0,2019,0,1,0
5532,Toyota Mark X,бензин,АКПП,1165000,164000.0,2006,0,1,0
5533,Toyota Land Cruiser Prado,бензин,АКПП,1100000,320000.0,2000,0,1,0
5534,Toyota Spade,бензин,вариатор,800000,113000.0,2012,0,1,0
5535,Toyota Succeed,бензин,вариатор,1150000,130000.0,2014,0,1,0
5536,Toyota Harrier,бензин,АКПП,3300000,80000.0,2017,0,1,0
5537,Toyota Sai,гибрид,вариатор,1400000,210000.0,2015,0,1,0
5538,Toyota Mark II,бензин,АКПП,570000,350000.0,1995,0,1,0
5539,Toyota Mark II,бензин,АКПП,570000,350000.0,1995,0,1,0
5540,Toyota Corolla Rumion,бензин,вариатор,820000,158000.0,2010,0,1,0
5541,Toyota Harrier,бензин,вариатор,2800000,132490.0,2015,0,1,0
5542,Toyota Allion,бензин,вариатор,1090000,183200.0,2010,0,1,0
5543,Toyota Crown,гибрид,вариатор,2550000,145000.0,2017,0,1,0
5544,Toyota RAV4,бензин,АКПП,3500000,110000.0,2020,0,1,0
5545,Toyota Tank,бензин,вариатор,875000,43564.0,2017,0,1,0
5546,Toyota Prius Alpha,гибрид,автомат,1010000,124200.0,2012,0,1,0
5547,Toyota Duet,бензин,механика,170000,105000.0,2002,0,1,0
5548,Toyota Voxy,бензин,вариатор,1100000,230000.0,2008,0,1,0
5549,Toyota Mark X,бензин,АКПП,1500000,182000.0,2011,0,1,0
5550,Toyota Vista,бензин,АКПП,199000,222222.0,1997,0,1,0
5551,Toyota Caldina,бензин,АКПП,830000,220000.0,2003,0,1,0
5552,Toyota RAV4,бензин,автомат,1330000,138000.0,2007,0,1,0
5553,Toyota Corolla Fielder,бензин,вариатор,970000,175000.0,2014,0,1,0
5554,Toyota Land Cruiser Prado,бензин,АКПП,3100000,230000.0,2012,0,1,0
5555,Toyota Corolla Fielder,бензин,АКПП,640000,150000.0,2004,0,1,0
5556,Toyota Sienta,бензин,вариатор,1450000,90500.0,2020,0,1,0
5557,Toyota Land Cruiser Prado,дизель,АКПП,5600000,77000.0,2019,0,1,0
5558,Toyota Harrier,бензин,АКПП,1250000,184000.0,2005,0,1,0
5559,Toyota Voxy,бензин,вариатор,2550000,105000.0,2018,0,1,0
5560,Toyota C-HR,бензин,вариатор,1500000,196000.0,2017,0,1,0
5561,Toyota RAV4,бензин,вариатор,1200000,148504.0,2008,0,1,0
5562,Toyota C-HR,бензин,вариатор,2299000,42000.0,2018,0,1,0
5563,Toyota Camry,бензин,АКПП,1150000,376000.0,2014,0,1,0
5564,Toyota RAV4,бензин,вариатор,2550000,98317.0,2019,0,1,0
5565,Toyota Esquire,бензин,вариатор,1800000,250000.0,2014,0,1,0
5566,Toyota Corolla Spacio,бензин,АКПП,450000,199013.0,2003,0,1,0
5567,Toyota C-HR,бензин,вариатор,1730000,91000.0,2017,0,1,0
5568,Toyota Estima,гибрид,вариатор,2180000,145000.0,2014,0,1,0
5569,Toyota Celica,бензин,механика,930000,273000.0,1993,0,1,0
5570,Toyota Land Cruiser Prado,дизель,автомат,1500000,200000.0,1992,0,1,0
5571,Toyota RAV4,бензин,вариатор,1919999,175000.0,2015,0,1,0
5572,Toyota Passo,бензин,вариатор,650000,61000.0,2014,0,1,0
5573,Toyota Prius,гибрид,вариатор,1300000,157000.0,2013,0,1,0
5574,Toyota Harrier,бензин,АКПП,825000,211000.0,1998,0,1,0
5575,Toyota Raum,бензин,АКПП,340000,230000.0,2000,0,1,0
5576,Toyota Raum,бензин,АКПП,340000,230000.0,2000,0,1,0
5577,Toyota Land Cruiser Prado,дизель,АКПП,5500000,81200.0,2019,0,1,0
5578,Toyota Land Cruiser,дизель,автомат,1900000,600000.0,1997,0,1,0
5579,Toyota Town Ace,дизель,механика,350000,300.0,1987,0,1,0
5580,Toyota Prius,гибрид,вариатор,820000,250000.0,2011,0,1,0
5581,Toyota Voxy,гибрид,вариатор,1600000,324753.0,2017,0,1,0
5582,Toyota Spade,бензин,вариатор,860000,120000.0,2015,0,1,0
5583,Toyota Lite Ace Noah,дизель,АКПП,600000,400000.0,1996,0,1,0
5584,Toyota Raum,бензин,АКПП,285000,270000.0,1999,0,1,0
5585,Toyota Hilux Surf,бензин,АКПП,1650000,250000.0,2002,0,1,0
5586,Toyota Land Cruiser,бензин,АКПП,7800000,200000.0,2016,0,1,0
5587,Toyota Prius,гибрид,вариатор,1800000,87000.0,2018,0,1,0
5588,Toyota Corolla,гибрид,вариатор,2150000,30000.0,2020,0,1,0
5589,Toyota Camry,гибрид,вариатор,3150000,130000.0,2020,0,1,0
5590,Toyota Roomy,бензин,вариатор,1000000,129000.0,2018,0,1,0
5591,Toyota Tank,бензин,вариатор,990000,130000.0,2019,0,1,0
5592,Toyota Hiace,дизель,автомат,4080000,136000.0,2019,0,1,0
5593,Toyota Wish,бензин,вариатор,1300000,134000.0,2011,0,1,0
5594,Toyota Hiace,бензин,АКПП,5090000,140000.0,2019,0,1,0
5595,Toyota Land Cruiser Prado,бензин,АКПП,2600000,120000.0,2011,0,1,0
5596,Toyota Camry,гибрид,вариатор,3000000,45000.0,2018,0,1,0
5597,Toyota Land Cruiser Prado,бензин,АКПП,4100000,60000.0,2018,0,1,0
5598,Toyota Rush,бензин,АКПП,945000,106000.0,2010,0,1,0
5599,Toyota Land Cruiser,дизель,АКПП,11000000,83000.0,2021,0,1,0
5600,Toyota Blade,бензин,вариатор,980000,123000.0,2007,0,1,0
5601,Toyota Highlander,гибрид,вариатор,1750000,193168.0,2008,0,1,0
5602,Toyota Sprinter Carib,бензин,АКПП,160000,250000.0,1998,0,1,0
5603,Toyota Corolla Cross,бензин,вариатор,2550000,18000.0,2022,0,1,0
5604,Toyota Corolla,бензин,вариатор,1860000,21000.0,2022,0,1,0
5605,Toyota Raize,бензин,вариатор,1650000,34000.0,2019,0,1,0
5606,Toyota Prius,гибрид,вариатор,880000,192000.0,2010,0,1,0
5607,Toyota Crown Majesta,бензин,АКПП,1200000,150000.0,2000,0,1,0
5608,Toyota Succeed,бензин,вариатор,970000,84036.0,2014,0,1,0
5609,Toyota Land Cruiser,бензин,АКПП,2699000,212500.0,2005,0,1,0
5610,Toyota Carina,бензин,АКПП,200000,200000.0,1993,0,1,0
5611,Toyota Corolla,бензин,АКПП,220000,227024.0,1997,0,1,0
5612,Toyota Estima,бензин,вариатор,550000,100000.0,2009,0,1,0
5613,Toyota Estima,бензин,вариатор,540000,152000.0,2010,0,1,0
5614,Toyota Corolla,бензин,АКПП,220000,227024.0,1997,0,1,0
5615,Toyota Estima,бензин,вариатор,550000,100000.0,2009,0,1,0
5616,Toyota Estima,бензин,вариатор,540000,152000.0,2010,0,1,0
5617,Toyota Corolla Runx,бензин,АКПП,560000,236288.0,2005,0,1,0
5618,Toyota bB,бензин,АКПП,600000,407000.0,2010,0,1,0
5619,Toyota C-HR,гибрид,вариатор,1900000,111337.0,2017,0,1,0
5620,Toyota Hilux Surf,дизель,АКПП,1850000,213000.0,1997,0,1,0
5621,Toyota Belta,бензин,АКПП,380000,240000.0,2006,0,1,0
5622,Toyota RAV4,бензин,вариатор,1930000,195000.0,2014,0,1,0
5623,Toyota C-HR,бензин,вариатор,2290000,44000.0,2020,0,1,0
5624,Toyota Premio,бензин,АКПП,650000,257000.0,2004,0,1,0
5625,Toyota Passo,бензин,вариатор,850000,63500.0,2016,0,1,0
5626,Toyota Prius,гибрид,вариатор,880000,320000.0,2013,0,1,0
5627,Toyota Mark II,бензин,АКПП,495000,470000.0,1997,0,1,0
5628,Toyota Allion,бензин,вариатор,990000,193000.0,2012,0,1,0
5629,Toyota Land Cruiser Prado,бензин,АКПП,3300000,94530.0,2015,0,1,0
5630,Toyota Estima,бензин,вариатор,699999,84.0,2011,0,1,0
5631,Toyota Estima,бензин,вариатор,649999,100.0,2012,0,1,0
5632,Toyota Estima,бензин,вариатор,699999,100.0,2013,0,1,0
5633,Toyota Raize,бензин,вариатор,1090000,37000.0,2022,0,1,0
5634,Toyota Raize,бензин,вариатор,1090000,37000.0,2022,0,1,0
5635,Toyota Wish,бензин,вариатор,1475000,142000.0,2012,0,1,0
5636,Toyota Corolla Axio,бензин,вариатор,550000,272741.0,2008,0,1,0
5637,Toyota Probox,дизель,механика,200000,200000.0,2005,0,1,0
5638,Toyota Prius,гибрид,вариатор,730000,236000.0,2008,0,1,0
5639,Toyota Corolla Cross,бензин,вариатор,3100000,100.0,2023,0,1,0
5640,Toyota Tundra,бензин,АКПП,2950000,200000.0,2007,0,1,0
5641,Toyota C-HR,бензин,вариатор,1380000,175000.0,2017,0,1,0
5642,Toyota Isis,бензин,вариатор,840000,125296.0,2012,0,1,0
5643,Toyota Yaris Cross,бензин,вариатор,2187000,48000.0,2020,0,1,0
5644,Toyota Corolla Spacio,бензин,автомат,335000,350000.0,1987,0,1,0
5645,Toyota Land Cruiser Prado,дизель,АКПП,4250000,112000.0,2017,0,1,0
5646,Toyota Mark II,бензин,АКПП,1150000,145800.0,1996,0,1,0
5647,Toyota Caldina,дизель,АКПП,175000,300000.0,1994,0,1,0
5648,Toyota Corolla,бензин,АКПП,290000,320000.0,1994,0,1,0
5649,Toyota Caldina,бензин,АКПП,310000,200.0,1998,0,1,0
5650,Toyota Corolla Fielder,бензин,механика,450000,268678.0,2001,0,1,0
5651,Toyota Raize,бензин,вариатор,1590000,58803.0,2021,0,1,0
5652,Toyota Camry,бензин,АКПП,949999,250000.0,2007,0,1,0
5653,Toyota Grand Hiace,бензин,АКПП,1000000,285500.0,2001,0,1,0
5654,Toyota Rush,бензин,АКПП,1000000,123400.0,2008,0,1,0
5655,Toyota Corolla Fielder,бензин,АКПП,450000,362532.0,2003,0,1,0
5656,Toyota Corolla Axio,бензин,вариатор,1080000,126500.0,2016,0,1,0
5657,Toyota Vitz,бензин,вариатор,625000,20000.0,2013,0,1,0
5658,Toyota C-HR,бензин,вариатор,1900000,75000.0,2017,0,1,0
5659,Toyota Wish,бензин,вариатор,1350000,86056.0,2013,0,1,0
5660,Toyota Crown,бензин,автомат,1750000,120583.0,2010,0,1,0
5661,Toyota Hilux,дизель,механика,800000,300433.0,1990,0,1,0
5662,Toyota Corona Premio,бензин,АКПП,430000,310000.0,1996,0,1,0
5663,Toyota Crown,гибрид,вариатор,3849000,122000.0,2018,0,1,0
5664,Toyota Prius,гибрид,вариатор,1100000,216371.0,2012,0,1,0
5665,Toyota Vitz,бензин,вариатор,880000,77000.0,2019,0,1,0
5666,Toyota Vista,бензин,АКПП,205000,300000.0,1991,0,1,0
5667,Toyota Succeed,бензин,АКПП,750000,180000.0,2012,0,1,0
5668,Toyota Ractis,бензин,вариатор,695000,107826.0,2011,0,1,0
5669,Toyota Corolla Axio,бензин,вариатор,1150000,93500.0,2015,0,1,0
5670,Toyota Hiace,бензин,АКПП,6170000,21.0,2021,0,1,0
5671,Toyota Hiace,бензин,АКПП,6170000,42000.0,2020,0,1,0
5672,Toyota Corolla Axio,бензин,вариатор,399000,280000.0,2010,0,1,0
5673,Toyota Sai,гибрид,вариатор,1180000,,2014,0,1,0
5674,Toyota Corolla Axio,бензин,вариатор,1150000,81000.0,2017,0,1,0
5675,Toyota Ractis,бензин,вариатор,720000,220000.0,2012,0,1,0
5676,Toyota Land Cruiser,дизель,АКПП,1700000,248342.0,1993,0,1,0
5677,Toyota Harrier,бензин,вариатор,2950000,127977.0,2017,0,1,0
5678,Toyota Corolla,бензин,АКПП,250000,200000.0,1999,0,1,0
5679,Toyota Allion,бензин,вариатор,1210000,67000.0,2009,0,1,0
5680,Toyota Prius,гибрид,вариатор,1250000,192349.0,2013,0,1,0
5681,Toyota Harrier,бензин,АКПП,950000,240000.0,2001,0,1,0
5682,Toyota Hilux Surf,бензин,АКПП,2500000,181000.0,2008,0,1,0
5683,Toyota Harrier,бензин,вариатор,2970000,93000.0,2018,0,1,0
5684,Toyota Roomy,бензин,вариатор,1040000,74000.0,2017,0,1,0
5685,Toyota Camry,гибрид,вариатор,4530000,,2024,0,1,0
5686,Toyota Alphard,гибрид,вариатор,12200000,27000.0,2023,0,1,0
5687,Toyota Voxy,бензин,вариатор,2430000,119000.0,2019,0,1,0
5688,Toyota Land Cruiser,дизель,АКПП,11950000,665.0,2023,0,1,0
5689,Toyota Land Cruiser,дизель,АКПП,11670000,3000.0,2023,0,1,0
5690,Toyota Roomy,бензин,вариатор,1090000,86000.0,2018,0,1,0
5691,Toyota Tank,бензин,вариатор,1035000,98000.0,2017,0,1,0
5692,Toyota RAV4,бензин,вариатор,4080000,,2024,0,1,0
5693,Toyota Camry,гибрид,вариатор,4390000,,2024,0,1,0
5694,Toyota Raize,бензин,вариатор,1970000,64000.0,2023,0,1,0
5695,Toyota Noah,гибрид,вариатор,3790000,63000.0,2022,0,1,0
5696,Toyota Noah,бензин,вариатор,2540000,95000.0,2018,0,1,0
5697,Toyota Land Cruiser Prado,дизель,АКПП,11350000,,2024,0,1,0
5698,Toyota Corolla Cross,гибрид,вариатор,3150000,87000.0,2022,0,1,0
5699,Toyota Land Cruiser Prado,дизель,АКПП,11600000,,2024,0,1,0
5700,Toyota Raize,бензин,вариатор,1830000,55000.0,2022,0,1,0
5701,Toyota Sienta,бензин,вариатор,1380000,59000.0,2019,0,1,0
5702,Toyota Raize,бензин,вариатор,1395000,30701.0,2021,0,1,0
5703,Toyota Land Cruiser Prado,дизель,АКПП,4100000,90000.0,2018,0,1,0
5704,Toyota Corolla Spacio,бензин,АКПП,365000,288000.0,1999,0,1,0
5705,Toyota Allion,бензин,вариатор,1799000,130000.0,2019,0,1,0
5706,Toyota Mark X,бензин,АКПП,1500000,290000.0,2005,0,1,0
5707,Toyota Land Cruiser Prado,бензин,АКПП,2000000,115000.0,2011,0,1,0
5708,Toyota Land Cruiser Prado,бензин,АКПП,5300000,134000.0,2018,0,1,0
